"rt","stimulus","key_press","trial_type","trial_index","time_elapsed","internal_node_id","exp_id","Time","year","month","date","hour","minute","seconds","id","Activity","MentalActivity","HeartRate","age","Gender","Handedness","mood","fresh","hunger","H_since_Sleep","H_since_Eat","responses","question_order","slider_start","response"
"null","<p>Welcome to this 1 min. survey on daily rhythms, body and mood.</p><p>You will be asked to report your heart-rate</p><p>and given some questions about yourself.</p><p>Take the test when prompted and/or at different times of the day/night.</p><p>Please make a personal ID (three letters+ two numbers, e.g. ept23).</p><p>Write it down and use this ID whenever taking the test.</p>","null","html-keyboard-response","0","19810","0.0-0.0","bun5ba","Mon Oct 17 2022 18:15:00 GMT+0200 (CEST)","2022","10","17","18","15","0","qwe12","Commuting","Inner voice","91","49","male","right","50","82","21","11","6","","","",""
"6057","","","survey-text","1","25872","0.0-1.0","bun5ba","Mon Oct 17 2022 18:15:00 GMT+0200 (CEST)","2022","10","17","18","15","0","qwe12","Commuting","Inner voice","91","49","male","right","50","82","21","11","6","{""Q0"":""qwe12""}","","",""
"13992","","","survey-multi-choice","2","39867","0.0-2.0","bun5ba","Mon Oct 17 2022 18:15:00 GMT+0200 (CEST)","2022","10","17","18","15","0","qwe12","Commuting","Inner voice","91","49","male","right","50","82","21","11","6","{""Activity"":""Commuting""}","[0]","",""
"3718","","","survey-multi-choice","3","43589","0.0-3.0","bun5ba","Mon Oct 17 2022 18:15:00 GMT+0200 (CEST)","2022","10","17","18","15","0","qwe12","Commuting","Inner voice","91","49","male","right","50","82","21","11","6","{""MentalActivity"":""Inner voice""}","[0]","",""
"11427","","","survey-multi-choice","4","55022","0.0-4.0","bun5ba","Mon Oct 17 2022 18:15:00 GMT+0200 (CEST)","2022","10","17","18","15","0","qwe12","Commuting","Inner voice","91","49","male","right","50","82","21","11","6","{""HeartRate"":""91""}","[0]","",""
"4543.999999999993","","","survey-text","5","59575","0.0-5.0","bun5ba","Mon Oct 17 2022 18:15:00 GMT+0200 (CEST)","2022","10","17","18","15","0","qwe12","Commuting","Inner voice","91","49","male","right","50","82","21","11","6","{""Q0"":""49""}","","",""
"5451","","","survey-multi-choice","6","65030","0.0-6.0","bun5ba","Mon Oct 17 2022 18:15:00 GMT+0200 (CEST)","2022","10","17","18","15","0","qwe12","Commuting","Inner voice","91","49","male","right","50","82","21","11","6","{""Gender"":""male"",""Hand"":""right""}","[0,1]","",""
"522.9999999999927","<p>How Sad/Angry or Happy are you right now?</p>","","html-slider-response","7","65557","0.0-7.0","bun5ba","Mon Oct 17 2022 18:15:00 GMT+0200 (CEST)","2022","10","17","18","15","0","qwe12","Commuting","Inner voice","91","49","male","right","50","82","21","11","6","","","50","50"
"10254.000000000015","<p>How Tired/Sleepy/Distracted or Fresh/Awake/Alert are you right now?</p>","","html-slider-response","8","75813","0.0-8.0","bun5ba","Mon Oct 17 2022 18:15:00 GMT+0200 (CEST)","2022","10","17","18","15","0","qwe12","Commuting","Inner voice","91","49","male","right","50","82","21","11","6","","","50","82"
"5133","<p>How Hungry or Satiated are you right now?</p>","","html-slider-response","9","80949","0.0-9.0","bun5ba","Mon Oct 17 2022 18:15:00 GMT+0200 (CEST)","2022","10","17","18","15","0","qwe12","Commuting","Inner voice","91","49","male","right","50","82","21","11","6","","","50","21"
"29568.999999999985","","","survey-multi-choice","10","110524","0.0-10.0","bun5ba","Mon Oct 17 2022 18:15:00 GMT+0200 (CEST)","2022","10","17","18","15","0","qwe12","Commuting","Inner voice","91","49","male","right","50","82","21","11","6","{""Sleep"":""11"",""Eat"":""6""}","[0,1]","",""
