"rt","stimulus","key_press","trial_type","trial_index","time_elapsed","internal_node_id","exp_id","Time","year","month","date","hour","minute","seconds","id","Activity","MentalActivity","HeartRate","age","Gender","Handedness","mood","fresh","hunger","H_since_Sleep","H_since_Eat","responses","question_order","slider_start","response"
"null","<p>Welcome to this 1 min. survey on daily rhythms, body and mood.</p><p>You will be asked to report your heart-rate</p><p>and given some questions about yourself.</p><p>Take the test when prompted and/or at different times of the day/night.</p><p>Please make a personal ID (three letters+ two numbers, e.g. ept23).</p><p>Write it down and use this ID whenever taking the test.</p>","null","html-keyboard-response","0","10007","0.0-0.0","8lczqq","Sun Oct 30 2022 16:22:26 GMT+0100 (Centraleuropæisk normaltid)","2022","10","30","16","22","26","qwe12","Sleeping, Resting","Inner voice","62","49","male","right","56","43","60","0","2","","","",""
"10903.000000000004","","","survey-text","1","20929","0.0-1.0","8lczqq","Sun Oct 30 2022 16:22:26 GMT+0100 (Centraleuropæisk normaltid)","2022","10","30","16","22","26","qwe12","Sleeping, Resting","Inner voice","62","49","male","right","56","43","60","0","2","{""Q0"":""qwe12""}","","",""
"8033.000000000004","","","survey-multi-choice","2","28965","0.0-2.0","8lczqq","Sun Oct 30 2022 16:22:26 GMT+0100 (Centraleuropæisk normaltid)","2022","10","30","16","22","26","qwe12","Sleeping, Resting","Inner voice","62","49","male","right","56","43","60","0","2","{""Activity"":""Sleeping, Resting""}","[0]","",""
"4991.999999999996","","","survey-multi-choice","3","33960","0.0-3.0","8lczqq","Sun Oct 30 2022 16:22:26 GMT+0100 (Centraleuropæisk normaltid)","2022","10","30","16","22","26","qwe12","Sleeping, Resting","Inner voice","62","49","male","right","56","43","60","0","2","{""MentalActivity"":""Inner voice""}","[0]","",""
"14831","","","survey-multi-choice","4","48798","0.0-4.0","8lczqq","Sun Oct 30 2022 16:22:26 GMT+0100 (Centraleuropæisk normaltid)","2022","10","30","16","22","26","qwe12","Sleeping, Resting","Inner voice","62","49","male","right","56","43","60","0","2","{""HeartRate"":""62""}","[0]","",""
"4342","","","survey-text","5","53149","0.0-5.0","8lczqq","Sun Oct 30 2022 16:22:26 GMT+0100 (Centraleuropæisk normaltid)","2022","10","30","16","22","26","qwe12","Sleeping, Resting","Inner voice","62","49","male","right","56","43","60","0","2","{""Q0"":""49""}","","",""
"3949","","","survey-multi-choice","6","57100","0.0-6.0","8lczqq","Sun Oct 30 2022 16:22:26 GMT+0100 (Centraleuropæisk normaltid)","2022","10","30","16","22","26","qwe12","Sleeping, Resting","Inner voice","62","49","male","right","56","43","60","0","2","{""Gender"":""male"",""Hand"":""right""}","[0,1]","",""
"6730","<p>How Sad/Angry or Happy are you right now?</p>","","html-slider-response","7","63834","0.0-7.0","8lczqq","Sun Oct 30 2022 16:22:26 GMT+0100 (Centraleuropæisk normaltid)","2022","10","30","16","22","26","qwe12","Sleeping, Resting","Inner voice","62","49","male","right","56","43","60","0","2","","","50","56"
"6560.999999999993","<p>How Tired/Sleepy/Distracted or Fresh/Awake/Alert are you right now?</p>","","html-slider-response","8","70397","0.0-8.0","8lczqq","Sun Oct 30 2022 16:22:26 GMT+0100 (Centraleuropæisk normaltid)","2022","10","30","16","22","26","qwe12","Sleeping, Resting","Inner voice","62","49","male","right","56","43","60","0","2","","","50","43"
"3365","<p>How Hungry or Satiated are you right now?</p>","","html-slider-response","9","73764","0.0-9.0","8lczqq","Sun Oct 30 2022 16:22:26 GMT+0100 (Centraleuropæisk normaltid)","2022","10","30","16","22","26","qwe12","Sleeping, Resting","Inner voice","62","49","male","right","56","43","60","0","2","","","50","60"
"13158","","","survey-multi-choice","10","86928","0.0-10.0","8lczqq","Sun Oct 30 2022 16:22:26 GMT+0100 (Centraleuropæisk normaltid)","2022","10","30","16","22","26","qwe12","Sleeping, Resting","Inner voice","62","49","male","right","56","43","60","0","2","{""Sleep"":""0"",""Eat"":""2""}","[0,1]","",""
