"rt","stimulus","key_press","trial_type","trial_index","time_elapsed","internal_node_id","exp_id","Time","year","month","date","hour","minute","seconds","id","HeartRate","age","Gender","Handedness","mood","fresh","hunger","H_since_Sleep","H_since_Eat","Activity","MentalActivity","responses","question_order","slider_start","response"
"null","<p>Welcome to this 1 min. survey on daily rhythms, body and mood.</p><p>You will be asked to report your heart-rate</p><p>and given some questions about yourself.</p><p>Take the test when prompted and/or at different times of the day/night.</p><p>Please make a personal ID (three letters+ two numbers, e.g. ept23).</p><p>Write it down and use this ID whenever taking the test.</p>","null","html-keyboard-response","0","10020","0.0-0.0","cjc1w2","Thu Sep 08 2022 16:30:06 GMT+0200 (中欧夏令时间)","2022","9","8","16","30","6","jqi11","78","28","female","right","100","91","100","6","4","Working, Studying","Sensory awareness","","","",""
"441912.8000000119","","","survey-text","1","451983","0.0-1.0","cjc1w2","Thu Sep 08 2022 16:30:06 GMT+0200 (中欧夏令时间)","2022","9","8","16","30","6","jqi11","78","28","female","right","100","91","100","6","4","Working, Studying","Sensory awareness","{""Q0"":""jqi11""}","","",""
"25336.200000047684","","","survey-multi-choice","2","477361","0.0-2.0","cjc1w2","Thu Sep 08 2022 16:30:06 GMT+0200 (中欧夏令时间)","2022","9","8","16","30","6","jqi11","78","28","female","right","100","91","100","6","4","Working, Studying","Sensory awareness","{""HeartRate"":""78""}","[0]","",""
"12601.400000035763","","","survey-text","3","489976","0.0-3.0","cjc1w2","Thu Sep 08 2022 16:30:06 GMT+0200 (中欧夏令时间)","2022","9","8","16","30","6","jqi11","78","28","female","right","100","91","100","6","4","Working, Studying","Sensory awareness","{""Q0"":""28""}","","",""
"9402.5","","","survey-multi-choice","4","499384","0.0-4.0","cjc1w2","Thu Sep 08 2022 16:30:06 GMT+0200 (中欧夏令时间)","2022","9","8","16","30","6","jqi11","78","28","female","right","100","91","100","6","4","Working, Studying","Sensory awareness","{""Gender"":""female"",""Hand"":""right""}","[0,1]","",""
"70113.80000001192","<p>How Sad/Angry or Happy are you right now?</p>","","html-slider-response","5","569585","0.0-5.0","cjc1w2","Thu Sep 08 2022 16:30:06 GMT+0200 (中欧夏令时间)","2022","9","8","16","30","6","jqi11","78","28","female","right","100","91","100","6","4","Working, Studying","Sensory awareness","","","50","100"
"11969.5","<p>How Tired/Sleepy/Distracted or Fresh/Awake/Alert are you right now?</p>","","html-slider-response","6","581560","0.0-6.0","cjc1w2","Thu Sep 08 2022 16:30:06 GMT+0200 (中欧夏令时间)","2022","9","8","16","30","6","jqi11","78","28","female","right","100","91","100","6","4","Working, Studying","Sensory awareness","","","50","91"
"4986.600000023842","<p>How Hungry or Satiated are you right now?</p>","","html-slider-response","7","586549","0.0-7.0","cjc1w2","Thu Sep 08 2022 16:30:06 GMT+0200 (中欧夏令时间)","2022","9","8","16","30","6","jqi11","78","28","female","right","100","91","100","6","4","Working, Studying","Sensory awareness","","","50","100"
"230276.09999996424","","","survey-multi-choice","8","816836","0.0-8.0","cjc1w2","Thu Sep 08 2022 16:30:06 GMT+0200 (中欧夏令时间)","2022","9","8","16","30","6","jqi11","78","28","female","right","100","91","100","6","4","Working, Studying","Sensory awareness","{""Sleep"":""6"",""Eat"":""4""}","[0,1]","",""
"7258.600000023842","","","survey-multi-choice","9","824102","0.0-9.0","cjc1w2","Thu Sep 08 2022 16:30:06 GMT+0200 (中欧夏令时间)","2022","9","8","16","30","6","jqi11","78","28","female","right","100","91","100","6","4","Working, Studying","Sensory awareness","{""Activity"":""Working, Studying""}","[0]","",""
"166693.39999997616","","","survey-multi-choice","10","990845","0.0-10.0","cjc1w2","Thu Sep 08 2022 16:30:06 GMT+0200 (中欧夏令时间)","2022","9","8","16","30","6","jqi11","78","28","female","right","100","91","100","6","4","Working, Studying","Sensory awareness","{""MentalActivity"":""Sensory awareness""}","[0]","",""
