"rt","stimulus","key_press","trial_type","trial_index","time_elapsed","internal_node_id","exp_id","Time","year","month","date","hour","minute","seconds","id","HeartRate","age","Gender","Handedness","mood","fresh","hunger","H_since_Sleep","H_since_Eat","Activity","MentalActivity","responses","question_order","slider_start","response"
"null","<p>Welcome to this 1 min. survey on daily rhythms, body and mood.</p><p>You will be asked to report your heart-rate</p><p>and given some questions about yourself.</p><p>Take the test when prompted and/or at different times of the day/night.</p><p>Please make a personal ID (three letters+ two numbers, e.g. ept23).</p><p>Write it down and use this ID whenever taking the test.</p>","null","html-keyboard-response","0","10021","0.0-0.0","r7ynor","Thu Sep 08 2022 16:35:46 GMT+0200 (Centraleuropæisk sommertid)","2022","9","8","16","35","46","pid10","60","23","female","right","58","33","15","9","4","Working, Studying","Unsymbolized thinking","","","",""
"60971.09999990463","","","survey-text","1","71011","0.0-1.0","r7ynor","Thu Sep 08 2022 16:35:46 GMT+0200 (Centraleuropæisk sommertid)","2022","9","8","16","35","46","pid10","60","23","female","right","58","33","15","9","4","Working, Studying","Unsymbolized thinking","{""Q0"":""pid10""}","","",""
"19670","","","survey-multi-choice","2","90690","0.0-2.0","r7ynor","Thu Sep 08 2022 16:35:46 GMT+0200 (Centraleuropæisk sommertid)","2022","9","8","16","35","46","pid10","60","23","female","right","58","33","15","9","4","Working, Studying","Unsymbolized thinking","{""HeartRate"":""60""}","[0]","",""
"4716.699999809265","","","survey-text","3","95410","0.0-3.0","r7ynor","Thu Sep 08 2022 16:35:46 GMT+0200 (Centraleuropæisk sommertid)","2022","9","8","16","35","46","pid10","60","23","female","right","58","33","15","9","4","Working, Studying","Unsymbolized thinking","{""Q0"":""23""}","","",""
"4831","","","survey-multi-choice","4","100245","0.0-4.0","r7ynor","Thu Sep 08 2022 16:35:46 GMT+0200 (Centraleuropæisk sommertid)","2022","9","8","16","35","46","pid10","60","23","female","right","58","33","15","9","4","Working, Studying","Unsymbolized thinking","{""Gender"":""female"",""Hand"":""right""}","[0,1]","",""
"6235","<p>How Sad/Angry or Happy are you right now?</p>","","html-slider-response","5","106484","0.0-5.0","r7ynor","Thu Sep 08 2022 16:35:46 GMT+0200 (Centraleuropæisk sommertid)","2022","9","8","16","35","46","pid10","60","23","female","right","58","33","15","9","4","Working, Studying","Unsymbolized thinking","","","50","58"
"8155.200000286102","<p>How Tired/Sleepy/Distracted or Fresh/Awake/Alert are you right now?</p>","","html-slider-response","6","114643","0.0-6.0","r7ynor","Thu Sep 08 2022 16:35:46 GMT+0200 (Centraleuropæisk sommertid)","2022","9","8","16","35","46","pid10","60","23","female","right","58","33","15","9","4","Working, Studying","Unsymbolized thinking","","","50","33"
"6815.400000095367","<p>How Hungry or Satiated are you right now?</p>","","html-slider-response","7","121461","0.0-7.0","r7ynor","Thu Sep 08 2022 16:35:46 GMT+0200 (Centraleuropæisk sommertid)","2022","9","8","16","35","46","pid10","60","23","female","right","58","33","15","9","4","Working, Studying","Unsymbolized thinking","","","50","15"
"39919","","","survey-multi-choice","8","161386","0.0-8.0","r7ynor","Thu Sep 08 2022 16:35:46 GMT+0200 (Centraleuropæisk sommertid)","2022","9","8","16","35","46","pid10","60","23","female","right","58","33","15","9","4","Working, Studying","Unsymbolized thinking","{""Sleep"":""9"",""Eat"":""4""}","[0,1]","",""
"50546.300000190735","","","survey-multi-choice","9","211937","0.0-9.0","r7ynor","Thu Sep 08 2022 16:35:46 GMT+0200 (Centraleuropæisk sommertid)","2022","9","8","16","35","46","pid10","60","23","female","right","58","33","15","9","4","Working, Studying","Unsymbolized thinking","{""Activity"":""Working, Studying""}","[0]","",""
"21232.10000038147","","","survey-multi-choice","10","233175","0.0-10.0","r7ynor","Thu Sep 08 2022 16:35:46 GMT+0200 (Centraleuropæisk sommertid)","2022","9","8","16","35","46","pid10","60","23","female","right","58","33","15","9","4","Working, Studying","Unsymbolized thinking","{""MentalActivity"":""Unsymbolized thinking""}","[0]","",""
