"rt","stimulus","key_press","trial_type","trial_index","time_elapsed","internal_node_id","exp_id","Time","year","month","date","hour","minute","seconds","id","HeartRate","age","Gender","Handedness","mood","fresh","hunger","H_since_Sleep","H_since_Eat","Activity","MentalActivity","responses","question_order","slider_start","response"
"null","<p>Welcome to this 1 min. survey on daily rhythms, body and mood.</p><p>You will be asked to report your heart-rate</p><p>and given some questions about yourself.</p><p>Take the test when prompted and/or at different times of the day/night.</p><p>Please make a personal ID (three letters+ two numbers, e.g. ept23).</p><p>Write it down and use this ID whenever taking the test.</p>","null","html-keyboard-response","0","10014","0.0-0.0","q96w19","Thu Sep 08 2022 19:12:57 GMT+0200 (CEST)","2022","9","8","19","12","57","www111","46","25","male","right","55","76","12","13","4","Working, Studying","Inner voice","","","",""
"17725","","","survey-text","1","27768","0.0-1.0","q96w19","Thu Sep 08 2022 19:12:57 GMT+0200 (CEST)","2022","9","8","19","12","57","www111","46","25","male","right","55","76","12","13","4","Working, Studying","Inner voice","{""Q0"":""www111""}","","",""
"100999","","","survey-multi-choice","2","128775","0.0-2.0","q96w19","Thu Sep 08 2022 19:12:57 GMT+0200 (CEST)","2022","9","8","19","12","57","www111","46","25","male","right","55","76","12","13","4","Working, Studying","Inner voice","{""HeartRate"":""46""}","[0]","",""
"5785.000000000044","","","survey-text","3","134575","0.0-3.0","q96w19","Thu Sep 08 2022 19:12:57 GMT+0200 (CEST)","2022","9","8","19","12","57","www111","46","25","male","right","55","76","12","13","4","Working, Studying","Inner voice","{""Q0"":""25""}","","",""
"4409","","","survey-multi-choice","4","138988","0.0-4.0","q96w19","Thu Sep 08 2022 19:12:57 GMT+0200 (CEST)","2022","9","8","19","12","57","www111","46","25","male","right","55","76","12","13","4","Working, Studying","Inner voice","{""Gender"":""male"",""Hand"":""right""}","[0,1]","",""
"5185","<p>How Sad/Angry or Happy are you right now?</p>","","html-slider-response","5","144182","0.0-5.0","q96w19","Thu Sep 08 2022 19:12:57 GMT+0200 (CEST)","2022","9","8","19","12","57","www111","46","25","male","right","55","76","12","13","4","Working, Studying","Inner voice","","","50","55"
"9012","<p>How Tired/Sleepy/Distracted or Fresh/Awake/Alert are you right now?</p>","","html-slider-response","6","153199","0.0-6.0","q96w19","Thu Sep 08 2022 19:12:57 GMT+0200 (CEST)","2022","9","8","19","12","57","www111","46","25","male","right","55","76","12","13","4","Working, Studying","Inner voice","","","50","76"
"5352","<p>How Hungry or Satiated are you right now?</p>","","html-slider-response","7","158556","0.0-7.0","q96w19","Thu Sep 08 2022 19:12:57 GMT+0200 (CEST)","2022","9","8","19","12","57","www111","46","25","male","right","55","76","12","13","4","Working, Studying","Inner voice","","","50","12"
"21562","","","survey-multi-choice","8","180126","0.0-8.0","q96w19","Thu Sep 08 2022 19:12:57 GMT+0200 (CEST)","2022","9","8","19","12","57","www111","46","25","male","right","55","76","12","13","4","Working, Studying","Inner voice","{""Sleep"":""13"",""Eat"":""4""}","[0,1]","",""
"8094","","","survey-multi-choice","9","188225","0.0-9.0","q96w19","Thu Sep 08 2022 19:12:57 GMT+0200 (CEST)","2022","9","8","19","12","57","www111","46","25","male","right","55","76","12","13","4","Working, Studying","Inner voice","{""Activity"":""Working, Studying""}","[0]","",""
"16456","","","survey-multi-choice","10","204703","0.0-10.0","q96w19","Thu Sep 08 2022 19:12:57 GMT+0200 (CEST)","2022","9","8","19","12","57","www111","46","25","male","right","55","76","12","13","4","Working, Studying","Inner voice","{""MentalActivity"":""Inner voice""}","[0]","",""
