"rt","stimulus","key_press","trial_type","trial_index","time_elapsed","internal_node_id","exp_id","Time","year","month","date","hour","minute","seconds","id","Activity","MentalActivity","HeartRate","age","Gender","Handedness","mood","fresh","hunger","H_since_Sleep","H_since_Eat","responses","question_order","slider_start","response"
"null","<p>Welcome to this 1 min. survey on daily rhythms, body and mood.</p><p>You will be asked to report your heart-rate</p><p>and given some questions about yourself.</p><p>Take the test when prompted and/or at different times of the day/night.</p><p>Please make a personal ID (three letters+ two numbers, e.g. ept23).</p><p>Write it down and use this ID whenever taking the test.</p>","null","html-keyboard-response","0","14030","0.0-0.0","4fsg7f","Sat Sep 24 2022 14:21:29 GMT+0200 (CEST)","2022","9","24","14","21","29","qwe12","Commuting","Inner voice","71","49","male","right","75","85","81","2","1","","","",""
"7463.999999999998","","","survey-text","1","21506","0.0-1.0","4fsg7f","Sat Sep 24 2022 14:21:29 GMT+0200 (CEST)","2022","9","24","14","21","29","qwe12","Commuting","Inner voice","71","49","male","right","75","85","81","2","1","{""Q0"":""qwe12""}","","",""
"6350","","","survey-multi-choice","2","27860","0.0-2.0","4fsg7f","Sat Sep 24 2022 14:21:29 GMT+0200 (CEST)","2022","9","24","14","21","29","qwe12","Commuting","Inner voice","71","49","male","right","75","85","81","2","1","{""Activity"":""Commuting""}","[0]","",""
"3844","","","survey-multi-choice","3","31706","0.0-3.0","4fsg7f","Sat Sep 24 2022 14:21:29 GMT+0200 (CEST)","2022","9","24","14","21","29","qwe12","Commuting","Inner voice","71","49","male","right","75","85","81","2","1","{""MentalActivity"":""Inner voice""}","[0]","",""
"6347","","","survey-multi-choice","4","38060","0.0-4.0","4fsg7f","Sat Sep 24 2022 14:21:29 GMT+0200 (CEST)","2022","9","24","14","21","29","qwe12","Commuting","Inner voice","71","49","male","right","75","85","81","2","1","{""HeartRate"":""71""}","[0]","",""
"5095.000000000007","","","survey-text","5","43163","0.0-5.0","4fsg7f","Sat Sep 24 2022 14:21:29 GMT+0200 (CEST)","2022","9","24","14","21","29","qwe12","Commuting","Inner voice","71","49","male","right","75","85","81","2","1","{""Q0"":""49""}","","",""
"5151","","","survey-multi-choice","6","48316","0.0-6.0","4fsg7f","Sat Sep 24 2022 14:21:29 GMT+0200 (CEST)","2022","9","24","14","21","29","qwe12","Commuting","Inner voice","71","49","male","right","75","85","81","2","1","{""Gender"":""male"",""Hand"":""right""}","[0,1]","",""
"4142","<p>How Sad/Angry or Happy are you right now?</p>","","html-slider-response","7","52463","0.0-7.0","4fsg7f","Sat Sep 24 2022 14:21:29 GMT+0200 (CEST)","2022","9","24","14","21","29","qwe12","Commuting","Inner voice","71","49","male","right","75","85","81","2","1","","","50","75"
"8884.000000000007","<p>How Tired/Sleepy/Distracted or Fresh/Awake/Alert are you right now?</p>","","html-slider-response","8","61349","0.0-8.0","4fsg7f","Sat Sep 24 2022 14:21:29 GMT+0200 (CEST)","2022","9","24","14","21","29","qwe12","Commuting","Inner voice","71","49","male","right","75","85","81","2","1","","","50","85"
"7883.999999999993","<p>How Hungry or Satiated are you right now?</p>","","html-slider-response","9","69236","0.0-9.0","4fsg7f","Sat Sep 24 2022 14:21:29 GMT+0200 (CEST)","2022","9","24","14","21","29","qwe12","Commuting","Inner voice","71","49","male","right","75","85","81","2","1","","","50","81"
"21100.000000000015","","","survey-multi-choice","10","90342","0.0-10.0","4fsg7f","Sat Sep 24 2022 14:21:29 GMT+0200 (CEST)","2022","9","24","14","21","29","qwe12","Commuting","Inner voice","71","49","male","right","75","85","81","2","1","{""Sleep"":""2"",""Eat"":""1""}","[0,1]","",""
