"rt","stimulus","key_press","trial_type","trial_index","time_elapsed","internal_node_id","exp_id","Time","year","month","date","hour","minute","seconds","id","Activity","MentalActivity","HeartRate","age","Gender","Handedness","mood","fresh","hunger","H_since_Sleep","H_since_Eat","responses","question_order","slider_start","response"
"null","<p>Welcome to this 1 min. survey on daily rhythms, body and mood.</p><p>You will be asked to report your heart-rate</p><p>and given some questions about yourself.</p><p>Take the test when prompted and/or at different times of the day/night.</p><p>Please make a personal ID (three letters+ two numbers, e.g. ept23).</p><p>Write it down and use this ID whenever taking the test.</p>","null","html-keyboard-response","0","10011","0.0-0.0","gxnoky","Tue Sep 27 2022 07:26:46 GMT+0200 (CEST)","2022","9","27","7","26","46","hej12","Drinking","Sensory awareness","85","25","female","right","73","29","79","0","12","","","",""
"6619","","","survey-text","1","16658","0.0-1.0","gxnoky","Tue Sep 27 2022 07:26:46 GMT+0200 (CEST)","2022","9","27","7","26","46","hej12","Drinking","Sensory awareness","85","25","female","right","73","29","79","0","12","{""Q0"":""hej12""}","","",""
"32014","","","survey-multi-choice","2","48675","0.0-2.0","gxnoky","Tue Sep 27 2022 07:26:46 GMT+0200 (CEST)","2022","9","27","7","26","46","hej12","Drinking","Sensory awareness","85","25","female","right","73","29","79","0","12","{""Activity"":""Drinking""}","[0]","",""
"5311","","","survey-multi-choice","3","53989","0.0-3.0","gxnoky","Tue Sep 27 2022 07:26:46 GMT+0200 (CEST)","2022","9","27","7","26","46","hej12","Drinking","Sensory awareness","85","25","female","right","73","29","79","0","12","{""MentalActivity"":""Sensory awareness""}","[0]","",""
"5432","","","survey-multi-choice","4","59429","0.0-4.0","gxnoky","Tue Sep 27 2022 07:26:46 GMT+0200 (CEST)","2022","9","27","7","26","46","hej12","Drinking","Sensory awareness","85","25","female","right","73","29","79","0","12","{""HeartRate"":""85""}","[0]","",""
"4661.999999999993","","","survey-text","5","64099","0.0-5.0","gxnoky","Tue Sep 27 2022 07:26:46 GMT+0200 (CEST)","2022","9","27","7","26","46","hej12","Drinking","Sensory awareness","85","25","female","right","73","29","79","0","12","{""Q0"":""25""}","","",""
"3233","","","survey-multi-choice","6","67335","0.0-6.0","gxnoky","Tue Sep 27 2022 07:26:46 GMT+0200 (CEST)","2022","9","27","7","26","46","hej12","Drinking","Sensory awareness","85","25","female","right","73","29","79","0","12","{""Gender"":""female"",""Hand"":""right""}","[0,1]","",""
"3262.0000000000146","<p>How Sad/Angry or Happy are you right now?</p>","","html-slider-response","7","70602","0.0-7.0","gxnoky","Tue Sep 27 2022 07:26:46 GMT+0200 (CEST)","2022","9","27","7","26","46","hej12","Drinking","Sensory awareness","85","25","female","right","73","29","79","0","12","","","50","73"
"5742.999999999985","<p>How Tired/Sleepy/Distracted or Fresh/Awake/Alert are you right now?</p>","","html-slider-response","8","76346","0.0-8.0","gxnoky","Tue Sep 27 2022 07:26:46 GMT+0200 (CEST)","2022","9","27","7","26","46","hej12","Drinking","Sensory awareness","85","25","female","right","73","29","79","0","12","","","50","29"
"4102","<p>How Hungry or Satiated are you right now?</p>","","html-slider-response","9","80452","0.0-9.0","gxnoky","Tue Sep 27 2022 07:26:46 GMT+0200 (CEST)","2022","9","27","7","26","46","hej12","Drinking","Sensory awareness","85","25","female","right","73","29","79","0","12","","","50","79"
"23180","","","survey-multi-choice","10","103638","0.0-10.0","gxnoky","Tue Sep 27 2022 07:26:46 GMT+0200 (CEST)","2022","9","27","7","26","46","hej12","Drinking","Sensory awareness","85","25","female","right","73","29","79","0","12","{""Sleep"":""0"",""Eat"":""12""}","[0,1]","",""
