"rt","stimulus","key_press","trial_type","trial_index","time_elapsed","internal_node_id","exp_id","Time","year","month","date","hour","minute","seconds","id","Activity","MentalActivity","HeartRate","age","Gender","Handedness","mood","fresh","hunger","H_since_Sleep","H_since_Eat","responses","question_order","slider_start","response"
"null","<p>Welcome to this 1 min. survey on daily rhythms, body and mood.</p><p>You will be asked to report your heart-rate</p><p>and given some questions about yourself.</p><p>Take the test when prompted and/or at different times of the day/night.</p><p>Please make a personal ID (three letters+ two numbers, e.g. ept23).</p><p>Write it down and use this ID whenever taking the test.</p>","null","html-keyboard-response","0","47650","0.0-0.0","vy8kww","Thu Sep 15 2022 20:06:56 GMT+0200 (CEST)","2022","9","15","20","6","56","dan72","Other","Sensory awareness","66","23","female","left","74","16","86","13","0","","","",""
"8803.999999999993","","","survey-text","1","56504","0.0-1.0","vy8kww","Thu Sep 15 2022 20:06:56 GMT+0200 (CEST)","2022","9","15","20","6","56","dan72","Other","Sensory awareness","66","23","female","left","74","16","86","13","0","{""Q0"":""dan72""}","","",""
"35874","","","survey-multi-choice","2","92393","0.0-2.0","vy8kww","Thu Sep 15 2022 20:06:56 GMT+0200 (CEST)","2022","9","15","20","6","56","dan72","Other","Sensory awareness","66","23","female","left","74","16","86","13","0","{""Activity"":""Other""}","[0]","",""
"6879","","","survey-multi-choice","3","99277","0.0-3.0","vy8kww","Thu Sep 15 2022 20:06:56 GMT+0200 (CEST)","2022","9","15","20","6","56","dan72","Other","Sensory awareness","66","23","female","left","74","16","86","13","0","{""MentalActivity"":""Sensory awareness""}","[0]","",""
"8144","","","survey-multi-choice","4","107432","0.0-4.0","vy8kww","Thu Sep 15 2022 20:06:56 GMT+0200 (CEST)","2022","9","15","20","6","56","dan72","Other","Sensory awareness","66","23","female","left","74","16","86","13","0","{""HeartRate"":""66""}","[0]","",""
"3175.0000000000146","","","survey-text","5","110617","0.0-5.0","vy8kww","Thu Sep 15 2022 20:06:56 GMT+0200 (CEST)","2022","9","15","20","6","56","dan72","Other","Sensory awareness","66","23","female","left","74","16","86","13","0","{""Q0"":""23""}","","",""
"4202","","","survey-multi-choice","6","114824","0.0-6.0","vy8kww","Thu Sep 15 2022 20:06:56 GMT+0200 (CEST)","2022","9","15","20","6","56","dan72","Other","Sensory awareness","66","23","female","left","74","16","86","13","0","{""Gender"":""female"",""Hand"":""left""}","[0,1]","",""
"9355","<p>How Sad/Angry or Happy are you right now?</p>","","html-slider-response","7","124187","0.0-7.0","vy8kww","Thu Sep 15 2022 20:06:56 GMT+0200 (CEST)","2022","9","15","20","6","56","dan72","Other","Sensory awareness","66","23","female","left","74","16","86","13","0","","","50","74"
"7002","<p>How Tired/Sleepy/Distracted or Fresh/Awake/Alert are you right now?</p>","","html-slider-response","8","131191","0.0-8.0","vy8kww","Thu Sep 15 2022 20:06:56 GMT+0200 (CEST)","2022","9","15","20","6","56","dan72","Other","Sensory awareness","66","23","female","left","74","16","86","13","0","","","50","16"
"8226","<p>How Hungry or Satiated are you right now?</p>","","html-slider-response","9","139421","0.0-9.0","vy8kww","Thu Sep 15 2022 20:06:56 GMT+0200 (CEST)","2022","9","15","20","6","56","dan72","Other","Sensory awareness","66","23","female","left","74","16","86","13","0","","","50","86"
"25362","","","survey-multi-choice","10","164791","0.0-10.0","vy8kww","Thu Sep 15 2022 20:06:56 GMT+0200 (CEST)","2022","9","15","20","6","56","dan72","Other","Sensory awareness","66","23","female","left","74","16","86","13","0","{""Sleep"":""13"",""Eat"":""0""}","[0,1]","",""
