"rt","stimulus","key_press","trial_type","trial_index","time_elapsed","internal_node_id","exp_id","Time","year","month","date","hour","minute","seconds","id","Activity","MentalActivity","HeartRate","age","Gender","Handedness","mood","fresh","hunger","H_since_Sleep","H_since_Eat","responses","question_order","slider_start","response"
"null","<p>Welcome to this 1 min. survey on daily rhythms, body and mood.</p><p>You will be asked to report your heart-rate</p><p>and given some questions about yourself.</p><p>Take the test when prompted and/or at different times of the day/night.</p><p>Please make a personal ID (three letters+ two numbers, e.g. ept23).</p><p>Write it down and use this ID whenever taking the test.</p>","null","html-keyboard-response","0","10006","0.0-0.0","3jctk7","Wed Nov 02 2022 14:14:41 GMT+0100 (CET)","2022","11","2","14","14","41","pid10","Texting, Emailing, Social Networking","Sensory awareness","78","23","female","right","72","73","73","7","3","","","",""
"12714","","","survey-text","1","22733","0.0-1.0","3jctk7","Wed Nov 02 2022 14:14:41 GMT+0100 (CET)","2022","11","2","14","14","41","pid10","Texting, Emailing, Social Networking","Sensory awareness","78","23","female","right","72","73","73","7","3","{""Q0"":""pid10""}","","",""
"40776","","","survey-multi-choice","2","63514","0.0-2.0","3jctk7","Wed Nov 02 2022 14:14:41 GMT+0100 (CET)","2022","11","2","14","14","41","pid10","Texting, Emailing, Social Networking","Sensory awareness","78","23","female","right","72","73","73","7","3","{""Activity"":""Texting, Emailing, Social Networking""}","[0]","",""
"4415","","","survey-multi-choice","3","67931","0.0-3.0","3jctk7","Wed Nov 02 2022 14:14:41 GMT+0100 (CET)","2022","11","2","14","14","41","pid10","Texting, Emailing, Social Networking","Sensory awareness","78","23","female","right","72","73","73","7","3","{""MentalActivity"":""Sensory awareness""}","[0]","",""
"4577","","","survey-multi-choice","4","72516","0.0-4.0","3jctk7","Wed Nov 02 2022 14:14:41 GMT+0100 (CET)","2022","11","2","14","14","41","pid10","Texting, Emailing, Social Networking","Sensory awareness","78","23","female","right","72","73","73","7","3","{""HeartRate"":""78""}","[0]","",""
"5728","","","survey-text","5","78252","0.0-5.0","3jctk7","Wed Nov 02 2022 14:14:41 GMT+0100 (CET)","2022","11","2","14","14","41","pid10","Texting, Emailing, Social Networking","Sensory awareness","78","23","female","right","72","73","73","7","3","{""Q0"":""23""}","","",""
"5272.999999999985","","","survey-multi-choice","6","83528","0.0-6.0","3jctk7","Wed Nov 02 2022 14:14:41 GMT+0100 (CET)","2022","11","2","14","14","41","pid10","Texting, Emailing, Social Networking","Sensory awareness","78","23","female","right","72","73","73","7","3","{""Gender"":""female"",""Hand"":""right""}","[0,1]","",""
"3989","<p>How Sad/Angry or Happy are you right now?</p>","","html-slider-response","7","87520","0.0-7.0","3jctk7","Wed Nov 02 2022 14:14:41 GMT+0100 (CET)","2022","11","2","14","14","41","pid10","Texting, Emailing, Social Networking","Sensory awareness","78","23","female","right","72","73","73","7","3","","","50","72"
"3315","<p>How Tired/Sleepy/Distracted or Fresh/Awake/Alert are you right now?</p>","","html-slider-response","8","90838","0.0-8.0","3jctk7","Wed Nov 02 2022 14:14:41 GMT+0100 (CET)","2022","11","2","14","14","41","pid10","Texting, Emailing, Social Networking","Sensory awareness","78","23","female","right","72","73","73","7","3","","","50","73"
"4253","<p>How Hungry or Satiated are you right now?</p>","","html-slider-response","9","95094","0.0-9.0","3jctk7","Wed Nov 02 2022 14:14:41 GMT+0100 (CET)","2022","11","2","14","14","41","pid10","Texting, Emailing, Social Networking","Sensory awareness","78","23","female","right","72","73","73","7","3","","","50","73"
"12227","","","survey-multi-choice","10","107327","0.0-10.0","3jctk7","Wed Nov 02 2022 14:14:41 GMT+0100 (CET)","2022","11","2","14","14","41","pid10","Texting, Emailing, Social Networking","Sensory awareness","78","23","female","right","72","73","73","7","3","{""Sleep"":""7"",""Eat"":""3""}","[0,1]","",""
