"rt","stimulus","key_press","trial_type","trial_index","time_elapsed","internal_node_id","exp_id","Time","year","month","date","hour","minute","seconds","id","Activity","MentalActivity","HeartRate","age","Gender","Handedness","mood","fresh","hunger","H_since_Sleep","H_since_Eat","responses","question_order","slider_start","response"
"null","<p>Welcome to this 1 min. survey on daily rhythms, body and mood.</p><p>You will be asked to report your heart-rate</p><p>and given some questions about yourself.</p><p>Take the test when prompted and/or at different times of the day/night.</p><p>Please make a personal ID (three letters+ two numbers, e.g. ept23).</p><p>Write it down and use this ID whenever taking the test.</p>","null","html-keyboard-response","0","10007","0.0-0.0","pnn6vb","Tue Oct 04 2022 13:58:42 GMT+0200 (CEST)","2022","10","4","13","58","42","qwe12","Working, Studying","Sensory awareness","61","49","male","right","76","84","35","7","2","","","",""
"39185","","","survey-text","1","49214","0.0-1.0","pnn6vb","Tue Oct 04 2022 13:58:42 GMT+0200 (CEST)","2022","10","4","13","58","42","qwe12","Working, Studying","Sensory awareness","61","49","male","right","76","84","35","7","2","{""Q0"":""qwe12""}","","",""
"21924","","","survey-multi-choice","2","71142","0.0-2.0","pnn6vb","Tue Oct 04 2022 13:58:42 GMT+0200 (CEST)","2022","10","4","13","58","42","qwe12","Working, Studying","Sensory awareness","61","49","male","right","76","84","35","7","2","{""Activity"":""Working, Studying""}","[0]","",""
"198925","","","survey-multi-choice","3","270068","0.0-3.0","pnn6vb","Tue Oct 04 2022 13:58:42 GMT+0200 (CEST)","2022","10","4","13","58","42","qwe12","Working, Studying","Sensory awareness","61","49","male","right","76","84","35","7","2","{""MentalActivity"":""Sensory awareness""}","[0]","",""
"5301.999999999942","","","survey-multi-choice","4","275377","0.0-4.0","pnn6vb","Tue Oct 04 2022 13:58:42 GMT+0200 (CEST)","2022","10","4","13","58","42","qwe12","Working, Studying","Sensory awareness","61","49","male","right","76","84","35","7","2","{""HeartRate"":""61""}","[0]","",""
"5676","","","survey-text","5","281064","0.0-5.0","pnn6vb","Tue Oct 04 2022 13:58:42 GMT+0200 (CEST)","2022","10","4","13","58","42","qwe12","Working, Studying","Sensory awareness","61","49","male","right","76","84","35","7","2","{""Q0"":""49""}","","",""
"4031.000000000058","","","survey-multi-choice","6","285098","0.0-6.0","pnn6vb","Tue Oct 04 2022 13:58:42 GMT+0200 (CEST)","2022","10","4","13","58","42","qwe12","Working, Studying","Sensory awareness","61","49","male","right","76","84","35","7","2","{""Gender"":""male"",""Hand"":""right""}","[0,1]","",""
"13825.999999999942","<p>How Sad/Angry or Happy are you right now?</p>","","html-slider-response","7","298930","0.0-7.0","pnn6vb","Tue Oct 04 2022 13:58:42 GMT+0200 (CEST)","2022","10","4","13","58","42","qwe12","Working, Studying","Sensory awareness","61","49","male","right","76","84","35","7","2","","","50","76"
"6369","<p>How Tired/Sleepy/Distracted or Fresh/Awake/Alert are you right now?</p>","","html-slider-response","8","305300","0.0-8.0","pnn6vb","Tue Oct 04 2022 13:58:42 GMT+0200 (CEST)","2022","10","4","13","58","42","qwe12","Working, Studying","Sensory awareness","61","49","male","right","76","84","35","7","2","","","50","84"
"9383","<p>How Hungry or Satiated are you right now?</p>","","html-slider-response","9","314686","0.0-9.0","pnn6vb","Tue Oct 04 2022 13:58:42 GMT+0200 (CEST)","2022","10","4","13","58","42","qwe12","Working, Studying","Sensory awareness","61","49","male","right","76","84","35","7","2","","","50","35"
"21319","","","survey-multi-choice","10","336009","0.0-10.0","pnn6vb","Tue Oct 04 2022 13:58:42 GMT+0200 (CEST)","2022","10","4","13","58","42","qwe12","Working, Studying","Sensory awareness","61","49","male","right","76","84","35","7","2","{""Sleep"":""7"",""Eat"":""2""}","[0,1]","",""
