"rt","stimulus","key_press","trial_type","trial_index","time_elapsed","internal_node_id","exp_id","Time","year","month","date","hour","minute","seconds","id","Activity","MentalActivity","HeartRate","age","Gender","Handedness","mood","fresh","hunger","H_since_Sleep","H_since_Eat","responses","question_order","slider_start","response"
"null","<p>Welcome to this 1 min. survey on daily rhythms, body and mood.</p><p>You will be asked to report your heart-rate</p><p>and given some questions about yourself.</p><p>Take the test when prompted and/or at different times of the day/night.</p><p>Please make a personal ID (three letters+ two numbers, e.g. ept23).</p><p>Write it down and use this ID whenever taking the test.</p>","null","html-keyboard-response","0","10017","0.0-0.0","et4zt5","Tue Sep 13 2022 21:16:24 GMT+0200 (Central European Summer Time)","2022","9","13","21","16","24","POP33","Sleeping, Resting","Inner voice","57","25","female","right","86","31","46","15","2","","","",""
"5741.5","","","survey-text","1","15781","0.0-1.0","et4zt5","Tue Sep 13 2022 21:16:24 GMT+0200 (Central European Summer Time)","2022","9","13","21","16","24","POP33","Sleeping, Resting","Inner voice","57","25","female","right","86","31","46","15","2","{""Q0"":""POP33""}","","",""
"25208.099999964237","","","survey-multi-choice","2","41008","0.0-2.0","et4zt5","Tue Sep 13 2022 21:16:24 GMT+0200 (Central European Summer Time)","2022","9","13","21","16","24","POP33","Sleeping, Resting","Inner voice","57","25","female","right","86","31","46","15","2","{""Activity"":""Sleeping, Resting""}","[0]","",""
"4341","","","survey-multi-choice","3","45356","0.0-3.0","et4zt5","Tue Sep 13 2022 21:16:24 GMT+0200 (Central European Summer Time)","2022","9","13","21","16","24","POP33","Sleeping, Resting","Inner voice","57","25","female","right","86","31","46","15","2","{""MentalActivity"":""Inner voice""}","[0]","",""
"5595.899999976158","","","survey-multi-choice","4","50968","0.0-4.0","et4zt5","Tue Sep 13 2022 21:16:24 GMT+0200 (Central European Summer Time)","2022","9","13","21","16","24","POP33","Sleeping, Resting","Inner voice","57","25","female","right","86","31","46","15","2","{""HeartRate"":""57""}","[0]","",""
"2996.300000011921","","","survey-text","5","53975","0.0-5.0","et4zt5","Tue Sep 13 2022 21:16:24 GMT+0200 (Central European Summer Time)","2022","9","13","21","16","24","POP33","Sleeping, Resting","Inner voice","57","25","female","right","86","31","46","15","2","{""Q0"":""25""}","","",""
"3757.699999988079","","","survey-multi-choice","6","57741","0.0-6.0","et4zt5","Tue Sep 13 2022 21:16:24 GMT+0200 (Central European Summer Time)","2022","9","13","21","16","24","POP33","Sleeping, Resting","Inner voice","57","25","female","right","86","31","46","15","2","{""Gender"":""female"",""Hand"":""right""}","[0,1]","",""
"5979.300000011921","<p>How Sad/Angry or Happy are you right now?</p>","","html-slider-response","7","63729","0.0-7.0","et4zt5","Tue Sep 13 2022 21:16:24 GMT+0200 (Central European Summer Time)","2022","9","13","21","16","24","POP33","Sleeping, Resting","Inner voice","57","25","female","right","86","31","46","15","2","","","50","86"
"3558","<p>How Tired/Sleepy/Distracted or Fresh/Awake/Alert are you right now?</p>","","html-slider-response","8","67292","0.0-8.0","et4zt5","Tue Sep 13 2022 21:16:24 GMT+0200 (Central European Summer Time)","2022","9","13","21","16","24","POP33","Sleeping, Resting","Inner voice","57","25","female","right","86","31","46","15","2","","","50","31"
"5103.299999952316","<p>How Hungry or Satiated are you right now?</p>","","html-slider-response","9","72400","0.0-9.0","et4zt5","Tue Sep 13 2022 21:16:24 GMT+0200 (Central European Summer Time)","2022","9","13","21","16","24","POP33","Sleeping, Resting","Inner voice","57","25","female","right","86","31","46","15","2","","","50","46"
"42280.40000003576","","","survey-multi-choice","10","114691","0.0-10.0","et4zt5","Tue Sep 13 2022 21:16:24 GMT+0200 (Central European Summer Time)","2022","9","13","21","16","24","POP33","Sleeping, Resting","Inner voice","57","25","female","right","86","31","46","15","2","{""Sleep"":""15"",""Eat"":""2""}","[0,1]","",""
