"rt","stimulus","key_press","trial_type","trial_index","time_elapsed","internal_node_id","exp_id","Time","year","month","date","hour","minute","seconds","id","HeartRate","age","Gender","Handedness","mood","fresh","hunger","H_since_Sleep","H_since_Eat","Activity","MentalActivity","responses","question_order","slider_start","response"
"null","<p>Welcome to this 1 min. survey on daily rhythms, body and mood.</p><p>You will be asked to report your heart-rate</p><p>and given some questions about yourself.</p><p>Take the test when prompted and/or at different times of the day/night.</p><p>Please make a personal ID (three letters+ two numbers, e.g. ept23).</p><p>Write it down and use this ID whenever taking the test.</p>","null","html-keyboard-response","0","10005","0.0-0.0","y84eat","Thu Sep 08 2022 16:29:02 GMT+0200 (Central European Summer Time)","2022","9","8","16","29","2","woo55","75","23","female","right","60","29","44","0","1","Working, Studying","Inner voice","","","",""
"406440.6000000015","","","survey-text","1","416440","0.0-1.0","y84eat","Thu Sep 08 2022 16:29:02 GMT+0200 (Central European Summer Time)","2022","9","8","16","29","2","woo55","75","23","female","right","60","29","44","0","1","Working, Studying","Inner voice","{""Q0"":""woo55""}","","",""
"15014.599999997765","","","survey-multi-choice","2","431460","0.0-2.0","y84eat","Thu Sep 08 2022 16:29:02 GMT+0200 (Central European Summer Time)","2022","9","8","16","29","2","woo55","75","23","female","right","60","29","44","0","1","Working, Studying","Inner voice","{""HeartRate"":""75""}","[0]","",""
"4776.10000000149","","","survey-text","3","436239","0.0-3.0","y84eat","Thu Sep 08 2022 16:29:02 GMT+0200 (Central European Summer Time)","2022","9","8","16","29","2","woo55","75","23","female","right","60","29","44","0","1","Working, Studying","Inner voice","{""Q0"":""23""}","","",""
"5130.10000000149","","","survey-multi-choice","4","441372","0.0-4.0","y84eat","Thu Sep 08 2022 16:29:02 GMT+0200 (Central European Summer Time)","2022","9","8","16","29","2","woo55","75","23","female","right","60","29","44","0","1","Working, Studying","Inner voice","{""Gender"":""female"",""Hand"":""right""}","[0,1]","",""
"8231.5","<p>How Sad/Angry or Happy are you right now?</p>","","html-slider-response","5","449606","0.0-5.0","y84eat","Thu Sep 08 2022 16:29:02 GMT+0200 (Central European Summer Time)","2022","9","8","16","29","2","woo55","75","23","female","right","60","29","44","0","1","Working, Studying","Inner voice","","","50","60"
"14781.10000000149","<p>How Tired/Sleepy/Distracted or Fresh/Awake/Alert are you right now?</p>","","html-slider-response","6","464389","0.0-6.0","y84eat","Thu Sep 08 2022 16:29:02 GMT+0200 (Central European Summer Time)","2022","9","8","16","29","2","woo55","75","23","female","right","60","29","44","0","1","Working, Studying","Inner voice","","","50","29"
"5314.5","<p>How Hungry or Satiated are you right now?</p>","","html-slider-response","7","469705","0.0-7.0","y84eat","Thu Sep 08 2022 16:29:02 GMT+0200 (Central European Summer Time)","2022","9","8","16","29","2","woo55","75","23","female","right","60","29","44","0","1","Working, Studying","Inner voice","","","50","44"
"13031.89999999851","","","survey-multi-choice","8","482741","0.0-8.0","y84eat","Thu Sep 08 2022 16:29:02 GMT+0200 (Central European Summer Time)","2022","9","8","16","29","2","woo55","75","23","female","right","60","29","44","0","1","Working, Studying","Inner voice","{""Sleep"":""0"",""Eat"":""1""}","[0,1]","",""
"10830.199999999255","","","survey-multi-choice","9","493574","0.0-9.0","y84eat","Thu Sep 08 2022 16:29:02 GMT+0200 (Central European Summer Time)","2022","9","8","16","29","2","woo55","75","23","female","right","60","29","44","0","1","Working, Studying","Inner voice","{""Activity"":""Working, Studying""}","[0]","",""
"21460.699999999255","","","survey-multi-choice","10","515039","0.0-10.0","y84eat","Thu Sep 08 2022 16:29:02 GMT+0200 (Central European Summer Time)","2022","9","8","16","29","2","woo55","75","23","female","right","60","29","44","0","1","Working, Studying","Inner voice","{""MentalActivity"":""Inner voice""}","[0]","",""
