"rt","stimulus","key_press","trial_type","trial_index","time_elapsed","internal_node_id","exp_id","Time","year","month","date","hour","minute","seconds","id","Activity","MentalActivity","HeartRate","age","Gender","Handedness","mood","fresh","hunger","H_since_Sleep","H_since_Eat","responses","question_order","slider_start","response"
"null","<p>Welcome to this 1 min. survey on daily rhythms, body and mood.</p><p>You will be asked to report your heart-rate</p><p>and given some questions about yourself.</p><p>Take the test when prompted and/or at different times of the day/night.</p><p>Please make a personal ID (three letters+ two numbers, e.g. ept23).</p><p>Write it down and use this ID whenever taking the test.</p>","null","html-keyboard-response","0","10004","0.0-0.0","wcv4n3","Mon Nov 07 2022 17:31:23 GMT+0100 (CET)","2022","11","7","17","31","23","pid10","Housework","Sensory awareness","87","23","female","right","57","88","20","10","2","","","",""
"21153","","","survey-text","1","31172","0.0-1.0","wcv4n3","Mon Nov 07 2022 17:31:23 GMT+0100 (CET)","2022","11","7","17","31","23","pid10","Housework","Sensory awareness","87","23","female","right","57","88","20","10","2","{""Q0"":""pid10""}","","",""
"80326","","","survey-multi-choice","2","111504","0.0-2.0","wcv4n3","Mon Nov 07 2022 17:31:23 GMT+0100 (CET)","2022","11","7","17","31","23","pid10","Housework","Sensory awareness","87","23","female","right","57","88","20","10","2","{""Activity"":""Housework""}","[0]","",""
"3578.0000000000146","","","survey-multi-choice","3","115085","0.0-3.0","wcv4n3","Mon Nov 07 2022 17:31:23 GMT+0100 (CET)","2022","11","7","17","31","23","pid10","Housework","Sensory awareness","87","23","female","right","57","88","20","10","2","{""MentalActivity"":""Sensory awareness""}","[0]","",""
"12522.999999999985","","","survey-multi-choice","4","127614","0.0-4.0","wcv4n3","Mon Nov 07 2022 17:31:23 GMT+0100 (CET)","2022","11","7","17","31","23","pid10","Housework","Sensory awareness","87","23","female","right","57","88","20","10","2","{""HeartRate"":""87""}","[0]","",""
"4625","","","survey-text","5","132250","0.0-5.0","wcv4n3","Mon Nov 07 2022 17:31:23 GMT+0100 (CET)","2022","11","7","17","31","23","pid10","Housework","Sensory awareness","87","23","female","right","57","88","20","10","2","{""Q0"":""23""}","","",""
"3400.999999999971","","","survey-multi-choice","6","135653","0.0-6.0","wcv4n3","Mon Nov 07 2022 17:31:23 GMT+0100 (CET)","2022","11","7","17","31","23","pid10","Housework","Sensory awareness","87","23","female","right","57","88","20","10","2","{""Gender"":""female"",""Hand"":""right""}","[0,1]","",""
"3928","<p>How Sad/Angry or Happy are you right now?</p>","","html-slider-response","7","139586","0.0-7.0","wcv4n3","Mon Nov 07 2022 17:31:23 GMT+0100 (CET)","2022","11","7","17","31","23","pid10","Housework","Sensory awareness","87","23","female","right","57","88","20","10","2","","","50","57"
"4197","<p>How Tired/Sleepy/Distracted or Fresh/Awake/Alert are you right now?</p>","","html-slider-response","8","143785","0.0-8.0","wcv4n3","Mon Nov 07 2022 17:31:23 GMT+0100 (CET)","2022","11","7","17","31","23","pid10","Housework","Sensory awareness","87","23","female","right","57","88","20","10","2","","","50","88"
"4652","<p>How Hungry or Satiated are you right now?</p>","","html-slider-response","9","148440","0.0-9.0","wcv4n3","Mon Nov 07 2022 17:31:23 GMT+0100 (CET)","2022","11","7","17","31","23","pid10","Housework","Sensory awareness","87","23","female","right","57","88","20","10","2","","","50","20"
"17507","","","survey-multi-choice","10","165952","0.0-10.0","wcv4n3","Mon Nov 07 2022 17:31:23 GMT+0100 (CET)","2022","11","7","17","31","23","pid10","Housework","Sensory awareness","87","23","female","right","57","88","20","10","2","{""Sleep"":""10"",""Eat"":""2""}","[0,1]","",""
