"rt","stimulus","key_press","trial_type","trial_index","time_elapsed","internal_node_id","exp_id","Time","year","month","date","hour","minute","seconds","id","HeartRate","age","Gender","Handedness","mood","fresh","hunger","H_since_Sleep","H_since_Eat","Activity","MentalActivity","responses","question_order","slider_start","response"
"null","<p>Welcome to this 1 min. survey on daily rhythms, body and mood.</p><p>You will be asked to report your heart-rate</p><p>and given some questions about yourself.</p><p>Take the test when prompted and/or at different times of the day/night.</p><p>Please make a personal ID (three letters+ two numbers, e.g. ept23).</p><p>Write it down and use this ID whenever taking the test.</p>","null","html-keyboard-response","0","10011","0.0-0.0","8ufwy2","Thu Sep 08 2022 16:29:20 GMT+0200 (Hora de verão da Europa Central)","2022","9","8","16","29","20","luc21","96","23","male","right","85","39","94","9","1","Working, Studying","Feelings","","","",""
"298593.89999997616","","","survey-text","1","308611","0.0-1.0","8ufwy2","Thu Sep 08 2022 16:29:20 GMT+0200 (Hora de verão da Europa Central)","2022","9","8","16","29","20","luc21","96","23","male","right","85","39","94","9","1","Working, Studying","Feelings","{""Q0"":""luc21""}","","",""
"22268.200000047684","","","survey-multi-choice","2","330883","0.0-2.0","8ufwy2","Thu Sep 08 2022 16:29:20 GMT+0200 (Hora de verão da Europa Central)","2022","9","8","16","29","20","luc21","96","23","male","right","85","39","94","9","1","Working, Studying","Feelings","{""HeartRate"":""96""}","[0]","",""
"8320.799999952316","","","survey-text","3","339206","0.0-3.0","8ufwy2","Thu Sep 08 2022 16:29:20 GMT+0200 (Hora de verão da Europa Central)","2022","9","8","16","29","20","luc21","96","23","male","right","85","39","94","9","1","Working, Studying","Feelings","{""Q0"":""23""}","","",""
"5244.300000071526","","","survey-multi-choice","4","344451","0.0-4.0","8ufwy2","Thu Sep 08 2022 16:29:20 GMT+0200 (Hora de verão da Europa Central)","2022","9","8","16","29","20","luc21","96","23","male","right","85","39","94","9","1","Working, Studying","Feelings","{""Gender"":""male"",""Hand"":""right""}","[0,1]","",""
"5050.899999976158","<p>How Sad/Angry or Happy are you right now?</p>","","html-slider-response","5","349503","0.0-5.0","8ufwy2","Thu Sep 08 2022 16:29:20 GMT+0200 (Hora de verão da Europa Central)","2022","9","8","16","29","20","luc21","96","23","male","right","85","39","94","9","1","Working, Studying","Feelings","","","50","85"
"7670","<p>How Tired/Sleepy/Distracted or Fresh/Awake/Alert are you right now?</p>","","html-slider-response","6","357174","0.0-6.0","8ufwy2","Thu Sep 08 2022 16:29:20 GMT+0200 (Hora de verão da Europa Central)","2022","9","8","16","29","20","luc21","96","23","male","right","85","39","94","9","1","Working, Studying","Feelings","","","50","39"
"10874.5","<p>How Hungry or Satiated are you right now?</p>","","html-slider-response","7","368050","0.0-7.0","8ufwy2","Thu Sep 08 2022 16:29:20 GMT+0200 (Hora de verão da Europa Central)","2022","9","8","16","29","20","luc21","96","23","male","right","85","39","94","9","1","Working, Studying","Feelings","","","50","94"
"28663.299999952316","","","survey-multi-choice","8","396714","0.0-8.0","8ufwy2","Thu Sep 08 2022 16:29:20 GMT+0200 (Hora de verão da Europa Central)","2022","9","8","16","29","20","luc21","96","23","male","right","85","39","94","9","1","Working, Studying","Feelings","{""Sleep"":""9"",""Eat"":""1""}","[0,1]","",""
"12741.600000023842","","","survey-multi-choice","9","409457","0.0-9.0","8ufwy2","Thu Sep 08 2022 16:29:20 GMT+0200 (Hora de verão da Europa Central)","2022","9","8","16","29","20","luc21","96","23","male","right","85","39","94","9","1","Working, Studying","Feelings","{""Activity"":""Working, Studying""}","[0]","",""
"24101.600000023842","","","survey-multi-choice","10","433562","0.0-10.0","8ufwy2","Thu Sep 08 2022 16:29:20 GMT+0200 (Hora de verão da Europa Central)","2022","9","8","16","29","20","luc21","96","23","male","right","85","39","94","9","1","Working, Studying","Feelings","{""MentalActivity"":""Feelings""}","[0]","",""
