"rt","stimulus","key_press","trial_type","trial_index","time_elapsed","internal_node_id","exp_id","Time","year","month","date","hour","minute","seconds","id","Activity","MentalActivity","HeartRate","age","Gender","Handedness","mood","fresh","hunger","H_since_Sleep","H_since_Eat","responses","question_order","slider_start","response"
"null","<p>Welcome to this 1 min. survey on daily rhythms, body and mood.</p><p>You will be asked to report your heart-rate</p><p>and given some questions about yourself.</p><p>Take the test when prompted and/or at different times of the day/night.</p><p>Please make a personal ID (three letters+ two numbers, e.g. ept23).</p><p>Write it down and use this ID whenever taking the test.</p>","null","html-keyboard-response","0","10031","0.0-0.0","8pccea","Wed Oct 05 2022 06:44:23 GMT+0200 (Central European Summer Time)","2022","10","5","6","44","23","POP33","Showering, Getting Ready","Feelings","69","25","female","right","68","28","19","0","12","","","",""
"19993.399999976158","","","survey-text","1","30061","0.0-1.0","8pccea","Wed Oct 05 2022 06:44:23 GMT+0200 (Central European Summer Time)","2022","10","5","6","44","23","POP33","Showering, Getting Ready","Feelings","69","25","female","right","68","28","19","0","12","{""Q0"":""POP33""}","","",""
"13570.300000011921","","","survey-multi-choice","2","43652","0.0-2.0","8pccea","Wed Oct 05 2022 06:44:23 GMT+0200 (Central European Summer Time)","2022","10","5","6","44","23","POP33","Showering, Getting Ready","Feelings","69","25","female","right","68","28","19","0","12","{""Activity"":""Showering, Getting Ready""}","[0]","",""
"5109.5","","","survey-multi-choice","3","48770","0.0-3.0","8pccea","Wed Oct 05 2022 06:44:23 GMT+0200 (Central European Summer Time)","2022","10","5","6","44","23","POP33","Showering, Getting Ready","Feelings","69","25","female","right","68","28","19","0","12","{""MentalActivity"":""Feelings""}","[0]","",""
"4856.700000017881","","","survey-multi-choice","4","53647","0.0-4.0","8pccea","Wed Oct 05 2022 06:44:23 GMT+0200 (Central European Summer Time)","2022","10","5","6","44","23","POP33","Showering, Getting Ready","Feelings","69","25","female","right","68","28","19","0","12","{""HeartRate"":""69""}","[0]","",""
"3216.9000000059605","","","survey-text","5","56876","0.0-5.0","8pccea","Wed Oct 05 2022 06:44:23 GMT+0200 (Central European Summer Time)","2022","10","5","6","44","23","POP33","Showering, Getting Ready","Feelings","69","25","female","right","68","28","19","0","12","{""Q0"":""25""}","","",""
"4089.2999999821186","","","survey-multi-choice","6","60976","0.0-6.0","8pccea","Wed Oct 05 2022 06:44:23 GMT+0200 (Central European Summer Time)","2022","10","5","6","44","23","POP33","Showering, Getting Ready","Feelings","69","25","female","right","68","28","19","0","12","{""Gender"":""female"",""Hand"":""right""}","[0,1]","",""
"3356.699999988079","<p>How Sad/Angry or Happy are you right now?</p>","","html-slider-response","7","64343","0.0-7.0","8pccea","Wed Oct 05 2022 06:44:23 GMT+0200 (Central European Summer Time)","2022","10","5","6","44","23","POP33","Showering, Getting Ready","Feelings","69","25","female","right","68","28","19","0","12","","","50","68"
"5098.299999982119","<p>How Tired/Sleepy/Distracted or Fresh/Awake/Alert are you right now?</p>","","html-slider-response","8","69446","0.0-8.0","8pccea","Wed Oct 05 2022 06:44:23 GMT+0200 (Central European Summer Time)","2022","10","5","6","44","23","POP33","Showering, Getting Ready","Feelings","69","25","female","right","68","28","19","0","12","","","50","28"
"6300.4000000059605","<p>How Hungry or Satiated are you right now?</p>","","html-slider-response","9","75753","0.0-9.0","8pccea","Wed Oct 05 2022 06:44:23 GMT+0200 (Central European Summer Time)","2022","10","5","6","44","23","POP33","Showering, Getting Ready","Feelings","69","25","female","right","68","28","19","0","12","","","50","19"
"113638.40000000596","","","survey-multi-choice","10","189405","0.0-10.0","8pccea","Wed Oct 05 2022 06:44:23 GMT+0200 (Central European Summer Time)","2022","10","5","6","44","23","POP33","Showering, Getting Ready","Feelings","69","25","female","right","68","28","19","0","12","{""Sleep"":""0"",""Eat"":""12""}","[0,1]","",""
