"rt","stimulus","key_press","trial_type","trial_index","time_elapsed","internal_node_id","exp_id","Time","year","month","date","hour","minute","seconds","id","Activity","MentalActivity","HeartRate","age","Gender","Handedness","mood","fresh","hunger","H_since_Sleep","H_since_Eat","responses","question_order","slider_start","response"
"null","<p>Welcome to this 1 min. survey on daily rhythms, body and mood.</p><p>You will be asked to report your heart-rate</p><p>and given some questions about yourself.</p><p>Take the test when prompted and/or at different times of the day/night.</p><p>Please make a personal ID (three letters+ two numbers, e.g. ept23).</p><p>Write it down and use this ID whenever taking the test.</p>","null","html-keyboard-response","0","10010","0.0-0.0","bfczmz","Wed Nov 16 2022 10:34:39 GMT+0100 (Central European Standard Time)","2022","11","16","10","34","39","pol12","Working, Studying","Inner voice","54","25","female","right","50","55","64","3","0","","","",""
"5863.5999999940395","","","survey-text","1","15882","0.0-1.0","bfczmz","Wed Nov 16 2022 10:34:39 GMT+0100 (Central European Standard Time)","2022","11","16","10","34","39","pol12","Working, Studying","Inner voice","54","25","female","right","50","55","64","3","0","{""Q0"":""pol12""}","","",""
"2595.399999976158","","","survey-multi-choice","2","18480","0.0-2.0","bfczmz","Wed Nov 16 2022 10:34:39 GMT+0100 (Central European Standard Time)","2022","11","16","10","34","39","pol12","Working, Studying","Inner voice","54","25","female","right","50","55","64","3","0","{""Activity"":""Working, Studying""}","[0]","",""
"1591.199999988079","","","survey-multi-choice","3","20077","0.0-3.0","bfczmz","Wed Nov 16 2022 10:34:39 GMT+0100 (Central European Standard Time)","2022","11","16","10","34","39","pol12","Working, Studying","Inner voice","54","25","female","right","50","55","64","3","0","{""MentalActivity"":""Inner voice""}","[0]","",""
"3597.7999999821186","","","survey-multi-choice","4","23682","0.0-4.0","bfczmz","Wed Nov 16 2022 10:34:39 GMT+0100 (Central European Standard Time)","2022","11","16","10","34","39","pol12","Working, Studying","Inner voice","54","25","female","right","50","55","64","3","0","{""HeartRate"":""54""}","[0]","",""
"1807.0999999940395","","","survey-text","5","25494","0.0-5.0","bfczmz","Wed Nov 16 2022 10:34:39 GMT+0100 (Central European Standard Time)","2022","11","16","10","34","39","pol12","Working, Studying","Inner voice","54","25","female","right","50","55","64","3","0","{""Q0"":""25""}","","",""
"2232","","","survey-multi-choice","6","27727","0.0-6.0","bfczmz","Wed Nov 16 2022 10:34:39 GMT+0100 (Central European Standard Time)","2022","11","16","10","34","39","pol12","Working, Studying","Inner voice","54","25","female","right","50","55","64","3","0","{""Gender"":""female"",""Hand"":""right""}","[0,1]","",""
"8728.700000017881","<p>How Sad/Angry or Happy are you right now?</p>","","html-slider-response","7","36462","0.0-7.0","bfczmz","Wed Nov 16 2022 10:34:39 GMT+0100 (Central European Standard Time)","2022","11","16","10","34","39","pol12","Working, Studying","Inner voice","54","25","female","right","50","55","64","3","0","","","50","50"
"2915.7000000178814","<p>How Tired/Sleepy/Distracted or Fresh/Awake/Alert are you right now?</p>","","html-slider-response","8","39380","0.0-8.0","bfczmz","Wed Nov 16 2022 10:34:39 GMT+0100 (Central European Standard Time)","2022","11","16","10","34","39","pol12","Working, Studying","Inner voice","54","25","female","right","50","55","64","3","0","","","50","55"
"2611.800000011921","<p>How Hungry or Satiated are you right now?</p>","","html-slider-response","9","41994","0.0-9.0","bfczmz","Wed Nov 16 2022 10:34:39 GMT+0100 (Central European Standard Time)","2022","11","16","10","34","39","pol12","Working, Studying","Inner voice","54","25","female","right","50","55","64","3","0","","","50","64"
"7184.199999988079","","","survey-multi-choice","10","49181","0.0-10.0","bfczmz","Wed Nov 16 2022 10:34:39 GMT+0100 (Central European Standard Time)","2022","11","16","10","34","39","pol12","Working, Studying","Inner voice","54","25","female","right","50","55","64","3","0","{""Sleep"":""3"",""Eat"":""0""}","[0,1]","",""
