"rt","stimulus","key_press","trial_type","trial_index","time_elapsed","internal_node_id","exp_id","Time","year","month","date","hour","minute","seconds","id","Activity","MentalActivity","HeartRate","age","Gender","Handedness","mood","fresh","hunger","H_since_Sleep","H_since_Eat","responses","question_order","slider_start","response"
"null","<p>Welcome to this 1 min. survey on daily rhythms, body and mood.</p><p>You will be asked to report your heart-rate</p><p>and given some questions about yourself.</p><p>Take the test when prompted and/or at different times of the day/night.</p><p>Please make a personal ID (three letters+ two numbers, e.g. ept23).</p><p>Write it down and use this ID whenever taking the test.</p>","null","html-keyboard-response","0","10006","0.0-0.0","tm1d89","Mon Sep 12 2022 07:22:13 GMT+0200 (CEST)","2022","9","12","7","22","13","luc21","Drinking","Feelings","75","23","male","right","50","41","100","0","0","","","",""
"6436","","","survey-text","1","16451","0.0-1.0","tm1d89","Mon Sep 12 2022 07:22:13 GMT+0200 (CEST)","2022","9","12","7","22","13","luc21","Drinking","Feelings","75","23","male","right","50","41","100","0","0","{""Q0"":""luc21""}","","",""
"7462","","","survey-multi-choice","2","23916","0.0-2.0","tm1d89","Mon Sep 12 2022 07:22:13 GMT+0200 (CEST)","2022","9","12","7","22","13","luc21","Drinking","Feelings","75","23","male","right","50","41","100","0","0","{""Activity"":""Drinking""}","[0]","",""
"7378","","","survey-multi-choice","3","31296","0.0-3.0","tm1d89","Mon Sep 12 2022 07:22:13 GMT+0200 (CEST)","2022","9","12","7","22","13","luc21","Drinking","Feelings","75","23","male","right","50","41","100","0","0","{""MentalActivity"":""Feelings""}","[0]","",""
"43965","","","survey-multi-choice","4","75268","0.0-4.0","tm1d89","Mon Sep 12 2022 07:22:13 GMT+0200 (CEST)","2022","9","12","7","22","13","luc21","Drinking","Feelings","75","23","male","right","50","41","100","0","0","{""HeartRate"":""75""}","[0]","",""
"3451","","","survey-text","5","78728","0.0-5.0","tm1d89","Mon Sep 12 2022 07:22:13 GMT+0200 (CEST)","2022","9","12","7","22","13","luc21","Drinking","Feelings","75","23","male","right","50","41","100","0","0","{""Q0"":""23""}","","",""
"3194","","","survey-multi-choice","6","81925","0.0-6.0","tm1d89","Mon Sep 12 2022 07:22:13 GMT+0200 (CEST)","2022","9","12","7","22","13","luc21","Drinking","Feelings","75","23","male","right","50","41","100","0","0","{""Gender"":""male"",""Hand"":""right""}","[0,1]","",""
"5387","<p>How Sad/Angry or Happy are you right now?</p>","","html-slider-response","7","87318","0.0-7.0","tm1d89","Mon Sep 12 2022 07:22:13 GMT+0200 (CEST)","2022","9","12","7","22","13","luc21","Drinking","Feelings","75","23","male","right","50","41","100","0","0","","","50","50"
"6423.999999999985","<p>How Tired/Sleepy/Distracted or Fresh/Awake/Alert are you right now?</p>","","html-slider-response","8","93743","0.0-8.0","tm1d89","Mon Sep 12 2022 07:22:13 GMT+0200 (CEST)","2022","9","12","7","22","13","luc21","Drinking","Feelings","75","23","male","right","50","41","100","0","0","","","50","41"
"4012","<p>How Hungry or Satiated are you right now?</p>","","html-slider-response","9","97758","0.0-9.0","tm1d89","Mon Sep 12 2022 07:22:13 GMT+0200 (CEST)","2022","9","12","7","22","13","luc21","Drinking","Feelings","75","23","male","right","50","41","100","0","0","","","50","100"
"8321","","","survey-multi-choice","10","106083","0.0-10.0","tm1d89","Mon Sep 12 2022 07:22:13 GMT+0200 (CEST)","2022","9","12","7","22","13","luc21","Drinking","Feelings","75","23","male","right","50","41","100","0","0","{""Sleep"":""0"",""Eat"":""0""}","[0,1]","",""
