"rt","stimulus","key_press","trial_type","trial_index","time_elapsed","internal_node_id","exp_id","Time","year","month","date","hour","minute","seconds","id","Activity","MentalActivity","HeartRate","age","Gender","Handedness","mood","fresh","hunger","H_since_Sleep","H_since_Eat","responses","question_order","slider_start","response"
"null","<p>Welcome to this 1 min. survey on daily rhythms, body and mood.</p><p>You will be asked to report your heart-rate</p><p>and given some questions about yourself.</p><p>Take the test when prompted and/or at different times of the day/night.</p><p>Please make a personal ID (three letters+ two numbers, e.g. ept23).</p><p>Write it down and use this ID whenever taking the test.</p>","null","html-keyboard-response","0","10014","0.0-0.0","2tgmqj","Sat Sep 10 2022 10:54:54 GMT+0200 (CEST)","2022","9","10","10","54","54","kau00","Being on the Internet","Inner voice","81","23","female","right","40","45","91","2","1","","","",""
"5910.999999999998","","","survey-text","1","15957","0.0-1.0","2tgmqj","Sat Sep 10 2022 10:54:54 GMT+0200 (CEST)","2022","9","10","10","54","54","kau00","Being on the Internet","Inner voice","81","23","female","right","40","45","91","2","1","{""Q0"":""kau00""}","","",""
"26422.000000000007","","","survey-multi-choice","2","42385","0.0-2.0","2tgmqj","Sat Sep 10 2022 10:54:54 GMT+0200 (CEST)","2022","9","10","10","54","54","kau00","Being on the Internet","Inner voice","81","23","female","right","40","45","91","2","1","{""Activity"":""Being on the Internet""}","[0]","",""
"3052.9999999999927","","","survey-multi-choice","3","45440","0.0-3.0","2tgmqj","Sat Sep 10 2022 10:54:54 GMT+0200 (CEST)","2022","9","10","10","54","54","kau00","Being on the Internet","Inner voice","81","23","female","right","40","45","91","2","1","{""MentalActivity"":""Inner voice""}","[0]","",""
"79606.00000000001","","","survey-multi-choice","4","125057","0.0-4.0","2tgmqj","Sat Sep 10 2022 10:54:54 GMT+0200 (CEST)","2022","9","10","10","54","54","kau00","Being on the Internet","Inner voice","81","23","female","right","40","45","91","2","1","{""HeartRate"":""81""}","[0]","",""
"3076.999999999971","","","survey-text","5","128147","0.0-5.0","2tgmqj","Sat Sep 10 2022 10:54:54 GMT+0200 (CEST)","2022","9","10","10","54","54","kau00","Being on the Internet","Inner voice","81","23","female","right","40","45","91","2","1","{""Q0"":""23""}","","",""
"4031","","","survey-multi-choice","6","132181","0.0-6.0","2tgmqj","Sat Sep 10 2022 10:54:54 GMT+0200 (CEST)","2022","9","10","10","54","54","kau00","Being on the Internet","Inner voice","81","23","female","right","40","45","91","2","1","{""Gender"":""female"",""Hand"":""right""}","[0,1]","",""
"8673","<p>How Sad/Angry or Happy are you right now?</p>","","html-slider-response","7","140861","0.0-7.0","2tgmqj","Sat Sep 10 2022 10:54:54 GMT+0200 (CEST)","2022","9","10","10","54","54","kau00","Being on the Internet","Inner voice","81","23","female","right","40","45","91","2","1","","","50","40"
"5411","<p>How Tired/Sleepy/Distracted or Fresh/Awake/Alert are you right now?</p>","","html-slider-response","8","146266","0.0-8.0","2tgmqj","Sat Sep 10 2022 10:54:54 GMT+0200 (CEST)","2022","9","10","10","54","54","kau00","Being on the Internet","Inner voice","81","23","female","right","40","45","91","2","1","","","50","45"
"5330.999999999971","<p>How Hungry or Satiated are you right now?</p>","","html-slider-response","9","151591","0.0-9.0","2tgmqj","Sat Sep 10 2022 10:54:54 GMT+0200 (CEST)","2022","9","10","10","54","54","kau00","Being on the Internet","Inner voice","81","23","female","right","40","45","91","2","1","","","50","91"
"12759.00000000003","","","survey-multi-choice","10","164344","0.0-10.0","2tgmqj","Sat Sep 10 2022 10:54:54 GMT+0200 (CEST)","2022","9","10","10","54","54","kau00","Being on the Internet","Inner voice","81","23","female","right","40","45","91","2","1","{""Sleep"":""2"",""Eat"":""1""}","[0,1]","",""
