"rt","stimulus","key_press","trial_type","trial_index","time_elapsed","internal_node_id","exp_id","Time","year","month","date","hour","minute","seconds","id","Activity","MentalActivity","HeartRate","age","Gender","Handedness","mood","fresh","hunger","H_since_Sleep","H_since_Eat","responses","question_order","slider_start","response"
"null","<p>Welcome to this 1 min. survey on daily rhythms, body and mood.</p><p>You will be asked to report your heart-rate</p><p>and given some questions about yourself.</p><p>Take the test when prompted and/or at different times of the day/night.</p><p>Please make a personal ID (three letters+ two numbers, e.g. ept23).</p><p>Write it down and use this ID whenever taking the test.</p>","null","html-keyboard-response","0","10027","0.0-0.0","jswuu7","Fri Nov 18 2022 13:19:08 GMT+0100 (CET)","2022","11","18","13","19","8","dig05","Cooking","Inner voice","78","25","female","right","83","80","46","5","0","","","",""
"24455","","","survey-text","1","34511","0.0-1.0","jswuu7","Fri Nov 18 2022 13:19:08 GMT+0100 (CET)","2022","11","18","13","19","8","dig05","Cooking","Inner voice","78","25","female","right","83","80","46","5","0","{""Q0"":""dig05""}","","",""
"3227.9999999999927","","","survey-multi-choice","2","37750","0.0-2.0","jswuu7","Fri Nov 18 2022 13:19:08 GMT+0100 (CET)","2022","11","18","13","19","8","dig05","Cooking","Inner voice","78","25","female","right","83","80","46","5","0","{""Activity"":""Cooking""}","[0]","",""
"6965","","","survey-multi-choice","3","44721","0.0-3.0","jswuu7","Fri Nov 18 2022 13:19:08 GMT+0100 (CET)","2022","11","18","13","19","8","dig05","Cooking","Inner voice","78","25","female","right","83","80","46","5","0","{""MentalActivity"":""Inner voice""}","[0]","",""
"7197","","","survey-multi-choice","4","51931","0.0-4.0","jswuu7","Fri Nov 18 2022 13:19:08 GMT+0100 (CET)","2022","11","18","13","19","8","dig05","Cooking","Inner voice","78","25","female","right","83","80","46","5","0","{""HeartRate"":""78""}","[0]","",""
"3361","","","survey-text","5","55303","0.0-5.0","jswuu7","Fri Nov 18 2022 13:19:08 GMT+0100 (CET)","2022","11","18","13","19","8","dig05","Cooking","Inner voice","78","25","female","right","83","80","46","5","0","{""Q0"":""25""}","","",""
"2108","","","survey-multi-choice","6","57414","0.0-6.0","jswuu7","Fri Nov 18 2022 13:19:08 GMT+0100 (CET)","2022","11","18","13","19","8","dig05","Cooking","Inner voice","78","25","female","right","83","80","46","5","0","{""Gender"":""female"",""Hand"":""right""}","[0,1]","",""
"3059","<p>How Sad/Angry or Happy are you right now?</p>","","html-slider-response","7","60478","0.0-7.0","jswuu7","Fri Nov 18 2022 13:19:08 GMT+0100 (CET)","2022","11","18","13","19","8","dig05","Cooking","Inner voice","78","25","female","right","83","80","46","5","0","","","50","83"
"3093","<p>How Tired/Sleepy/Distracted or Fresh/Awake/Alert are you right now?</p>","","html-slider-response","8","63574","0.0-8.0","jswuu7","Fri Nov 18 2022 13:19:08 GMT+0100 (CET)","2022","11","18","13","19","8","dig05","Cooking","Inner voice","78","25","female","right","83","80","46","5","0","","","50","80"
"2268.9999999999927","<p>How Hungry or Satiated are you right now?</p>","","html-slider-response","9","65847","0.0-9.0","jswuu7","Fri Nov 18 2022 13:19:08 GMT+0100 (CET)","2022","11","18","13","19","8","dig05","Cooking","Inner voice","78","25","female","right","83","80","46","5","0","","","50","46"
"11815","","","survey-multi-choice","10","77673","0.0-10.0","jswuu7","Fri Nov 18 2022 13:19:08 GMT+0100 (CET)","2022","11","18","13","19","8","dig05","Cooking","Inner voice","78","25","female","right","83","80","46","5","0","{""Sleep"":""5"",""Eat"":""0""}","[0,1]","",""
