"rt","stimulus","key_press","trial_type","trial_index","time_elapsed","internal_node_id","exp_id","Time","year","month","date","hour","minute","seconds","id","HeartRate","age","Gender","Handedness","mood","fresh","hunger","H_since_Sleep","H_since_Eat","Activity","MentalActivity","responses","question_order","slider_start","response"
"null","<p>Welcome to this 1 min. survey on daily rhythms, body and mood.</p><p>You will be asked to report your heart-rate</p><p>and given some questions about yourself.</p><p>Take the test when prompted and/or at different times of the day/night.</p><p>Please make a personal ID (three letters+ two numbers, e.g. ept23).</p><p>Write it down and use this ID whenever taking the test.</p>","null","html-keyboard-response","0","10009","0.0-0.0","m72pfa","Thu Sep 08 2022 16:37:10 GMT+0200 (CEST)","2022","9","8","16","37","10","kau00","75","23","female","right","41","13","26","8","2","Working, Studying","Sensory awareness","","","",""
"15870","","","survey-text","1","25899","0.0-1.0","m72pfa","Thu Sep 08 2022 16:37:10 GMT+0200 (CEST)","2022","9","8","16","37","10","kau00","75","23","female","right","41","13","26","8","2","Working, Studying","Sensory awareness","{""Q0"":""kau00""}","","",""
"34701","","","survey-multi-choice","2","60605","0.0-2.0","m72pfa","Thu Sep 08 2022 16:37:10 GMT+0200 (CEST)","2022","9","8","16","37","10","kau00","75","23","female","right","41","13","26","8","2","Working, Studying","Sensory awareness","{""HeartRate"":""75""}","[0]","",""
"2190","","","survey-text","3","62801","0.0-3.0","m72pfa","Thu Sep 08 2022 16:37:10 GMT+0200 (CEST)","2022","9","8","16","37","10","kau00","75","23","female","right","41","13","26","8","2","Working, Studying","Sensory awareness","{""Q0"":""23""}","","",""
"2600","","","survey-multi-choice","4","65402","0.0-4.0","m72pfa","Thu Sep 08 2022 16:37:10 GMT+0200 (CEST)","2022","9","8","16","37","10","kau00","75","23","female","right","41","13","26","8","2","Working, Studying","Sensory awareness","{""Gender"":""female"",""Hand"":""right""}","[0,1]","",""
"3108.9999999999927","<p>How Sad/Angry or Happy are you right now?</p>","","html-slider-response","5","68515","0.0-5.0","m72pfa","Thu Sep 08 2022 16:37:10 GMT+0200 (CEST)","2022","9","8","16","37","10","kau00","75","23","female","right","41","13","26","8","2","Working, Studying","Sensory awareness","","","50","41"
"2850","<p>How Tired/Sleepy/Distracted or Fresh/Awake/Alert are you right now?</p>","","html-slider-response","6","71366","0.0-6.0","m72pfa","Thu Sep 08 2022 16:37:10 GMT+0200 (CEST)","2022","9","8","16","37","10","kau00","75","23","female","right","41","13","26","8","2","Working, Studying","Sensory awareness","","","50","13"
"5398.999999999985","<p>How Hungry or Satiated are you right now?</p>","","html-slider-response","7","76766","0.0-7.0","m72pfa","Thu Sep 08 2022 16:37:10 GMT+0200 (CEST)","2022","9","8","16","37","10","kau00","75","23","female","right","41","13","26","8","2","Working, Studying","Sensory awareness","","","50","26"
"5518","","","survey-multi-choice","8","82287","0.0-8.0","m72pfa","Thu Sep 08 2022 16:37:10 GMT+0200 (CEST)","2022","9","8","16","37","10","kau00","75","23","female","right","41","13","26","8","2","Working, Studying","Sensory awareness","{""Sleep"":""8"",""Eat"":""2""}","[0,1]","",""
"7829","","","survey-multi-choice","9","90119","0.0-9.0","m72pfa","Thu Sep 08 2022 16:37:10 GMT+0200 (CEST)","2022","9","8","16","37","10","kau00","75","23","female","right","41","13","26","8","2","Working, Studying","Sensory awareness","{""Activity"":""Working, Studying""}","[0]","",""
"11711","","","survey-multi-choice","10","101834","0.0-10.0","m72pfa","Thu Sep 08 2022 16:37:10 GMT+0200 (CEST)","2022","9","8","16","37","10","kau00","75","23","female","right","41","13","26","8","2","Working, Studying","Sensory awareness","{""MentalActivity"":""Sensory awareness""}","[0]","",""
