"rt","stimulus","key_press","trial_type","trial_index","time_elapsed","internal_node_id","exp_id","Time","year","month","date","hour","minute","seconds","id","Activity","MentalActivity","HeartRate","age","Gender","Handedness","mood","fresh","hunger","H_since_Sleep","H_since_Eat","responses","question_order","slider_start","response"
"null","<p>Welcome to this 1 min. survey on daily rhythms, body and mood.</p><p>You will be asked to report your heart-rate</p><p>and given some questions about yourself.</p><p>Take the test when prompted and/or at different times of the day/night.</p><p>Please make a personal ID (three letters+ two numbers, e.g. ept23).</p><p>Write it down and use this ID whenever taking the test.</p>","null","html-keyboard-response","0","10006","0.0-0.0","4uhofz","Fri Nov 11 2022 10:19:49 GMT+0100 (Centraleuropæisk normaltid)","2022","11","11","10","19","49","qwe12","Working, Studying","Inner voice","56","49","male","right","61","95","21","4","3","","","",""
"7466","","","survey-text","1","17480","0.0-1.0","4uhofz","Fri Nov 11 2022 10:19:49 GMT+0100 (Centraleuropæisk normaltid)","2022","11","11","10","19","49","qwe12","Working, Studying","Inner voice","56","49","male","right","61","95","21","4","3","{""Q0"":""qwe12""}","","",""
"6348","","","survey-multi-choice","2","23832","0.0-2.0","4uhofz","Fri Nov 11 2022 10:19:49 GMT+0100 (Centraleuropæisk normaltid)","2022","11","11","10","19","49","qwe12","Working, Studying","Inner voice","56","49","male","right","61","95","21","4","3","{""Activity"":""Working, Studying""}","[0]","",""
"7861","","","survey-multi-choice","3","31695","0.0-3.0","4uhofz","Fri Nov 11 2022 10:19:49 GMT+0100 (Centraleuropæisk normaltid)","2022","11","11","10","19","49","qwe12","Working, Studying","Inner voice","56","49","male","right","61","95","21","4","3","{""MentalActivity"":""Inner voice""}","[0]","",""
"5360","","","survey-multi-choice","4","37062","0.0-4.0","4uhofz","Fri Nov 11 2022 10:19:49 GMT+0100 (Centraleuropæisk normaltid)","2022","11","11","10","19","49","qwe12","Working, Studying","Inner voice","56","49","male","right","61","95","21","4","3","{""HeartRate"":""56""}","[0]","",""
"4078.0000000000073","","","survey-text","5","41148","0.0-5.0","4uhofz","Fri Nov 11 2022 10:19:49 GMT+0100 (Centraleuropæisk normaltid)","2022","11","11","10","19","49","qwe12","Working, Studying","Inner voice","56","49","male","right","61","95","21","4","3","{""Q0"":""49""}","","",""
"3548","","","survey-multi-choice","6","44699","0.0-6.0","4uhofz","Fri Nov 11 2022 10:19:49 GMT+0100 (Centraleuropæisk normaltid)","2022","11","11","10","19","49","qwe12","Working, Studying","Inner voice","56","49","male","right","61","95","21","4","3","{""Gender"":""male"",""Hand"":""right""}","[0,1]","",""
"4292","<p>How Sad/Angry or Happy are you right now?</p>","","html-slider-response","7","48995","0.0-7.0","4uhofz","Fri Nov 11 2022 10:19:49 GMT+0100 (Centraleuropæisk normaltid)","2022","11","11","10","19","49","qwe12","Working, Studying","Inner voice","56","49","male","right","61","95","21","4","3","","","50","61"
"7315","<p>How Tired/Sleepy/Distracted or Fresh/Awake/Alert are you right now?</p>","","html-slider-response","8","56312","0.0-8.0","4uhofz","Fri Nov 11 2022 10:19:49 GMT+0100 (Centraleuropæisk normaltid)","2022","11","11","10","19","49","qwe12","Working, Studying","Inner voice","56","49","male","right","61","95","21","4","3","","","50","95"
"6782","<p>How Hungry or Satiated are you right now?</p>","","html-slider-response","9","63096","0.0-9.0","4uhofz","Fri Nov 11 2022 10:19:49 GMT+0100 (Centraleuropæisk normaltid)","2022","11","11","10","19","49","qwe12","Working, Studying","Inner voice","56","49","male","right","61","95","21","4","3","","","50","21"
"17176.999999999993","","","survey-multi-choice","10","80277","0.0-10.0","4uhofz","Fri Nov 11 2022 10:19:49 GMT+0100 (Centraleuropæisk normaltid)","2022","11","11","10","19","49","qwe12","Working, Studying","Inner voice","56","49","male","right","61","95","21","4","3","{""Sleep"":""4"",""Eat"":""3""}","[0,1]","",""
