"rt","stimulus","key_press","trial_type","trial_index","time_elapsed","internal_node_id","exp_id","Time","year","month","date","hour","minute","seconds","id","Activity","MentalActivity","HeartRate","age","Gender","Handedness","mood","fresh","hunger","H_since_Sleep","H_since_Eat","responses","question_order","slider_start","response"
"null","<p>Welcome to this 1 min. survey on daily rhythms, body and mood.</p><p>You will be asked to report your heart-rate</p><p>and given some questions about yourself.</p><p>Take the test when prompted and/or at different times of the day/night.</p><p>Please make a personal ID (three letters+ two numbers, e.g. ept23).</p><p>Write it down and use this ID whenever taking the test.</p>","null","html-keyboard-response","0","241799","0.0-0.0","lcxql6","Sat Sep 24 2022 14:23:00 GMT+0200 (CEST)","2022","9","24","14","23","0","qwe12","Housework","Inner voice","75","49","male","right","75","59","99","12","0","","","",""
"32113278","","","survey-text","1","106421043","0.0-1.0","lcxql6","Sat Sep 24 2022 14:23:00 GMT+0200 (CEST)","2022","9","24","14","23","0","qwe12","Housework","Inner voice","75","49","male","right","75","59","99","12","0","{""Q0"":""qwe12""}","","",""
"18933.999999996275","","","survey-multi-choice","2","106439983","0.0-2.0","lcxql6","Sat Sep 24 2022 14:23:00 GMT+0200 (CEST)","2022","9","24","14","23","0","qwe12","Housework","Inner voice","75","49","male","right","75","59","99","12","0","{""Activity"":""Housework""}","[0]","",""
"3876","","","survey-multi-choice","3","106443862","0.0-3.0","lcxql6","Sat Sep 24 2022 14:23:00 GMT+0200 (CEST)","2022","9","24","14","23","0","qwe12","Housework","Inner voice","75","49","male","right","75","59","99","12","0","{""MentalActivity"":""Inner voice""}","[0]","",""
"17529","","","survey-multi-choice","4","106461398","0.0-4.0","lcxql6","Sat Sep 24 2022 14:23:00 GMT+0200 (CEST)","2022","9","24","14","23","0","qwe12","Housework","Inner voice","75","49","male","right","75","59","99","12","0","{""HeartRate"":""75""}","[0]","",""
"5762.999999996275","","","survey-text","5","106467170","0.0-5.0","lcxql6","Sat Sep 24 2022 14:23:00 GMT+0200 (CEST)","2022","9","24","14","23","0","qwe12","Housework","Inner voice","75","49","male","right","75","59","99","12","0","{""Q0"":""49""}","","",""
"3847","","","survey-multi-choice","6","106471020","0.0-6.0","lcxql6","Sat Sep 24 2022 14:23:00 GMT+0200 (CEST)","2022","9","24","14","23","0","qwe12","Housework","Inner voice","75","49","male","right","75","59","99","12","0","{""Gender"":""male"",""Hand"":""right""}","[0,1]","",""
"8311.000000003725","<p>How Sad/Angry or Happy are you right now?</p>","","html-slider-response","7","106479335","0.0-7.0","lcxql6","Sat Sep 24 2022 14:23:00 GMT+0200 (CEST)","2022","9","24","14","23","0","qwe12","Housework","Inner voice","75","49","male","right","75","59","99","12","0","","","50","75"
"6848","<p>How Tired/Sleepy/Distracted or Fresh/Awake/Alert are you right now?</p>","","html-slider-response","8","106486186","0.0-8.0","lcxql6","Sat Sep 24 2022 14:23:00 GMT+0200 (CEST)","2022","9","24","14","23","0","qwe12","Housework","Inner voice","75","49","male","right","75","59","99","12","0","","","50","59"
"4097","<p>How Hungry or Satiated are you right now?</p>","","html-slider-response","9","106490286","0.0-9.0","lcxql6","Sat Sep 24 2022 14:23:00 GMT+0200 (CEST)","2022","9","24","14","23","0","qwe12","Housework","Inner voice","75","49","male","right","75","59","99","12","0","","","50","99"
"18748","","","survey-multi-choice","10","106509039","0.0-10.0","lcxql6","Sat Sep 24 2022 14:23:00 GMT+0200 (CEST)","2022","9","24","14","23","0","qwe12","Housework","Inner voice","75","49","male","right","75","59","99","12","0","{""Sleep"":""12"",""Eat"":""0""}","[0,1]","",""
