"rt","stimulus","key_press","trial_type","trial_index","time_elapsed","internal_node_id","exp_id","Time","year","month","date","hour","minute","seconds","id","Activity","MentalActivity","HeartRate","age","Gender","Handedness","mood","fresh","hunger","H_since_Sleep","H_since_Eat","responses","question_order","slider_start","response"
"null","<p>Welcome to this 1 min. survey on daily rhythms, body and mood.</p><p>You will be asked to report your heart-rate</p><p>and given some questions about yourself.</p><p>Take the test when prompted and/or at different times of the day/night.</p><p>Please make a personal ID (three letters+ two numbers, e.g. ept23).</p><p>Write it down and use this ID whenever taking the test.</p>","null","html-keyboard-response","0","10018","0.0-0.0","mlrtbr","Wed Sep 14 2022 13:37:45 GMT+0200 (Centraleuropæisk sommertid)","2022","9","14","13","37","45","Cic22","Eating","Inner voice","68","22","female","right","100","88","100","6","0","","","",""
"6430","","","survey-text","1","16476","0.0-1.0","mlrtbr","Wed Sep 14 2022 13:37:45 GMT+0200 (Centraleuropæisk sommertid)","2022","9","14","13","37","45","Cic22","Eating","Inner voice","68","22","female","right","100","88","100","6","0","{""Q0"":""Cic22""}","","",""
"10513.59999999404","","","survey-multi-choice","2","27011","0.0-2.0","mlrtbr","Wed Sep 14 2022 13:37:45 GMT+0200 (Centraleuropæisk sommertid)","2022","9","14","13","37","45","Cic22","Eating","Inner voice","68","22","female","right","100","88","100","6","0","{""Activity"":""Eating""}","[0]","",""
"2689.2000000178814","","","survey-multi-choice","3","29712","0.0-3.0","mlrtbr","Wed Sep 14 2022 13:37:45 GMT+0200 (Centraleuropæisk sommertid)","2022","9","14","13","37","45","Cic22","Eating","Inner voice","68","22","female","right","100","88","100","6","0","{""MentalActivity"":""Inner voice""}","[0]","",""
"12960.600000023842","","","survey-multi-choice","4","42709","0.0-4.0","mlrtbr","Wed Sep 14 2022 13:37:45 GMT+0200 (Centraleuropæisk sommertid)","2022","9","14","13","37","45","Cic22","Eating","Inner voice","68","22","female","right","100","88","100","6","0","{""HeartRate"":""68""}","[0]","",""
"3000.5999999940395","","","survey-text","5","45723","0.0-5.0","mlrtbr","Wed Sep 14 2022 13:37:45 GMT+0200 (Centraleuropæisk sommertid)","2022","9","14","13","37","45","Cic22","Eating","Inner voice","68","22","female","right","100","88","100","6","0","{""Q0"":""22""}","","",""
"2918.300000011921","","","survey-multi-choice","6","48649","0.0-6.0","mlrtbr","Wed Sep 14 2022 13:37:45 GMT+0200 (Centraleuropæisk sommertid)","2022","9","14","13","37","45","Cic22","Eating","Inner voice","68","22","female","right","100","88","100","6","0","{""Gender"":""female"",""Hand"":""right""}","[0,1]","",""
"3690.4000000059605","<p>How Sad/Angry or Happy are you right now?</p>","","html-slider-response","7","52351","0.0-7.0","mlrtbr","Wed Sep 14 2022 13:37:45 GMT+0200 (Centraleuropæisk sommertid)","2022","9","14","13","37","45","Cic22","Eating","Inner voice","68","22","female","right","100","88","100","6","0","","","50","100"
"4616.5","<p>How Tired/Sleepy/Distracted or Fresh/Awake/Alert are you right now?</p>","","html-slider-response","8","56975","0.0-8.0","mlrtbr","Wed Sep 14 2022 13:37:45 GMT+0200 (Centraleuropæisk sommertid)","2022","9","14","13","37","45","Cic22","Eating","Inner voice","68","22","female","right","100","88","100","6","0","","","50","88"
"3849.0999999940395","<p>How Hungry or Satiated are you right now?</p>","","html-slider-response","9","60831","0.0-9.0","mlrtbr","Wed Sep 14 2022 13:37:45 GMT+0200 (Centraleuropæisk sommertid)","2022","9","14","13","37","45","Cic22","Eating","Inner voice","68","22","female","right","100","88","100","6","0","","","50","100"
"13953","","","survey-multi-choice","10","74803","0.0-10.0","mlrtbr","Wed Sep 14 2022 13:37:45 GMT+0200 (Centraleuropæisk sommertid)","2022","9","14","13","37","45","Cic22","Eating","Inner voice","68","22","female","right","100","88","100","6","0","{""Sleep"":""6"",""Eat"":""0""}","[0,1]","",""
