"rt","stimulus","key_press","trial_type","trial_index","time_elapsed","internal_node_id","exp_id","Time","year","month","date","hour","minute","seconds","id","Activity","MentalActivity","HeartRate","age","Gender","Handedness","mood","fresh","hunger","H_since_Sleep","H_since_Eat","responses","question_order","slider_start","response"
"null","<p>Welcome to this 1 min. survey on daily rhythms, body and mood.</p><p>You will be asked to report your heart-rate</p><p>and given some questions about yourself.</p><p>Take the test when prompted and/or at different times of the day/night.</p><p>Please make a personal ID (three letters+ two numbers, e.g. ept23).</p><p>Write it down and use this ID whenever taking the test.</p>","null","html-keyboard-response","0","10020","0.0-0.0","lba6e4","Fri Sep 09 2022 07:05:28 GMT+0200 (Central European Summer Time)","2022","9","9","7","5","28","POP33","Sleeping, Resting","Unsymbolized thinking","57","25","female","right","55","28","38","0","12","","","",""
"53041.5","","","survey-text","1","63093","0.0-1.0","lba6e4","Fri Sep 09 2022 07:05:28 GMT+0200 (Central European Summer Time)","2022","9","9","7","5","28","POP33","Sleeping, Resting","Unsymbolized thinking","57","25","female","right","55","28","38","0","12","{""Q0"":""POP33""}","","",""
"7318.299999982119","","","survey-multi-choice","2","70437","0.0-2.0","lba6e4","Fri Sep 09 2022 07:05:28 GMT+0200 (Central European Summer Time)","2022","9","9","7","5","28","POP33","Sleeping, Resting","Unsymbolized thinking","57","25","female","right","55","28","38","0","12","{""Activity"":""Sleeping, Resting""}","[0]","",""
"14892","","","survey-multi-choice","3","85337","0.0-3.0","lba6e4","Fri Sep 09 2022 07:05:28 GMT+0200 (Central European Summer Time)","2022","9","9","7","5","28","POP33","Sleeping, Resting","Unsymbolized thinking","57","25","female","right","55","28","38","0","12","{""MentalActivity"":""Unsymbolized thinking""}","[0]","",""
"6618","","","survey-multi-choice","4","91973","0.0-4.0","lba6e4","Fri Sep 09 2022 07:05:28 GMT+0200 (Central European Summer Time)","2022","9","9","7","5","28","POP33","Sleeping, Resting","Unsymbolized thinking","57","25","female","right","55","28","38","0","12","{""HeartRate"":""57""}","[0]","",""
"6465.800000011921","","","survey-text","5","98450","0.0-5.0","lba6e4","Fri Sep 09 2022 07:05:28 GMT+0200 (Central European Summer Time)","2022","9","9","7","5","28","POP33","Sleeping, Resting","Unsymbolized thinking","57","25","female","right","55","28","38","0","12","{""Q0"":""25""}","","",""
"4361","","","survey-multi-choice","6","102820","0.0-6.0","lba6e4","Fri Sep 09 2022 07:05:28 GMT+0200 (Central European Summer Time)","2022","9","9","7","5","28","POP33","Sleeping, Resting","Unsymbolized thinking","57","25","female","right","55","28","38","0","12","{""Gender"":""female"",""Hand"":""right""}","[0,1]","",""
"5465.4000000059605","<p>How Sad/Angry or Happy are you right now?</p>","","html-slider-response","7","108293","0.0-7.0","lba6e4","Fri Sep 09 2022 07:05:28 GMT+0200 (Central European Summer Time)","2022","9","9","7","5","28","POP33","Sleeping, Resting","Unsymbolized thinking","57","25","female","right","55","28","38","0","12","","","50","55"
"5977","<p>How Tired/Sleepy/Distracted or Fresh/Awake/Alert are you right now?</p>","","html-slider-response","8","114275","0.0-8.0","lba6e4","Fri Sep 09 2022 07:05:28 GMT+0200 (Central European Summer Time)","2022","9","9","7","5","28","POP33","Sleeping, Resting","Unsymbolized thinking","57","25","female","right","55","28","38","0","12","","","50","28"
"7153","<p>How Hungry or Satiated are you right now?</p>","","html-slider-response","9","121434","0.0-9.0","lba6e4","Fri Sep 09 2022 07:05:28 GMT+0200 (Central European Summer Time)","2022","9","9","7","5","28","POP33","Sleeping, Resting","Unsymbolized thinking","57","25","female","right","55","28","38","0","12","","","50","38"
"30384.79999998212","","","survey-multi-choice","10","151830","0.0-10.0","lba6e4","Fri Sep 09 2022 07:05:28 GMT+0200 (Central European Summer Time)","2022","9","9","7","5","28","POP33","Sleeping, Resting","Unsymbolized thinking","57","25","female","right","55","28","38","0","12","{""Sleep"":""0"",""Eat"":""12""}","[0,1]","",""
