"rt","stimulus","key_press","trial_type","trial_index","time_elapsed","internal_node_id","exp_id","Time","year","month","date","hour","minute","seconds","id","Activity","MentalActivity","HeartRate","age","Gender","Handedness","mood","fresh","hunger","H_since_Sleep","H_since_Eat","responses","question_order","slider_start","response"
"null","<p>Welcome to this 1 min. survey on daily rhythms, body and mood.</p><p>You will be asked to report your heart-rate</p><p>and given some questions about yourself.</p><p>Take the test when prompted and/or at different times of the day/night.</p><p>Please make a personal ID (three letters+ two numbers, e.g. ept23).</p><p>Write it down and use this ID whenever taking the test.</p>","null","html-keyboard-response","0","10011","0.0-0.0","zksboe","Fri Oct 07 2022 08:32:26 GMT+0200 (Centraleuropæisk sommertid)","2022","10","7","8","32","26","kau00","Eating","Inner voice","81","23","female","right","63","75","95","0","0","","","",""
"5312.000000000002","","","survey-text","1","15358","0.0-1.0","zksboe","Fri Oct 07 2022 08:32:26 GMT+0200 (Centraleuropæisk sommertid)","2022","10","7","8","32","26","kau00","Eating","Inner voice","81","23","female","right","63","75","95","0","0","{""Q0"":""kau00""}","","",""
"9227","","","survey-multi-choice","2","24591","0.0-2.0","zksboe","Fri Oct 07 2022 08:32:26 GMT+0200 (Centraleuropæisk sommertid)","2022","10","7","8","32","26","kau00","Eating","Inner voice","81","23","female","right","63","75","95","0","0","{""Activity"":""Eating""}","[0]","",""
"2656","","","survey-multi-choice","3","27251","0.0-3.0","zksboe","Fri Oct 07 2022 08:32:26 GMT+0200 (Centraleuropæisk sommertid)","2022","10","7","8","32","26","kau00","Eating","Inner voice","81","23","female","right","63","75","95","0","0","{""MentalActivity"":""Inner voice""}","[0]","",""
"39806","","","survey-multi-choice","4","67065","0.0-4.0","zksboe","Fri Oct 07 2022 08:32:26 GMT+0200 (Centraleuropæisk sommertid)","2022","10","7","8","32","26","kau00","Eating","Inner voice","81","23","female","right","63","75","95","0","0","{""HeartRate"":""81""}","[0]","",""
"2378","","","survey-text","5","69454","0.0-5.0","zksboe","Fri Oct 07 2022 08:32:26 GMT+0200 (Centraleuropæisk sommertid)","2022","10","7","8","32","26","kau00","Eating","Inner voice","81","23","female","right","63","75","95","0","0","{""Q0"":""23""}","","",""
"3030","","","survey-multi-choice","6","72488","0.0-6.0","zksboe","Fri Oct 07 2022 08:32:26 GMT+0200 (Centraleuropæisk sommertid)","2022","10","7","8","32","26","kau00","Eating","Inner voice","81","23","female","right","63","75","95","0","0","{""Gender"":""female"",""Hand"":""right""}","[0,1]","",""
"3237","<p>How Sad/Angry or Happy are you right now?</p>","","html-slider-response","7","75731","0.0-7.0","zksboe","Fri Oct 07 2022 08:32:26 GMT+0200 (Centraleuropæisk sommertid)","2022","10","7","8","32","26","kau00","Eating","Inner voice","81","23","female","right","63","75","95","0","0","","","50","63"
"5300","<p>How Tired/Sleepy/Distracted or Fresh/Awake/Alert are you right now?</p>","","html-slider-response","8","81033","0.0-8.0","zksboe","Fri Oct 07 2022 08:32:26 GMT+0200 (Centraleuropæisk sommertid)","2022","10","7","8","32","26","kau00","Eating","Inner voice","81","23","female","right","63","75","95","0","0","","","50","75"
"2655","<p>How Hungry or Satiated are you right now?</p>","","html-slider-response","9","83694","0.0-9.0","zksboe","Fri Oct 07 2022 08:32:26 GMT+0200 (Centraleuropæisk sommertid)","2022","10","7","8","32","26","kau00","Eating","Inner voice","81","23","female","right","63","75","95","0","0","","","50","95"
"8562","","","survey-multi-choice","10","92262","0.0-10.0","zksboe","Fri Oct 07 2022 08:32:26 GMT+0200 (Centraleuropæisk sommertid)","2022","10","7","8","32","26","kau00","Eating","Inner voice","81","23","female","right","63","75","95","0","0","{""Sleep"":""0"",""Eat"":""0""}","[0,1]","",""
