"rt","stimulus","key_press","trial_type","trial_index","time_elapsed","internal_node_id","exp_id","Time","year","month","date","hour","minute","seconds","id","Activity","MentalActivity","HeartRate","age","Gender","Handedness","mood","fresh","hunger","H_since_Sleep","H_since_Eat","responses","question_order","slider_start","response"
"null","<p>Welcome to this 1 min. survey on daily rhythms, body and mood.</p><p>You will be asked to report your heart-rate</p><p>and given some questions about yourself.</p><p>Take the test when prompted and/or at different times of the day/night.</p><p>Please make a personal ID (three letters+ two numbers, e.g. ept23).</p><p>Write it down and use this ID whenever taking the test.</p>","null","html-keyboard-response","0","10012","0.0-0.0","tvbyqn","Tue Oct 11 2022 22:16:12 GMT+0200 (CEST)","2022","10","11","22","16","12","yfg54","Being on the Internet","Unsymbolized thinking","60","23","female","right","65","12","66","16","2","","","",""
"10618","","","survey-text","1","20805","0.0-1.0","tvbyqn","Tue Oct 11 2022 22:16:12 GMT+0200 (CEST)","2022","10","11","22","16","12","yfg54","Being on the Internet","Unsymbolized thinking","60","23","female","right","65","12","66","16","2","{""Q0"":""yfg54""}","","",""
"5828","","","survey-multi-choice","2","26656","0.0-2.0","tvbyqn","Tue Oct 11 2022 22:16:12 GMT+0200 (CEST)","2022","10","11","22","16","12","yfg54","Being on the Internet","Unsymbolized thinking","60","23","female","right","65","12","66","16","2","{""Activity"":""Being on the Internet""}","[0]","",""
"10533","","","survey-multi-choice","3","37192","0.0-3.0","tvbyqn","Tue Oct 11 2022 22:16:12 GMT+0200 (CEST)","2022","10","11","22","16","12","yfg54","Being on the Internet","Unsymbolized thinking","60","23","female","right","65","12","66","16","2","{""MentalActivity"":""Unsymbolized thinking""}","[0]","",""
"41682","","","survey-multi-choice","4","78883","0.0-4.0","tvbyqn","Tue Oct 11 2022 22:16:12 GMT+0200 (CEST)","2022","10","11","22","16","12","yfg54","Being on the Internet","Unsymbolized thinking","60","23","female","right","65","12","66","16","2","{""HeartRate"":""60""}","[0]","",""
"3132.0000000000146","","","survey-text","5","82035","0.0-5.0","tvbyqn","Tue Oct 11 2022 22:16:12 GMT+0200 (CEST)","2022","10","11","22","16","12","yfg54","Being on the Internet","Unsymbolized thinking","60","23","female","right","65","12","66","16","2","{""Q0"":""23""}","","",""
"3229","","","survey-multi-choice","6","85268","0.0-6.0","tvbyqn","Tue Oct 11 2022 22:16:12 GMT+0200 (CEST)","2022","10","11","22","16","12","yfg54","Being on the Internet","Unsymbolized thinking","60","23","female","right","65","12","66","16","2","{""Gender"":""female"",""Hand"":""right""}","[0,1]","",""
"6114.999999999985","<p>How Sad/Angry or Happy are you right now?</p>","","html-slider-response","7","91395","0.0-7.0","tvbyqn","Tue Oct 11 2022 22:16:12 GMT+0200 (CEST)","2022","10","11","22","16","12","yfg54","Being on the Internet","Unsymbolized thinking","60","23","female","right","65","12","66","16","2","","","50","65"
"13109","<p>How Tired/Sleepy/Distracted or Fresh/Awake/Alert are you right now?</p>","","html-slider-response","8","104508","0.0-8.0","tvbyqn","Tue Oct 11 2022 22:16:12 GMT+0200 (CEST)","2022","10","11","22","16","12","yfg54","Being on the Internet","Unsymbolized thinking","60","23","female","right","65","12","66","16","2","","","50","12"
"5261.000000000015","<p>How Hungry or Satiated are you right now?</p>","","html-slider-response","9","109773","0.0-9.0","tvbyqn","Tue Oct 11 2022 22:16:12 GMT+0200 (CEST)","2022","10","11","22","16","12","yfg54","Being on the Internet","Unsymbolized thinking","60","23","female","right","65","12","66","16","2","","","50","66"
"65601.00000000003","","","survey-multi-choice","10","175387","0.0-10.0","tvbyqn","Tue Oct 11 2022 22:16:12 GMT+0200 (CEST)","2022","10","11","22","16","12","yfg54","Being on the Internet","Unsymbolized thinking","60","23","female","right","65","12","66","16","2","{""Sleep"":""16"",""Eat"":""2""}","[0,1]","",""
