"rt","stimulus","key_press","trial_type","trial_index","time_elapsed","internal_node_id","exp_id","Time","year","month","date","hour","minute","seconds","id","Activity","MentalActivity","HeartRate","age","Gender","Handedness","mood","fresh","hunger","H_since_Sleep","H_since_Eat","responses","question_order","slider_start","response"
"null","<p>Welcome to this 1 min. survey on daily rhythms, body and mood.</p><p>You will be asked to report your heart-rate</p><p>and given some questions about yourself.</p><p>Take the test when prompted and/or at different times of the day/night.</p><p>Please make a personal ID (three letters+ two numbers, e.g. ept23).</p><p>Write it down and use this ID whenever taking the test.</p>","null","html-keyboard-response","0","10007","0.0-0.0","1xlyem","Fri Sep 09 2022 05:51:41 GMT+0200 (CEST)","2022","9","9","5","51","41","qwe12","Sleeping, Resting","Sensory awareness","58","49","male","right","54","28","38","0","11","","","",""
"10244","","","survey-text","1","20263","0.0-1.0","1xlyem","Fri Sep 09 2022 05:51:41 GMT+0200 (CEST)","2022","9","9","5","51","41","qwe12","Sleeping, Resting","Sensory awareness","58","49","male","right","54","28","38","0","11","{""Q0"":""qwe12""}","","",""
"14891","","","survey-multi-choice","2","35158","0.0-2.0","1xlyem","Fri Sep 09 2022 05:51:41 GMT+0200 (CEST)","2022","9","9","5","51","41","qwe12","Sleeping, Resting","Sensory awareness","58","49","male","right","54","28","38","0","11","{""Activity"":""Sleeping, Resting""}","[0]","",""
"11381","","","survey-multi-choice","3","46541","0.0-3.0","1xlyem","Fri Sep 09 2022 05:51:41 GMT+0200 (CEST)","2022","9","9","5","51","41","qwe12","Sleeping, Resting","Sensory awareness","58","49","male","right","54","28","38","0","11","{""MentalActivity"":""Sensory awareness""}","[0]","",""
"13867","","","survey-multi-choice","4","60415","0.0-4.0","1xlyem","Fri Sep 09 2022 05:51:41 GMT+0200 (CEST)","2022","9","9","5","51","41","qwe12","Sleeping, Resting","Sensory awareness","58","49","male","right","54","28","38","0","11","{""HeartRate"":""58""}","[0]","",""
"6698","","","survey-text","5","67121","0.0-5.0","1xlyem","Fri Sep 09 2022 05:51:41 GMT+0200 (CEST)","2022","9","9","5","51","41","qwe12","Sleeping, Resting","Sensory awareness","58","49","male","right","54","28","38","0","11","{""Q0"":""49""}","","",""
"6174","","","survey-multi-choice","6","73297","0.0-6.0","1xlyem","Fri Sep 09 2022 05:51:41 GMT+0200 (CEST)","2022","9","9","5","51","41","qwe12","Sleeping, Resting","Sensory awareness","58","49","male","right","54","28","38","0","11","{""Gender"":""male"",""Hand"":""right""}","[0,1]","",""
"12726","<p>How Sad/Angry or Happy are you right now?</p>","","html-slider-response","7","86027","0.0-7.0","1xlyem","Fri Sep 09 2022 05:51:41 GMT+0200 (CEST)","2022","9","9","5","51","41","qwe12","Sleeping, Resting","Sensory awareness","58","49","male","right","54","28","38","0","11","","","50","54"
"9402","<p>How Tired/Sleepy/Distracted or Fresh/Awake/Alert are you right now?</p>","","html-slider-response","8","95431","0.0-8.0","1xlyem","Fri Sep 09 2022 05:51:41 GMT+0200 (CEST)","2022","9","9","5","51","41","qwe12","Sleeping, Resting","Sensory awareness","58","49","male","right","54","28","38","0","11","","","50","28"
"4900.000000000015","<p>How Hungry or Satiated are you right now?</p>","","html-slider-response","9","100334","0.0-9.0","1xlyem","Fri Sep 09 2022 05:51:41 GMT+0200 (CEST)","2022","9","9","5","51","41","qwe12","Sleeping, Resting","Sensory awareness","58","49","male","right","54","28","38","0","11","","","50","38"
"38510","","","survey-multi-choice","10","138848","0.0-10.0","1xlyem","Fri Sep 09 2022 05:51:41 GMT+0200 (CEST)","2022","9","9","5","51","41","qwe12","Sleeping, Resting","Sensory awareness","58","49","male","right","54","28","38","0","11","{""Sleep"":""0"",""Eat"":""11""}","[0,1]","",""
