"rt","stimulus","key_press","trial_type","trial_index","time_elapsed","internal_node_id","exp_id","Time","year","month","date","hour","minute","seconds","id","Activity","MentalActivity","HeartRate","age","Gender","Handedness","mood","fresh","hunger","H_since_Sleep","H_since_Eat","responses","question_order","slider_start","response"
"null","<p>Welcome to this 1 min. survey on daily rhythms, body and mood.</p><p>You will be asked to report your heart-rate</p><p>and given some questions about yourself.</p><p>Take the test when prompted and/or at different times of the day/night.</p><p>Please make a personal ID (three letters+ two numbers, e.g. ept23).</p><p>Write it down and use this ID whenever taking the test.</p>","null","html-keyboard-response","0","10004","0.0-0.0","zs7nnt","Tue Oct 18 2022 00:34:10 GMT+0200 (CEST)","2022","10","18","0","34","10","qwe12","Sleeping, Resting","Inner voice","50","49","male","right","81","38","65","18","1","","","",""
"27391","","","survey-text","1","37409","0.0-1.0","zs7nnt","Tue Oct 18 2022 00:34:10 GMT+0200 (CEST)","2022","10","18","0","34","10","qwe12","Sleeping, Resting","Inner voice","50","49","male","right","81","38","65","18","1","{""Q0"":""qwe12""}","","",""
"7918","","","survey-multi-choice","2","45332","0.0-2.0","zs7nnt","Tue Oct 18 2022 00:34:10 GMT+0200 (CEST)","2022","10","18","0","34","10","qwe12","Sleeping, Resting","Inner voice","50","49","male","right","81","38","65","18","1","{""Activity"":""Sleeping, Resting""}","[0]","",""
"5145","","","survey-multi-choice","3","50479","0.0-3.0","zs7nnt","Tue Oct 18 2022 00:34:10 GMT+0200 (CEST)","2022","10","18","0","34","10","qwe12","Sleeping, Resting","Inner voice","50","49","male","right","81","38","65","18","1","{""MentalActivity"":""Inner voice""}","[0]","",""
"32376","","","survey-multi-choice","4","82862","0.0-4.0","zs7nnt","Tue Oct 18 2022 00:34:10 GMT+0200 (CEST)","2022","10","18","0","34","10","qwe12","Sleeping, Resting","Inner voice","50","49","male","right","81","38","65","18","1","{""HeartRate"":""50""}","[0]","",""
"6479","","","survey-text","5","89350","0.0-5.0","zs7nnt","Tue Oct 18 2022 00:34:10 GMT+0200 (CEST)","2022","10","18","0","34","10","qwe12","Sleeping, Resting","Inner voice","50","49","male","right","81","38","65","18","1","{""Q0"":""49""}","","",""
"3900","","","survey-multi-choice","6","93251","0.0-6.0","zs7nnt","Tue Oct 18 2022 00:34:10 GMT+0200 (CEST)","2022","10","18","0","34","10","qwe12","Sleeping, Resting","Inner voice","50","49","male","right","81","38","65","18","1","{""Gender"":""male"",""Hand"":""right""}","[0,1]","",""
"6941","<p>How Sad/Angry or Happy are you right now?</p>","","html-slider-response","7","100196","0.0-7.0","zs7nnt","Tue Oct 18 2022 00:34:10 GMT+0200 (CEST)","2022","10","18","0","34","10","qwe12","Sleeping, Resting","Inner voice","50","49","male","right","81","38","65","18","1","","","50","81"
"6221","<p>How Tired/Sleepy/Distracted or Fresh/Awake/Alert are you right now?</p>","","html-slider-response","8","106421","0.0-8.0","zs7nnt","Tue Oct 18 2022 00:34:10 GMT+0200 (CEST)","2022","10","18","0","34","10","qwe12","Sleeping, Resting","Inner voice","50","49","male","right","81","38","65","18","1","","","50","38"
"9942","<p>How Hungry or Satiated are you right now?</p>","","html-slider-response","9","116369","0.0-9.0","zs7nnt","Tue Oct 18 2022 00:34:10 GMT+0200 (CEST)","2022","10","18","0","34","10","qwe12","Sleeping, Resting","Inner voice","50","49","male","right","81","38","65","18","1","","","50","65"
"44239","","","survey-multi-choice","10","160613","0.0-10.0","zs7nnt","Tue Oct 18 2022 00:34:10 GMT+0200 (CEST)","2022","10","18","0","34","10","qwe12","Sleeping, Resting","Inner voice","50","49","male","right","81","38","65","18","1","{""Sleep"":""18"",""Eat"":""1""}","[0,1]","",""
