"rt","stimulus","key_press","trial_type","trial_index","time_elapsed","internal_node_id","exp_id","Time","year","month","date","hour","minute","seconds","id","Activity","MentalActivity","HeartRate","age","Gender","Handedness","mood","fresh","hunger","H_since_Sleep","H_since_Eat","responses","question_order","slider_start","response"
"null","<p>Welcome to this 1 min. survey on daily rhythms, body and mood.</p><p>You will be asked to report your heart-rate</p><p>and given some questions about yourself.</p><p>Take the test when prompted and/or at different times of the day/night.</p><p>Please make a personal ID (three letters+ two numbers, e.g. ept23).</p><p>Write it down and use this ID whenever taking the test.</p>","null","html-keyboard-response","0","10017","0.0-0.0","lt6d6o","Sat Nov 19 2022 14:00:50 GMT+0100 (Centraleuropæisk normaltid)","2022","11","19","14","0","50","kau00","Eating","Inner voice","72","23","female","right","71","38","69","5","0","","","",""
"6028","","","survey-text","1","16085","0.0-1.0","lt6d6o","Sat Nov 19 2022 14:00:50 GMT+0100 (Centraleuropæisk normaltid)","2022","11","19","14","0","50","kau00","Eating","Inner voice","72","23","female","right","71","38","69","5","0","{""Q0"":""kau00""}","","",""
"8823","","","survey-multi-choice","2","24914","0.0-2.0","lt6d6o","Sat Nov 19 2022 14:00:50 GMT+0100 (Centraleuropæisk normaltid)","2022","11","19","14","0","50","kau00","Eating","Inner voice","72","23","female","right","71","38","69","5","0","{""Activity"":""Eating""}","[0]","",""
"10218","","","survey-multi-choice","3","35134","0.0-3.0","lt6d6o","Sat Nov 19 2022 14:00:50 GMT+0100 (Centraleuropæisk normaltid)","2022","11","19","14","0","50","kau00","Eating","Inner voice","72","23","female","right","71","38","69","5","0","{""MentalActivity"":""Inner voice""}","[0]","",""
"36366","","","survey-multi-choice","4","71506","0.0-4.0","lt6d6o","Sat Nov 19 2022 14:00:50 GMT+0100 (Centraleuropæisk normaltid)","2022","11","19","14","0","50","kau00","Eating","Inner voice","72","23","female","right","71","38","69","5","0","{""HeartRate"":""72""}","[0]","",""
"2412","","","survey-text","5","73940","0.0-5.0","lt6d6o","Sat Nov 19 2022 14:00:50 GMT+0100 (Centraleuropæisk normaltid)","2022","11","19","14","0","50","kau00","Eating","Inner voice","72","23","female","right","71","38","69","5","0","{""Q0"":""23""}","","",""
"4301","","","survey-multi-choice","6","78244","0.0-6.0","lt6d6o","Sat Nov 19 2022 14:00:50 GMT+0100 (Centraleuropæisk normaltid)","2022","11","19","14","0","50","kau00","Eating","Inner voice","72","23","female","right","71","38","69","5","0","{""Gender"":""female"",""Hand"":""right""}","[0,1]","",""
"4253","<p>How Sad/Angry or Happy are you right now?</p>","","html-slider-response","7","82506","0.0-7.0","lt6d6o","Sat Nov 19 2022 14:00:50 GMT+0100 (Centraleuropæisk normaltid)","2022","11","19","14","0","50","kau00","Eating","Inner voice","72","23","female","right","71","38","69","5","0","","","50","71"
"3561.0000000000146","<p>How Tired/Sleepy/Distracted or Fresh/Awake/Alert are you right now?</p>","","html-slider-response","8","86070","0.0-8.0","lt6d6o","Sat Nov 19 2022 14:00:50 GMT+0100 (Centraleuropæisk normaltid)","2022","11","19","14","0","50","kau00","Eating","Inner voice","72","23","female","right","71","38","69","5","0","","","50","38"
"3794.9999999999854","<p>How Hungry or Satiated are you right now?</p>","","html-slider-response","9","89868","0.0-9.0","lt6d6o","Sat Nov 19 2022 14:00:50 GMT+0100 (Centraleuropæisk normaltid)","2022","11","19","14","0","50","kau00","Eating","Inner voice","72","23","female","right","71","38","69","5","0","","","50","69"
"6726","","","survey-multi-choice","10","96599","0.0-10.0","lt6d6o","Sat Nov 19 2022 14:00:50 GMT+0100 (Centraleuropæisk normaltid)","2022","11","19","14","0","50","kau00","Eating","Inner voice","72","23","female","right","71","38","69","5","0","{""Sleep"":""5"",""Eat"":""0""}","[0,1]","",""
