"rt","stimulus","key_press","trial_type","trial_index","time_elapsed","internal_node_id","exp_id","Time","year","month","date","hour","minute","seconds","id","Activity","MentalActivity","HeartRate","age","Gender","Handedness","mood","fresh","hunger","H_since_Sleep","H_since_Eat","responses","question_order","slider_start","response"
"null","<p>Welcome to this 1 min. survey on daily rhythms, body and mood.</p><p>You will be asked to report your heart-rate</p><p>and given some questions about yourself.</p><p>Take the test when prompted and/or at different times of the day/night.</p><p>Please make a personal ID (three letters+ two numbers, e.g. ept23).</p><p>Write it down and use this ID whenever taking the test.</p>","null","html-keyboard-response","0","10019","0.0-0.0","5h4e0l","Sat Sep 10 2022 13:48:36 GMT+0200 (CEST)","2022","9","10","13","48","36","yfg54","Housework","Sensory awareness","105","23","female","right","68","66","35","7","0","","","",""
"6675","","","survey-text","1","16718","0.0-1.0","5h4e0l","Sat Sep 10 2022 13:48:36 GMT+0200 (CEST)","2022","9","10","13","48","36","yfg54","Housework","Sensory awareness","105","23","female","right","68","66","35","7","0","{""Q0"":""yfg54""}","","",""
"34227","","","survey-multi-choice","2","50951","0.0-2.0","5h4e0l","Sat Sep 10 2022 13:48:36 GMT+0200 (CEST)","2022","9","10","13","48","36","yfg54","Housework","Sensory awareness","105","23","female","right","68","66","35","7","0","{""Activity"":""Housework""}","[0]","",""
"7802.000000000007","","","survey-multi-choice","3","58757","0.0-3.0","5h4e0l","Sat Sep 10 2022 13:48:36 GMT+0200 (CEST)","2022","9","10","13","48","36","yfg54","Housework","Sensory awareness","105","23","female","right","68","66","35","7","0","{""MentalActivity"":""Sensory awareness""}","[0]","",""
"41213","","","survey-multi-choice","4","99982","0.0-4.0","5h4e0l","Sat Sep 10 2022 13:48:36 GMT+0200 (CEST)","2022","9","10","13","48","36","yfg54","Housework","Sensory awareness","105","23","female","right","68","66","35","7","0","{""HeartRate"":""105""}","[0]","",""
"3247","","","survey-text","5","103244","0.0-5.0","5h4e0l","Sat Sep 10 2022 13:48:36 GMT+0200 (CEST)","2022","9","10","13","48","36","yfg54","Housework","Sensory awareness","105","23","female","right","68","66","35","7","0","{""Q0"":""23""}","","",""
"4449","","","survey-multi-choice","6","107697","0.0-6.0","5h4e0l","Sat Sep 10 2022 13:48:36 GMT+0200 (CEST)","2022","9","10","13","48","36","yfg54","Housework","Sensory awareness","105","23","female","right","68","66","35","7","0","{""Gender"":""female"",""Hand"":""right""}","[0,1]","",""
"6886","<p>How Sad/Angry or Happy are you right now?</p>","","html-slider-response","7","114596","0.0-7.0","5h4e0l","Sat Sep 10 2022 13:48:36 GMT+0200 (CEST)","2022","9","10","13","48","36","yfg54","Housework","Sensory awareness","105","23","female","right","68","66","35","7","0","","","50","68"
"8287","<p>How Tired/Sleepy/Distracted or Fresh/Awake/Alert are you right now?</p>","","html-slider-response","8","122886","0.0-8.0","5h4e0l","Sat Sep 10 2022 13:48:36 GMT+0200 (CEST)","2022","9","10","13","48","36","yfg54","Housework","Sensory awareness","105","23","female","right","68","66","35","7","0","","","50","66"
"5746","<p>How Hungry or Satiated are you right now?</p>","","html-slider-response","9","128637","0.0-9.0","5h4e0l","Sat Sep 10 2022 13:48:36 GMT+0200 (CEST)","2022","9","10","13","48","36","yfg54","Housework","Sensory awareness","105","23","female","right","68","66","35","7","0","","","50","35"
"30203.000000000015","","","survey-multi-choice","10","158848","0.0-10.0","5h4e0l","Sat Sep 10 2022 13:48:36 GMT+0200 (CEST)","2022","9","10","13","48","36","yfg54","Housework","Sensory awareness","105","23","female","right","68","66","35","7","0","{""Sleep"":""7"",""Eat"":""0""}","[0,1]","",""
