"rt","stimulus","key_press","trial_type","trial_index","time_elapsed","internal_node_id","exp_id","Time","year","month","date","hour","minute","seconds","id","Activity","MentalActivity","HeartRate","age","Gender","Handedness","mood","fresh","hunger","H_since_Sleep","H_since_Eat","responses","question_order","slider_start","response"
"null","<p>Welcome to this 1 min. survey on daily rhythms, body and mood.</p><p>You will be asked to report your heart-rate</p><p>and given some questions about yourself.</p><p>Take the test when prompted and/or at different times of the day/night.</p><p>Please make a personal ID (three letters+ two numbers, e.g. ept23).</p><p>Write it down and use this ID whenever taking the test.</p>","null","html-keyboard-response","0","10016","0.0-0.0","zqapt9","Mon Sep 12 2022 22:22:32 GMT+0200 (Central European Summer Time)","2022","9","12","22","22","32","jqi11","Sleeping, Resting","Feelings","66","28","female","right","77","6","100","6","3","","","",""
"19782.199999928474","","","survey-text","1","29825","0.0-1.0","zqapt9","Mon Sep 12 2022 22:22:32 GMT+0200 (Central European Summer Time)","2022","9","12","22","22","32","jqi11","Sleeping, Resting","Feelings","66","28","female","right","77","6","100","6","3","{""Q0"":""jqi11""}","","",""
"17194.399999976158","","","survey-multi-choice","2","47035","0.0-2.0","zqapt9","Mon Sep 12 2022 22:22:32 GMT+0200 (Central European Summer Time)","2022","9","12","22","22","32","jqi11","Sleeping, Resting","Feelings","66","28","female","right","77","6","100","6","3","{""Activity"":""Sleeping, Resting""}","[0]","",""
"12206.300000071526","","","survey-multi-choice","3","59256","0.0-3.0","zqapt9","Mon Sep 12 2022 22:22:32 GMT+0200 (Central European Summer Time)","2022","9","12","22","22","32","jqi11","Sleeping, Resting","Feelings","66","28","female","right","77","6","100","6","3","{""MentalActivity"":""Feelings""}","[0]","",""
"31246.199999928474","","","survey-multi-choice","4","90543","0.0-4.0","zqapt9","Mon Sep 12 2022 22:22:32 GMT+0200 (Central European Summer Time)","2022","9","12","22","22","32","jqi11","Sleeping, Resting","Feelings","66","28","female","right","77","6","100","6","3","{""HeartRate"":""66""}","[0]","",""
"5988.700000047684","","","survey-text","5","96544","0.0-5.0","zqapt9","Mon Sep 12 2022 22:22:32 GMT+0200 (Central European Summer Time)","2022","9","12","22","22","32","jqi11","Sleeping, Resting","Feelings","66","28","female","right","77","6","100","6","3","{""Q0"":""28""}","","",""
"8741.100000023842","","","survey-multi-choice","6","105298","0.0-6.0","zqapt9","Mon Sep 12 2022 22:22:32 GMT+0200 (Central European Summer Time)","2022","9","12","22","22","32","jqi11","Sleeping, Resting","Feelings","66","28","female","right","77","6","100","6","3","{""Gender"":""female"",""Hand"":""right""}","[0,1]","",""
"21341.399999976158","<p>How Sad/Angry or Happy are you right now?</p>","","html-slider-response","7","126653","0.0-7.0","zqapt9","Mon Sep 12 2022 22:22:32 GMT+0200 (Central European Summer Time)","2022","9","12","22","22","32","jqi11","Sleeping, Resting","Feelings","66","28","female","right","77","6","100","6","3","","","50","77"
"13516.600000023842","<p>How Tired/Sleepy/Distracted or Fresh/Awake/Alert are you right now?</p>","","html-slider-response","8","140177","0.0-8.0","zqapt9","Mon Sep 12 2022 22:22:32 GMT+0200 (Central European Summer Time)","2022","9","12","22","22","32","jqi11","Sleeping, Resting","Feelings","66","28","female","right","77","6","100","6","3","","","50","6"
"14374","<p>How Hungry or Satiated are you right now?</p>","","html-slider-response","9","154561","0.0-9.0","zqapt9","Mon Sep 12 2022 22:22:32 GMT+0200 (Central European Summer Time)","2022","9","12","22","22","32","jqi11","Sleeping, Resting","Feelings","66","28","female","right","77","6","100","6","3","","","50","100"
"44973.39999997616","","","survey-multi-choice","10","199565","0.0-10.0","zqapt9","Mon Sep 12 2022 22:22:32 GMT+0200 (Central European Summer Time)","2022","9","12","22","22","32","jqi11","Sleeping, Resting","Feelings","66","28","female","right","77","6","100","6","3","{""Sleep"":""6"",""Eat"":""3""}","[0,1]","",""
