"rt","stimulus","key_press","trial_type","trial_index","time_elapsed","internal_node_id","exp_id","Time","year","month","date","hour","minute","seconds","id","Activity","MentalActivity","HeartRate","age","Gender","Handedness","mood","fresh","hunger","H_since_Sleep","H_since_Eat","responses","question_order","slider_start","response"
"null","<p>Welcome to this 1 min. survey on daily rhythms, body and mood.</p><p>You will be asked to report your heart-rate</p><p>and given some questions about yourself.</p><p>Take the test when prompted and/or at different times of the day/night.</p><p>Please make a personal ID (three letters+ two numbers, e.g. ept23).</p><p>Write it down and use this ID whenever taking the test.</p>","null","html-keyboard-response","0","10017","0.0-0.0","lkq4f9","Thu Sep 22 2022 22:11:05 GMT+0200 (CEST)","2022","9","22","22","11","5","www12","Sleeping, Resting","Inner voice","52","25","male","right","66","20","88","15","0","","","",""
"6952","","","survey-text","1","17000","0.0-1.0","lkq4f9","Thu Sep 22 2022 22:11:05 GMT+0200 (CEST)","2022","9","22","22","11","5","www12","Sleeping, Resting","Inner voice","52","25","male","right","66","20","88","15","0","{""Q0"":""www12""}","","",""
"5223","","","survey-multi-choice","2","22230","0.0-2.0","lkq4f9","Thu Sep 22 2022 22:11:05 GMT+0200 (CEST)","2022","9","22","22","11","5","www12","Sleeping, Resting","Inner voice","52","25","male","right","66","20","88","15","0","{""Activity"":""Sleeping, Resting""}","[0]","",""
"2755.9999999999964","","","survey-multi-choice","3","24991","0.0-3.0","lkq4f9","Thu Sep 22 2022 22:11:05 GMT+0200 (CEST)","2022","9","22","22","11","5","www12","Sleeping, Resting","Inner voice","52","25","male","right","66","20","88","15","0","{""MentalActivity"":""Inner voice""}","[0]","",""
"7035","","","survey-multi-choice","4","32038","0.0-4.0","lkq4f9","Thu Sep 22 2022 22:11:05 GMT+0200 (CEST)","2022","9","22","22","11","5","www12","Sleeping, Resting","Inner voice","52","25","male","right","66","20","88","15","0","{""HeartRate"":""52""}","[0]","",""
"8659","","","survey-text","5","40708","0.0-5.0","lkq4f9","Thu Sep 22 2022 22:11:05 GMT+0200 (CEST)","2022","9","22","22","11","5","www12","Sleeping, Resting","Inner voice","52","25","male","right","66","20","88","15","0","{""Q0"":""25""}","","",""
"4484.999999999993","","","survey-multi-choice","6","45198","0.0-6.0","lkq4f9","Thu Sep 22 2022 22:11:05 GMT+0200 (CEST)","2022","9","22","22","11","5","www12","Sleeping, Resting","Inner voice","52","25","male","right","66","20","88","15","0","{""Gender"":""male"",""Hand"":""right""}","[0,1]","",""
"3824","<p>How Sad/Angry or Happy are you right now?</p>","","html-slider-response","7","49032","0.0-7.0","lkq4f9","Thu Sep 22 2022 22:11:05 GMT+0200 (CEST)","2022","9","22","22","11","5","www12","Sleeping, Resting","Inner voice","52","25","male","right","66","20","88","15","0","","","50","66"
"5695.999999999993","<p>How Tired/Sleepy/Distracted or Fresh/Awake/Alert are you right now?</p>","","html-slider-response","8","54731","0.0-8.0","lkq4f9","Thu Sep 22 2022 22:11:05 GMT+0200 (CEST)","2022","9","22","22","11","5","www12","Sleeping, Resting","Inner voice","52","25","male","right","66","20","88","15","0","","","50","20"
"7309.999999999993","<p>How Hungry or Satiated are you right now?</p>","","html-slider-response","9","62046","0.0-9.0","lkq4f9","Thu Sep 22 2022 22:11:05 GMT+0200 (CEST)","2022","9","22","22","11","5","www12","Sleeping, Resting","Inner voice","52","25","male","right","66","20","88","15","0","","","50","88"
"17313","","","survey-multi-choice","10","79369","0.0-10.0","lkq4f9","Thu Sep 22 2022 22:11:05 GMT+0200 (CEST)","2022","9","22","22","11","5","www12","Sleeping, Resting","Inner voice","52","25","male","right","66","20","88","15","0","{""Sleep"":""15"",""Eat"":""0""}","[0,1]","",""
