"rt","stimulus","key_press","trial_type","trial_index","time_elapsed","internal_node_id","exp_id","Time","year","month","date","hour","minute","seconds","id","Activity","MentalActivity","HeartRate","age","Gender","Handedness","mood","fresh","hunger","H_since_Sleep","H_since_Eat","responses","question_order","slider_start","response"
"null","<p>Welcome to this 1 min. survey on daily rhythms, body and mood.</p><p>You will be asked to report your heart-rate</p><p>and given some questions about yourself.</p><p>Take the test when prompted and/or at different times of the day/night.</p><p>Please make a personal ID (three letters+ two numbers, e.g. ept23).</p><p>Write it down and use this ID whenever taking the test.</p>","null","html-keyboard-response","0","10985","0.0-0.0","twa9wy","Sat Sep 10 2022 17:27:44 GMT+0200 (Centraleuropæisk sommertid)","2022","9","10","17","27","44","Mis27","Working, Studying","Inner voice","90","21","female","left","84","72","60","9","3","","","",""
"40679.69999998808","","","survey-text","1","51685","0.0-1.0","twa9wy","Sat Sep 10 2022 17:27:44 GMT+0200 (Centraleuropæisk sommertid)","2022","9","10","17","27","44","Mis27","Working, Studying","Inner voice","90","21","female","left","84","72","60","9","3","{""Q0"":""Mis27""}","","",""
"12226","","","survey-multi-choice","2","63918","0.0-2.0","twa9wy","Sat Sep 10 2022 17:27:44 GMT+0200 (Centraleuropæisk sommertid)","2022","9","10","17","27","44","Mis27","Working, Studying","Inner voice","90","21","female","left","84","72","60","9","3","{""Activity"":""Working, Studying""}","[0]","",""
"11496.5","","","survey-multi-choice","3","75421","0.0-3.0","twa9wy","Sat Sep 10 2022 17:27:44 GMT+0200 (Centraleuropæisk sommertid)","2022","9","10","17","27","44","Mis27","Working, Studying","Inner voice","90","21","female","left","84","72","60","9","3","{""MentalActivity"":""Inner voice""}","[0]","",""
"7775.4000000059605","","","survey-multi-choice","4","83209","0.0-4.0","twa9wy","Sat Sep 10 2022 17:27:44 GMT+0200 (Centraleuropæisk sommertid)","2022","9","10","17","27","44","Mis27","Working, Studying","Inner voice","90","21","female","left","84","72","60","9","3","{""HeartRate"":""90""}","[0]","",""
"3515","","","survey-text","5","86736","0.0-5.0","twa9wy","Sat Sep 10 2022 17:27:44 GMT+0200 (Centraleuropæisk sommertid)","2022","9","10","17","27","44","Mis27","Working, Studying","Inner voice","90","21","female","left","84","72","60","9","3","{""Q0"":""21""}","","",""
"3640.0999999940395","","","survey-multi-choice","6","90385","0.0-6.0","twa9wy","Sat Sep 10 2022 17:27:44 GMT+0200 (Centraleuropæisk sommertid)","2022","9","10","17","27","44","Mis27","Working, Studying","Inner voice","90","21","female","left","84","72","60","9","3","{""Gender"":""female"",""Hand"":""left""}","[0,1]","",""
"3019.4000000059605","<p>How Sad/Angry or Happy are you right now?</p>","","html-slider-response","7","93435","0.0-7.0","twa9wy","Sat Sep 10 2022 17:27:44 GMT+0200 (Centraleuropæisk sommertid)","2022","9","10","17","27","44","Mis27","Working, Studying","Inner voice","90","21","female","left","84","72","60","9","3","","","50","84"
"2958.0999999940395","<p>How Tired/Sleepy/Distracted or Fresh/Awake/Alert are you right now?</p>","","html-slider-response","8","96400","0.0-8.0","twa9wy","Sat Sep 10 2022 17:27:44 GMT+0200 (Centraleuropæisk sommertid)","2022","9","10","17","27","44","Mis27","Working, Studying","Inner voice","90","21","female","left","84","72","60","9","3","","","50","72"
"4820.299999982119","<p>How Hungry or Satiated are you right now?</p>","","html-slider-response","9","101225","0.0-9.0","twa9wy","Sat Sep 10 2022 17:27:44 GMT+0200 (Centraleuropæisk sommertid)","2022","9","10","17","27","44","Mis27","Working, Studying","Inner voice","90","21","female","left","84","72","60","9","3","","","50","60"
"71490.40000000596","","","survey-multi-choice","10","172729","0.0-10.0","twa9wy","Sat Sep 10 2022 17:27:44 GMT+0200 (Centraleuropæisk sommertid)","2022","9","10","17","27","44","Mis27","Working, Studying","Inner voice","90","21","female","left","84","72","60","9","3","{""Sleep"":""9"",""Eat"":""3""}","[0,1]","",""
