"rt","stimulus","key_press","trial_type","trial_index","time_elapsed","internal_node_id","exp_id","Time","year","month","date","hour","minute","seconds","id","Activity","MentalActivity","HeartRate","age","Gender","Handedness","mood","fresh","hunger","H_since_Sleep","H_since_Eat","responses","question_order","slider_start","response"
"null","<p>Welcome to this 1 min. survey on daily rhythms, body and mood.</p><p>You will be asked to report your heart-rate</p><p>and given some questions about yourself.</p><p>Take the test when prompted and/or at different times of the day/night.</p><p>Please make a personal ID (three letters+ two numbers, e.g. ept23).</p><p>Write it down and use this ID whenever taking the test.</p>","null","html-keyboard-response","0","10020","0.0-0.0","3olhyu","Mon Sep 12 2022 12:04:23 GMT+0200 (Centraleuropæisk sommertid)","2022","9","12","12","4","23","Cic22","Working, Studying","Inner voice","75","22","female","right","74","59","100","5","1","","","",""
"5524.70000000298","","","survey-text","1","15583","0.0-1.0","3olhyu","Mon Sep 12 2022 12:04:23 GMT+0200 (Centraleuropæisk sommertid)","2022","9","12","12","4","23","Cic22","Working, Studying","Inner voice","75","22","female","right","74","59","100","5","1","{""Q0"":""Cic22""}","","",""
"14263.5","","","survey-multi-choice","2","29864","0.0-2.0","3olhyu","Mon Sep 12 2022 12:04:23 GMT+0200 (Centraleuropæisk sommertid)","2022","9","12","12","4","23","Cic22","Working, Studying","Inner voice","75","22","female","right","74","59","100","5","1","{""Activity"":""Working, Studying""}","[0]","",""
"2457","","","survey-multi-choice","3","32330","0.0-3.0","3olhyu","Mon Sep 12 2022 12:04:23 GMT+0200 (Centraleuropæisk sommertid)","2022","9","12","12","4","23","Cic22","Working, Studying","Inner voice","75","22","female","right","74","59","100","5","1","{""MentalActivity"":""Inner voice""}","[0]","",""
"3788.7000000029802","","","survey-multi-choice","4","36149","0.0-4.0","3olhyu","Mon Sep 12 2022 12:04:23 GMT+0200 (Centraleuropæisk sommertid)","2022","9","12","12","4","23","Cic22","Working, Studying","Inner voice","75","22","female","right","74","59","100","5","1","{""HeartRate"":""75""}","[0]","",""
"3128.3999999910593","","","survey-text","5","39291","0.0-5.0","3olhyu","Mon Sep 12 2022 12:04:23 GMT+0200 (Centraleuropæisk sommertid)","2022","9","12","12","4","23","Cic22","Working, Studying","Inner voice","75","22","female","right","74","59","100","5","1","{""Q0"":""22""}","","",""
"2750","","","survey-multi-choice","6","42051","0.0-6.0","3olhyu","Mon Sep 12 2022 12:04:23 GMT+0200 (Centraleuropæisk sommertid)","2022","9","12","12","4","23","Cic22","Working, Studying","Inner voice","75","22","female","right","74","59","100","5","1","{""Gender"":""female"",""Hand"":""right""}","[0,1]","",""
"3453.199999988079","<p>How Sad/Angry or Happy are you right now?</p>","","html-slider-response","7","45518","0.0-7.0","3olhyu","Mon Sep 12 2022 12:04:23 GMT+0200 (Centraleuropæisk sommertid)","2022","9","12","12","4","23","Cic22","Working, Studying","Inner voice","75","22","female","right","74","59","100","5","1","","","50","74"
"3235.7000000029802","<p>How Tired/Sleepy/Distracted or Fresh/Awake/Alert are you right now?</p>","","html-slider-response","8","48761","0.0-8.0","3olhyu","Mon Sep 12 2022 12:04:23 GMT+0200 (Centraleuropæisk sommertid)","2022","9","12","12","4","23","Cic22","Working, Studying","Inner voice","75","22","female","right","74","59","100","5","1","","","50","59"
"2779.7000000029802","<p>How Hungry or Satiated are you right now?</p>","","html-slider-response","9","51548","0.0-9.0","3olhyu","Mon Sep 12 2022 12:04:23 GMT+0200 (Centraleuropæisk sommertid)","2022","9","12","12","4","23","Cic22","Working, Studying","Inner voice","75","22","female","right","74","59","100","5","1","","","50","100"
"12530.5","","","survey-multi-choice","10","64100","0.0-10.0","3olhyu","Mon Sep 12 2022 12:04:23 GMT+0200 (Centraleuropæisk sommertid)","2022","9","12","12","4","23","Cic22","Working, Studying","Inner voice","75","22","female","right","74","59","100","5","1","{""Sleep"":""5"",""Eat"":""1""}","[0,1]","",""
