"rt","stimulus","key_press","trial_type","trial_index","time_elapsed","internal_node_id","exp_id","Time","year","month","date","hour","minute","seconds","id","Activity","MentalActivity","HeartRate","age","Gender","Handedness","mood","fresh","hunger","H_since_Sleep","H_since_Eat","responses","question_order","slider_start","response"
"null","<p>Welcome to this 1 min. survey on daily rhythms, body and mood.</p><p>You will be asked to report your heart-rate</p><p>and given some questions about yourself.</p><p>Take the test when prompted and/or at different times of the day/night.</p><p>Please make a personal ID (three letters+ two numbers, e.g. ept23).</p><p>Write it down and use this ID whenever taking the test.</p>","null","html-keyboard-response","0","10002","0.0-0.0","8guacr","Thu Sep 08 2022 21:19:07 GMT+0200 (CEST)","2022","9","8","21","19","7","qwe12","Working, Studying","Sensory awareness","70","49","male","right","72","60","63","14","3","","","",""
"10642","","","survey-text","1","20650","0.0-1.0","8guacr","Thu Sep 08 2022 21:19:07 GMT+0200 (CEST)","2022","9","8","21","19","7","qwe12","Working, Studying","Sensory awareness","70","49","male","right","72","60","63","14","3","{""Q0"":""qwe12""}","","",""
"6002","","","survey-multi-choice","2","26655","0.0-2.0","8guacr","Thu Sep 08 2022 21:19:07 GMT+0200 (CEST)","2022","9","8","21","19","7","qwe12","Working, Studying","Sensory awareness","70","49","male","right","72","60","63","14","3","{""Activity"":""Working, Studying""}","[0]","",""
"6698","","","survey-multi-choice","3","33355","0.0-3.0","8guacr","Thu Sep 08 2022 21:19:07 GMT+0200 (CEST)","2022","9","8","21","19","7","qwe12","Working, Studying","Sensory awareness","70","49","male","right","72","60","63","14","3","{""MentalActivity"":""Sensory awareness""}","[0]","",""
"11435","","","survey-multi-choice","4","44796","0.0-4.0","8guacr","Thu Sep 08 2022 21:19:07 GMT+0200 (CEST)","2022","9","8","21","19","7","qwe12","Working, Studying","Sensory awareness","70","49","male","right","72","60","63","14","3","{""HeartRate"":""70""}","[0]","",""
"4641","","","survey-text","5","49444","0.0-5.0","8guacr","Thu Sep 08 2022 21:19:07 GMT+0200 (CEST)","2022","9","8","21","19","7","qwe12","Working, Studying","Sensory awareness","70","49","male","right","72","60","63","14","3","{""Q0"":""49""}","","",""
"3128","","","survey-multi-choice","6","52575","0.0-6.0","8guacr","Thu Sep 08 2022 21:19:07 GMT+0200 (CEST)","2022","9","8","21","19","7","qwe12","Working, Studying","Sensory awareness","70","49","male","right","72","60","63","14","3","{""Gender"":""male"",""Hand"":""right""}","[0,1]","",""
"3852.9999999999927","<p>How Sad/Angry or Happy are you right now?</p>","","html-slider-response","7","56431","0.0-7.0","8guacr","Thu Sep 08 2022 21:19:07 GMT+0200 (CEST)","2022","9","8","21","19","7","qwe12","Working, Studying","Sensory awareness","70","49","male","right","72","60","63","14","3","","","50","72"
"4243","<p>How Tired/Sleepy/Distracted or Fresh/Awake/Alert are you right now?</p>","","html-slider-response","8","60677","0.0-8.0","8guacr","Thu Sep 08 2022 21:19:07 GMT+0200 (CEST)","2022","9","8","21","19","7","qwe12","Working, Studying","Sensory awareness","70","49","male","right","72","60","63","14","3","","","50","60"
"2904","<p>How Hungry or Satiated are you right now?</p>","","html-slider-response","9","63582","0.0-9.0","8guacr","Thu Sep 08 2022 21:19:07 GMT+0200 (CEST)","2022","9","8","21","19","7","qwe12","Working, Studying","Sensory awareness","70","49","male","right","72","60","63","14","3","","","50","63"
"12126","","","survey-multi-choice","10","75713","0.0-10.0","8guacr","Thu Sep 08 2022 21:19:07 GMT+0200 (CEST)","2022","9","8","21","19","7","qwe12","Working, Studying","Sensory awareness","70","49","male","right","72","60","63","14","3","{""Sleep"":""14"",""Eat"":""3""}","[0,1]","",""
