"rt","stimulus","key_press","trial_type","trial_index","time_elapsed","internal_node_id","exp_id","Time","year","month","date","hour","minute","seconds","id","Activity","MentalActivity","HeartRate","age","Gender","Handedness","mood","fresh","hunger","H_since_Sleep","H_since_Eat","responses","question_order","slider_start","response"
"null","<p>Welcome to this 1 min. survey on daily rhythms, body and mood.</p><p>You will be asked to report your heart-rate</p><p>and given some questions about yourself.</p><p>Take the test when prompted and/or at different times of the day/night.</p><p>Please make a personal ID (three letters+ two numbers, e.g. ept23).</p><p>Write it down and use this ID whenever taking the test.</p>","null","html-keyboard-response","0","10007","0.0-0.0","qexwxr","Tue Sep 13 2022 14:19:38 GMT+0200 (CEST)","2022","9","13","14","19","38","pid10","Working, Studying","Inner voice","57","23","female","right","43","64","57","1","7","","","",""
"5918","","","survey-text","1","15943","0.0-1.0","qexwxr","Tue Sep 13 2022 14:19:38 GMT+0200 (CEST)","2022","9","13","14","19","38","pid10","Working, Studying","Inner voice","57","23","female","right","43","64","57","1","7","{""Q0"":""pid10""}","","",""
"4831","","","survey-multi-choice","2","20777","0.0-2.0","qexwxr","Tue Sep 13 2022 14:19:38 GMT+0200 (CEST)","2022","9","13","14","19","38","pid10","Working, Studying","Inner voice","57","23","female","right","43","64","57","1","7","{""Activity"":""Working, Studying""}","[0]","",""
"4718","","","survey-multi-choice","3","25497","0.0-3.0","qexwxr","Tue Sep 13 2022 14:19:38 GMT+0200 (CEST)","2022","9","13","14","19","38","pid10","Working, Studying","Inner voice","57","23","female","right","43","64","57","1","7","{""MentalActivity"":""Inner voice""}","[0]","",""
"5494","","","survey-multi-choice","4","30998","0.0-4.0","qexwxr","Tue Sep 13 2022 14:19:38 GMT+0200 (CEST)","2022","9","13","14","19","38","pid10","Working, Studying","Inner voice","57","23","female","right","43","64","57","1","7","{""HeartRate"":""57""}","[0]","",""
"3005.9999999999964","","","survey-text","5","34013","0.0-5.0","qexwxr","Tue Sep 13 2022 14:19:38 GMT+0200 (CEST)","2022","9","13","14","19","38","pid10","Working, Studying","Inner voice","57","23","female","right","43","64","57","1","7","{""Q0"":""23""}","","",""
"2986","","","survey-multi-choice","6","37001","0.0-6.0","qexwxr","Tue Sep 13 2022 14:19:38 GMT+0200 (CEST)","2022","9","13","14","19","38","pid10","Working, Studying","Inner voice","57","23","female","right","43","64","57","1","7","{""Gender"":""female"",""Hand"":""right""}","[0,1]","",""
"9306.000000000007","<p>How Sad/Angry or Happy are you right now?</p>","","html-slider-response","7","46311","0.0-7.0","qexwxr","Tue Sep 13 2022 14:19:38 GMT+0200 (CEST)","2022","9","13","14","19","38","pid10","Working, Studying","Inner voice","57","23","female","right","43","64","57","1","7","","","50","43"
"11808.999999999993","<p>How Tired/Sleepy/Distracted or Fresh/Awake/Alert are you right now?</p>","","html-slider-response","8","58123","0.0-8.0","qexwxr","Tue Sep 13 2022 14:19:38 GMT+0200 (CEST)","2022","9","13","14","19","38","pid10","Working, Studying","Inner voice","57","23","female","right","43","64","57","1","7","","","50","64"
"6635","<p>How Hungry or Satiated are you right now?</p>","","html-slider-response","9","64761","0.0-9.0","qexwxr","Tue Sep 13 2022 14:19:38 GMT+0200 (CEST)","2022","9","13","14","19","38","pid10","Working, Studying","Inner voice","57","23","female","right","43","64","57","1","7","","","50","57"
"13384.000000000007","","","survey-multi-choice","10","78150","0.0-10.0","qexwxr","Tue Sep 13 2022 14:19:38 GMT+0200 (CEST)","2022","9","13","14","19","38","pid10","Working, Studying","Inner voice","57","23","female","right","43","64","57","1","7","{""Sleep"":""1"",""Eat"":""7""}","[0,1]","",""
