"rt","stimulus","key_press","trial_type","trial_index","time_elapsed","internal_node_id","exp_id","Time","year","month","date","hour","minute","seconds","id","Activity","MentalActivity","HeartRate","age","Gender","Handedness","mood","fresh","hunger","H_since_Sleep","H_since_Eat","responses","question_order","slider_start","response"
"null","<p>Welcome to this 1 min. survey on daily rhythms, body and mood.</p><p>You will be asked to report your heart-rate</p><p>and given some questions about yourself.</p><p>Take the test when prompted and/or at different times of the day/night.</p><p>Please make a personal ID (three letters+ two numbers, e.g. ept23).</p><p>Write it down and use this ID whenever taking the test.</p>","null","html-keyboard-response","0","10014","0.0-0.0","tg6sc6","Sun Sep 18 2022 23:25:31 GMT+0200 (Central European Summer Time)","2022","9","18","23","25","31","jqi11","Waiting, Being in line","Feelings","87","28","female","right","100","50","84","6","5","","","",""
"20016.299999952316","","","survey-text","1","30059","0.0-1.0","tg6sc6","Sun Sep 18 2022 23:25:31 GMT+0200 (Central European Summer Time)","2022","9","18","23","25","31","jqi11","Waiting, Being in line","Feelings","87","28","female","right","100","50","84","6","5","{""Q0"":""jqi11""}","","",""
"39832","","","survey-multi-choice","2","69910","0.0-2.0","tg6sc6","Sun Sep 18 2022 23:25:31 GMT+0200 (Central European Summer Time)","2022","9","18","23","25","31","jqi11","Waiting, Being in line","Feelings","87","28","female","right","100","50","84","6","5","{""Activity"":""Waiting, Being in line""}","[0]","",""
"14048.299999952316","","","survey-multi-choice","3","83970","0.0-3.0","tg6sc6","Sun Sep 18 2022 23:25:31 GMT+0200 (Central European Summer Time)","2022","9","18","23","25","31","jqi11","Waiting, Being in line","Feelings","87","28","female","right","100","50","84","6","5","{""MentalActivity"":""Feelings""}","[0]","",""
"7522.899999976158","","","survey-multi-choice","4","91536","0.0-4.0","tg6sc6","Sun Sep 18 2022 23:25:31 GMT+0200 (Central European Summer Time)","2022","9","18","23","25","31","jqi11","Waiting, Being in line","Feelings","87","28","female","right","100","50","84","6","5","{""HeartRate"":""87""}","[0]","",""
"4081.2000000476837","","","survey-text","5","95631","0.0-5.0","tg6sc6","Sun Sep 18 2022 23:25:31 GMT+0200 (Central European Summer Time)","2022","9","18","23","25","31","jqi11","Waiting, Being in line","Feelings","87","28","female","right","100","50","84","6","5","{""Q0"":""28""}","","",""
"8247.300000071526","","","survey-multi-choice","6","103890","0.0-6.0","tg6sc6","Sun Sep 18 2022 23:25:31 GMT+0200 (Central European Summer Time)","2022","9","18","23","25","31","jqi11","Waiting, Being in line","Feelings","87","28","female","right","100","50","84","6","5","{""Gender"":""female"",""Hand"":""right""}","[0,1]","",""
"8764.399999976158","<p>How Sad/Angry or Happy are you right now?</p>","","html-slider-response","7","112669","0.0-7.0","tg6sc6","Sun Sep 18 2022 23:25:31 GMT+0200 (Central European Summer Time)","2022","9","18","23","25","31","jqi11","Waiting, Being in line","Feelings","87","28","female","right","100","50","84","6","5","","","50","100"
"22353.400000095367","<p>How Tired/Sleepy/Distracted or Fresh/Awake/Alert are you right now?</p>","","html-slider-response","8","135032","0.0-8.0","tg6sc6","Sun Sep 18 2022 23:25:31 GMT+0200 (Central European Summer Time)","2022","9","18","23","25","31","jqi11","Waiting, Being in line","Feelings","87","28","female","right","100","50","84","6","5","","","50","50"
"4390.800000071526","<p>How Hungry or Satiated are you right now?</p>","","html-slider-response","9","139433","0.0-9.0","tg6sc6","Sun Sep 18 2022 23:25:31 GMT+0200 (Central European Summer Time)","2022","9","18","23","25","31","jqi11","Waiting, Being in line","Feelings","87","28","female","right","100","50","84","6","5","","","50","84"
"41363.800000071526","","","survey-multi-choice","10","180824","0.0-10.0","tg6sc6","Sun Sep 18 2022 23:25:31 GMT+0200 (Central European Summer Time)","2022","9","18","23","25","31","jqi11","Waiting, Being in line","Feelings","87","28","female","right","100","50","84","6","5","{""Sleep"":""6"",""Eat"":""5""}","[0,1]","",""
