"rt","stimulus","key_press","trial_type","trial_index","time_elapsed","internal_node_id","exp_id","Time","year","month","date","hour","minute","seconds","id","Activity","MentalActivity","HeartRate","age","Gender","Handedness","mood","fresh","hunger","H_since_Sleep","H_since_Eat","responses","question_order","slider_start","response"
"null","<p>Welcome to this 1 min. survey on daily rhythms, body and mood.</p><p>You will be asked to report your heart-rate</p><p>and given some questions about yourself.</p><p>Take the test when prompted and/or at different times of the day/night.</p><p>Please make a personal ID (three letters+ two numbers, e.g. ept23).</p><p>Write it down and use this ID whenever taking the test.</p>","null","html-keyboard-response","0","10019","0.0-0.0","srhfv2","Mon Nov 14 2022 09:06:30 GMT+0100 (Central European Standard Time)","2022","11","14","9","6","30","ESG44","Working, Studying","Inner voice","81","25","female","right","76","44","77","2","1","","","",""
"6027.700000047684","","","survey-text","1","16107","0.0-1.0","srhfv2","Mon Nov 14 2022 09:06:30 GMT+0100 (Central European Standard Time)","2022","11","14","9","6","30","ESG44","Working, Studying","Inner voice","81","25","female","right","76","44","77","2","1","{""Q0"":""ESG44""}","","",""
"13603.799999952316","","","survey-multi-choice","2","29735","0.0-2.0","srhfv2","Mon Nov 14 2022 09:06:30 GMT+0100 (Central European Standard Time)","2022","11","14","9","6","30","ESG44","Working, Studying","Inner voice","81","25","female","right","76","44","77","2","1","{""Activity"":""Working, Studying""}","[0]","",""
"3535.2999999523163","","","survey-multi-choice","3","33278","0.0-3.0","srhfv2","Mon Nov 14 2022 09:06:30 GMT+0100 (Central European Standard Time)","2022","11","14","9","6","30","ESG44","Working, Studying","Inner voice","81","25","female","right","76","44","77","2","1","{""MentalActivity"":""Inner voice""}","[0]","",""
"4812.100000023842","","","survey-multi-choice","4","38113","0.0-4.0","srhfv2","Mon Nov 14 2022 09:06:30 GMT+0100 (Central European Standard Time)","2022","11","14","9","6","30","ESG44","Working, Studying","Inner voice","81","25","female","right","76","44","77","2","1","{""HeartRate"":""81""}","[0]","",""
"3751.1999999284744","","","survey-text","5","41877","0.0-5.0","srhfv2","Mon Nov 14 2022 09:06:30 GMT+0100 (Central European Standard Time)","2022","11","14","9","6","30","ESG44","Working, Studying","Inner voice","81","25","female","right","76","44","77","2","1","{""Q0"":""25""}","","",""
"2610.399999976158","","","survey-multi-choice","6","44495","0.0-6.0","srhfv2","Mon Nov 14 2022 09:06:30 GMT+0100 (Central European Standard Time)","2022","11","14","9","6","30","ESG44","Working, Studying","Inner voice","81","25","female","right","76","44","77","2","1","{""Gender"":""female"",""Hand"":""right""}","[0,1]","",""
"2819.600000023842","<p>How Sad/Angry or Happy are you right now?</p>","","html-slider-response","7","47325","0.0-7.0","srhfv2","Mon Nov 14 2022 09:06:30 GMT+0100 (Central European Standard Time)","2022","11","14","9","6","30","ESG44","Working, Studying","Inner voice","81","25","female","right","76","44","77","2","1","","","50","76"
"3459","<p>How Tired/Sleepy/Distracted or Fresh/Awake/Alert are you right now?</p>","","html-slider-response","8","50789","0.0-8.0","srhfv2","Mon Nov 14 2022 09:06:30 GMT+0100 (Central European Standard Time)","2022","11","14","9","6","30","ESG44","Working, Studying","Inner voice","81","25","female","right","76","44","77","2","1","","","50","44"
"3299.100000023842","<p>How Hungry or Satiated are you right now?</p>","","html-slider-response","9","54093","0.0-9.0","srhfv2","Mon Nov 14 2022 09:06:30 GMT+0100 (Central European Standard Time)","2022","11","14","9","6","30","ESG44","Working, Studying","Inner voice","81","25","female","right","76","44","77","2","1","","","50","77"
"7643.5","","","survey-multi-choice","10","61749","0.0-10.0","srhfv2","Mon Nov 14 2022 09:06:30 GMT+0100 (Central European Standard Time)","2022","11","14","9","6","30","ESG44","Working, Studying","Inner voice","81","25","female","right","76","44","77","2","1","{""Sleep"":""2"",""Eat"":""1""}","[0,1]","",""
