"rt","stimulus","key_press","trial_type","trial_index","time_elapsed","internal_node_id","exp_id","Time","year","month","date","hour","minute","seconds","id","Activity","MentalActivity","HeartRate","age","Gender","Handedness","mood","fresh","hunger","H_since_Sleep","H_since_Eat","responses","question_order","slider_start","response"
"null","<p>Welcome to this 1 min. survey on daily rhythms, body and mood.</p><p>You will be asked to report your heart-rate</p><p>and given some questions about yourself.</p><p>Take the test when prompted and/or at different times of the day/night.</p><p>Please make a personal ID (three letters+ two numbers, e.g. ept23).</p><p>Write it down and use this ID whenever taking the test.</p>","null","html-keyboard-response","0","10017","0.0-0.0","r63jlw","Sat Sep 17 2022 18:08:33 GMT+0200 (CEST)","2022","9","17","18","8","33","www11","Doing sport","Inner voice","68","25","male","right","75","87","77","8","1","","","",""
"4868","","","survey-text","1","14916","0.0-1.0","r63jlw","Sat Sep 17 2022 18:08:33 GMT+0200 (CEST)","2022","9","17","18","8","33","www11","Doing sport","Inner voice","68","25","male","right","75","87","77","8","1","{""Q0"":""www11""}","","",""
"5941","","","survey-multi-choice","2","20866","0.0-2.0","r63jlw","Sat Sep 17 2022 18:08:33 GMT+0200 (CEST)","2022","9","17","18","8","33","www11","Doing sport","Inner voice","68","25","male","right","75","87","77","8","1","{""Activity"":""Doing sport""}","[0]","",""
"2212","","","survey-multi-choice","3","23084","0.0-3.0","r63jlw","Sat Sep 17 2022 18:08:33 GMT+0200 (CEST)","2022","9","17","18","8","33","www11","Doing sport","Inner voice","68","25","male","right","75","87","77","8","1","{""MentalActivity"":""Inner voice""}","[0]","",""
"4563","","","survey-multi-choice","4","27657","0.0-4.0","r63jlw","Sat Sep 17 2022 18:08:33 GMT+0200 (CEST)","2022","9","17","18","8","33","www11","Doing sport","Inner voice","68","25","male","right","75","87","77","8","1","{""HeartRate"":""68""}","[0]","",""
"4471","","","survey-text","5","32145","0.0-5.0","r63jlw","Sat Sep 17 2022 18:08:33 GMT+0200 (CEST)","2022","9","17","18","8","33","www11","Doing sport","Inner voice","68","25","male","right","75","87","77","8","1","{""Q0"":""25""}","","",""
"3538","","","survey-multi-choice","6","35688","0.0-6.0","r63jlw","Sat Sep 17 2022 18:08:33 GMT+0200 (CEST)","2022","9","17","18","8","33","www11","Doing sport","Inner voice","68","25","male","right","75","87","77","8","1","{""Gender"":""male"",""Hand"":""right""}","[0,1]","",""
"2390","<p>How Sad/Angry or Happy are you right now?</p>","","html-slider-response","7","38086","0.0-7.0","r63jlw","Sat Sep 17 2022 18:08:33 GMT+0200 (CEST)","2022","9","17","18","8","33","www11","Doing sport","Inner voice","68","25","male","right","75","87","77","8","1","","","50","75"
"3296","<p>How Tired/Sleepy/Distracted or Fresh/Awake/Alert are you right now?</p>","","html-slider-response","8","41385","0.0-8.0","r63jlw","Sat Sep 17 2022 18:08:33 GMT+0200 (CEST)","2022","9","17","18","8","33","www11","Doing sport","Inner voice","68","25","male","right","75","87","77","8","1","","","50","87"
"3421","<p>How Hungry or Satiated are you right now?</p>","","html-slider-response","9","44813","0.0-9.0","r63jlw","Sat Sep 17 2022 18:08:33 GMT+0200 (CEST)","2022","9","17","18","8","33","www11","Doing sport","Inner voice","68","25","male","right","75","87","77","8","1","","","50","77"
"10217","","","survey-multi-choice","10","55038","0.0-10.0","r63jlw","Sat Sep 17 2022 18:08:33 GMT+0200 (CEST)","2022","9","17","18","8","33","www11","Doing sport","Inner voice","68","25","male","right","75","87","77","8","1","{""Sleep"":""8"",""Eat"":""1""}","[0,1]","",""
