"rt","stimulus","key_press","trial_type","trial_index","time_elapsed","internal_node_id","exp_id","Time","year","month","date","hour","minute","seconds","id","Activity","MentalActivity","HeartRate","age","Gender","Handedness","mood","fresh","hunger","H_since_Sleep","H_since_Eat","responses","question_order","slider_start","response"
"null","<p>Welcome to this 1 min. survey on daily rhythms, body and mood.</p><p>You will be asked to report your heart-rate</p><p>and given some questions about yourself.</p><p>Take the test when prompted and/or at different times of the day/night.</p><p>Please make a personal ID (three letters+ two numbers, e.g. ept23).</p><p>Write it down and use this ID whenever taking the test.</p>","null","html-keyboard-response","0","10031","0.0-0.0","vnqhr1","Fri Oct 07 2022 13:22:05 GMT+0200 (Central European Summer Time)","2022","10","7","13","22","5","POP33","Watching TV","Feelings","63","25","female","right","34","32","81","7","0","","","",""
"9039.300000011921","","","survey-text","1","19128","0.0-1.0","vnqhr1","Fri Oct 07 2022 13:22:05 GMT+0200 (Central European Summer Time)","2022","10","7","13","22","5","POP33","Watching TV","Feelings","63","25","female","right","34","32","81","7","0","{""Q0"":""POP33""}","","",""
"5455.300000011921","","","survey-multi-choice","2","24599","0.0-2.0","vnqhr1","Fri Oct 07 2022 13:22:05 GMT+0200 (Central European Summer Time)","2022","10","7","13","22","5","POP33","Watching TV","Feelings","63","25","female","right","34","32","81","7","0","{""Activity"":""Watching TV""}","[0]","",""
"9179.699999988079","","","survey-multi-choice","3","33787","0.0-3.0","vnqhr1","Fri Oct 07 2022 13:22:05 GMT+0200 (Central European Summer Time)","2022","10","7","13","22","5","POP33","Watching TV","Feelings","63","25","female","right","34","32","81","7","0","{""MentalActivity"":""Feelings""}","[0]","",""
"5453.200000017881","","","survey-multi-choice","4","39259","0.0-4.0","vnqhr1","Fri Oct 07 2022 13:22:05 GMT+0200 (Central European Summer Time)","2022","10","7","13","22","5","POP33","Watching TV","Feelings","63","25","female","right","34","32","81","7","0","{""HeartRate"":""63""}","[0]","",""
"3482","","","survey-text","5","42754","0.0-5.0","vnqhr1","Fri Oct 07 2022 13:22:05 GMT+0200 (Central European Summer Time)","2022","10","7","13","22","5","POP33","Watching TV","Feelings","63","25","female","right","34","32","81","7","0","{""Q0"":""25""}","","",""
"4693.0999999940395","","","survey-multi-choice","6","47454","0.0-6.0","vnqhr1","Fri Oct 07 2022 13:22:05 GMT+0200 (Central European Summer Time)","2022","10","7","13","22","5","POP33","Watching TV","Feelings","63","25","female","right","34","32","81","7","0","{""Gender"":""female"",""Hand"":""right""}","[0,1]","",""
"7723.199999988079","<p>How Sad/Angry or Happy are you right now?</p>","","html-slider-response","7","55186","0.0-7.0","vnqhr1","Fri Oct 07 2022 13:22:05 GMT+0200 (Central European Summer Time)","2022","10","7","13","22","5","POP33","Watching TV","Feelings","63","25","female","right","34","32","81","7","0","","","50","34"
"4262.700000017881","<p>How Tired/Sleepy/Distracted or Fresh/Awake/Alert are you right now?</p>","","html-slider-response","8","59454","0.0-8.0","vnqhr1","Fri Oct 07 2022 13:22:05 GMT+0200 (Central European Summer Time)","2022","10","7","13","22","5","POP33","Watching TV","Feelings","63","25","female","right","34","32","81","7","0","","","50","32"
"4890.0999999940395","<p>How Hungry or Satiated are you right now?</p>","","html-slider-response","9","64351","0.0-9.0","vnqhr1","Fri Oct 07 2022 13:22:05 GMT+0200 (Central European Summer Time)","2022","10","7","13","22","5","POP33","Watching TV","Feelings","63","25","female","right","34","32","81","7","0","","","50","81"
"203375.80000001192","","","survey-multi-choice","10","267738","0.0-10.0","vnqhr1","Fri Oct 07 2022 13:22:05 GMT+0200 (Central European Summer Time)","2022","10","7","13","22","5","POP33","Watching TV","Feelings","63","25","female","right","34","32","81","7","0","{""Sleep"":""7"",""Eat"":""0""}","[0,1]","",""
