"rt","stimulus","key_press","trial_type","trial_index","time_elapsed","internal_node_id","exp_id","Time","year","month","date","hour","minute","seconds","id","Activity","MentalActivity","HeartRate","age","Gender","Handedness","mood","fresh","hunger","H_since_Sleep","H_since_Eat","responses","question_order","slider_start","response"
"null","<p>Welcome to this 1 min. survey on daily rhythms, body and mood.</p><p>You will be asked to report your heart-rate</p><p>and given some questions about yourself.</p><p>Take the test when prompted and/or at different times of the day/night.</p><p>Please make a personal ID (three letters+ two numbers, e.g. ept23).</p><p>Write it down and use this ID whenever taking the test.</p>","null","html-keyboard-response","0","10006","0.0-0.0","l1qc12","Tue Sep 13 2022 18:02:43 GMT+0200 (CEST)","2022","9","13","18","2","43","qwe12","Commuting","Inner voice","97","49","male","right","88","95","9","11","5","","","",""
"7366","","","survey-text","1","17386","0.0-1.0","l1qc12","Tue Sep 13 2022 18:02:43 GMT+0200 (CEST)","2022","9","13","18","2","43","qwe12","Commuting","Inner voice","97","49","male","right","88","95","9","11","5","{""Q0"":""qwe12""}","","",""
"5484","","","survey-multi-choice","2","22874","0.0-2.0","l1qc12","Tue Sep 13 2022 18:02:43 GMT+0200 (CEST)","2022","9","13","18","2","43","qwe12","Commuting","Inner voice","97","49","male","right","88","95","9","11","5","{""Activity"":""Commuting""}","[0]","",""
"3609.0000000000036","","","survey-multi-choice","3","26485","0.0-3.0","l1qc12","Tue Sep 13 2022 18:02:43 GMT+0200 (CEST)","2022","9","13","18","2","43","qwe12","Commuting","Inner voice","97","49","male","right","88","95","9","11","5","{""MentalActivity"":""Inner voice""}","[0]","",""
"6980","","","survey-multi-choice","4","33472","0.0-4.0","l1qc12","Tue Sep 13 2022 18:02:43 GMT+0200 (CEST)","2022","9","13","18","2","43","qwe12","Commuting","Inner voice","97","49","male","right","88","95","9","11","5","{""HeartRate"":""97""}","[0]","",""
"4396","","","survey-text","5","37875","0.0-5.0","l1qc12","Tue Sep 13 2022 18:02:43 GMT+0200 (CEST)","2022","9","13","18","2","43","qwe12","Commuting","Inner voice","97","49","male","right","88","95","9","11","5","{""Q0"":""49""}","","",""
"3471","","","survey-multi-choice","6","41348","0.0-6.0","l1qc12","Tue Sep 13 2022 18:02:43 GMT+0200 (CEST)","2022","9","13","18","2","43","qwe12","Commuting","Inner voice","97","49","male","right","88","95","9","11","5","{""Gender"":""male"",""Hand"":""right""}","[0,1]","",""
"4824.000000000007","<p>How Sad/Angry or Happy are you right now?</p>","","html-slider-response","7","46178","0.0-7.0","l1qc12","Tue Sep 13 2022 18:02:43 GMT+0200 (CEST)","2022","9","13","18","2","43","qwe12","Commuting","Inner voice","97","49","male","right","88","95","9","11","5","","","50","88"
"3894.0000000000073","<p>How Tired/Sleepy/Distracted or Fresh/Awake/Alert are you right now?</p>","","html-slider-response","8","50074","0.0-8.0","l1qc12","Tue Sep 13 2022 18:02:43 GMT+0200 (CEST)","2022","9","13","18","2","43","qwe12","Commuting","Inner voice","97","49","male","right","88","95","9","11","5","","","50","95"
"9723","<p>How Hungry or Satiated are you right now?</p>","","html-slider-response","9","59799","0.0-9.0","l1qc12","Tue Sep 13 2022 18:02:43 GMT+0200 (CEST)","2022","9","13","18","2","43","qwe12","Commuting","Inner voice","97","49","male","right","88","95","9","11","5","","","50","9"
"32451.000000000015","","","survey-multi-choice","10","92255","0.0-10.0","l1qc12","Tue Sep 13 2022 18:02:43 GMT+0200 (CEST)","2022","9","13","18","2","43","qwe12","Commuting","Inner voice","97","49","male","right","88","95","9","11","5","{""Sleep"":""11"",""Eat"":""5""}","[0,1]","",""
