"rt","stimulus","key_press","trial_type","trial_index","time_elapsed","internal_node_id","exp_id","Time","year","month","date","hour","minute","seconds","id","Activity","MentalActivity","HeartRate","age","Gender","Handedness","mood","fresh","hunger","H_since_Sleep","H_since_Eat","responses","question_order","slider_start","response"
"null","<p>Welcome to this 1 min. survey on daily rhythms, body and mood.</p><p>You will be asked to report your heart-rate</p><p>and given some questions about yourself.</p><p>Take the test when prompted and/or at different times of the day/night.</p><p>Please make a personal ID (three letters+ two numbers, e.g. ept23).</p><p>Write it down and use this ID whenever taking the test.</p>","null","html-keyboard-response","0","10027","0.0-0.0","9bkxhr","Sun Sep 18 2022 17:49:45 GMT+0200 (CEST)","2022","9","18","17","49","45","dlg05","Watching TV","Unsymbolized thinking","60","25","female","right","61","34","67","9","2","","","",""
"5018","","","survey-text","1","15086","0.0-1.0","9bkxhr","Sun Sep 18 2022 17:49:45 GMT+0200 (CEST)","2022","9","18","17","49","45","dlg05","Watching TV","Unsymbolized thinking","60","25","female","right","61","34","67","9","2","{""Q0"":""dlg05""}","","",""
"7721","","","survey-multi-choice","2","22816","0.0-2.0","9bkxhr","Sun Sep 18 2022 17:49:45 GMT+0200 (CEST)","2022","9","18","17","49","45","dlg05","Watching TV","Unsymbolized thinking","60","25","female","right","61","34","67","9","2","{""Activity"":""Watching TV""}","[0]","",""
"4902","","","survey-multi-choice","3","27722","0.0-3.0","9bkxhr","Sun Sep 18 2022 17:49:45 GMT+0200 (CEST)","2022","9","18","17","49","45","dlg05","Watching TV","Unsymbolized thinking","60","25","female","right","61","34","67","9","2","{""MentalActivity"":""Unsymbolized thinking""}","[0]","",""
"4533","","","survey-multi-choice","4","32269","0.0-4.0","9bkxhr","Sun Sep 18 2022 17:49:45 GMT+0200 (CEST)","2022","9","18","17","49","45","dlg05","Watching TV","Unsymbolized thinking","60","25","female","right","61","34","67","9","2","{""HeartRate"":""60""}","[0]","",""
"2648","","","survey-text","5","34928","0.0-5.0","9bkxhr","Sun Sep 18 2022 17:49:45 GMT+0200 (CEST)","2022","9","18","17","49","45","dlg05","Watching TV","Unsymbolized thinking","60","25","female","right","61","34","67","9","2","{""Q0"":""25""}","","",""
"2531","","","survey-multi-choice","6","37462","0.0-6.0","9bkxhr","Sun Sep 18 2022 17:49:45 GMT+0200 (CEST)","2022","9","18","17","49","45","dlg05","Watching TV","Unsymbolized thinking","60","25","female","right","61","34","67","9","2","{""Gender"":""female"",""Hand"":""right""}","[0,1]","",""
"4499","<p>How Sad/Angry or Happy are you right now?</p>","","html-slider-response","7","41968","0.0-7.0","9bkxhr","Sun Sep 18 2022 17:49:45 GMT+0200 (CEST)","2022","9","18","17","49","45","dlg05","Watching TV","Unsymbolized thinking","60","25","female","right","61","34","67","9","2","","","50","61"
"2553","<p>How Tired/Sleepy/Distracted or Fresh/Awake/Alert are you right now?</p>","","html-slider-response","8","44526","0.0-8.0","9bkxhr","Sun Sep 18 2022 17:49:45 GMT+0200 (CEST)","2022","9","18","17","49","45","dlg05","Watching TV","Unsymbolized thinking","60","25","female","right","61","34","67","9","2","","","50","34"
"3605","<p>How Hungry or Satiated are you right now?</p>","","html-slider-response","9","48132","0.0-9.0","9bkxhr","Sun Sep 18 2022 17:49:45 GMT+0200 (CEST)","2022","9","18","17","49","45","dlg05","Watching TV","Unsymbolized thinking","60","25","female","right","61","34","67","9","2","","","50","67"
"58337","","","survey-multi-choice","10","106480","0.0-10.0","9bkxhr","Sun Sep 18 2022 17:49:45 GMT+0200 (CEST)","2022","9","18","17","49","45","dlg05","Watching TV","Unsymbolized thinking","60","25","female","right","61","34","67","9","2","{""Sleep"":""9"",""Eat"":""2""}","[0,1]","",""
