"rt","stimulus","key_press","trial_type","trial_index","time_elapsed","internal_node_id","exp_id","Time","year","month","date","hour","minute","seconds","id","HeartRate","age","Gender","Handedness","mood","fresh","hunger","H_since_Sleep","H_since_Eat","Activity","MentalActivity","responses","question_order","slider_start","response"
"null","<p>Welcome to this 1 min. survey on daily rhythms, body and mood.</p><p>You will be asked to report your heart-rate</p><p>and given some questions about yourself.</p><p>Take the test when prompted and/or at different times of the day/night.</p><p>Please make a personal ID (three letters+ two numbers, e.g. ept23).</p><p>Write it down and use this ID whenever taking the test.</p>","null","html-keyboard-response","0","10003","0.0-0.0","zt5zz3","Thu Sep 08 2022 16:36:18 GMT+0200 (Centraleuropæisk sommertid)","2022","9","8","16","36","18","POP33","69","25","female","right","85","30","75","10","0","Working, Studying","Inner voice","","","",""
"19742","","","survey-text","1","29749","0.0-1.0","zt5zz3","Thu Sep 08 2022 16:36:18 GMT+0200 (Centraleuropæisk sommertid)","2022","9","8","16","36","18","POP33","69","25","female","right","85","30","75","10","0","Working, Studying","Inner voice","{""Q0"":""POP33""}","","",""
"45585.80000001192","","","survey-multi-choice","2","75340","0.0-2.0","zt5zz3","Thu Sep 08 2022 16:36:18 GMT+0200 (Centraleuropæisk sommertid)","2022","9","8","16","36","18","POP33","69","25","female","right","85","30","75","10","0","Working, Studying","Inner voice","{""HeartRate"":""69""}","[0]","",""
"5439.899999976158","","","survey-text","3","80784","0.0-3.0","zt5zz3","Thu Sep 08 2022 16:36:18 GMT+0200 (Centraleuropæisk sommertid)","2022","9","8","16","36","18","POP33","69","25","female","right","85","30","75","10","0","Working, Studying","Inner voice","{""Q0"":""25""}","","",""
"5316.5","","","survey-multi-choice","4","86102","0.0-4.0","zt5zz3","Thu Sep 08 2022 16:36:18 GMT+0200 (Centraleuropæisk sommertid)","2022","9","8","16","36","18","POP33","69","25","female","right","85","30","75","10","0","Working, Studying","Inner voice","{""Gender"":""female"",""Hand"":""right""}","[0,1]","",""
"5110.100000023842","<p>How Sad/Angry or Happy are you right now?</p>","","html-slider-response","5","91216","0.0-5.0","zt5zz3","Thu Sep 08 2022 16:36:18 GMT+0200 (Centraleuropæisk sommertid)","2022","9","8","16","36","18","POP33","69","25","female","right","85","30","75","10","0","Working, Studying","Inner voice","","","50","85"
"10719.300000011921","<p>How Tired/Sleepy/Distracted or Fresh/Awake/Alert are you right now?</p>","","html-slider-response","6","101936","0.0-6.0","zt5zz3","Thu Sep 08 2022 16:36:18 GMT+0200 (Centraleuropæisk sommertid)","2022","9","8","16","36","18","POP33","69","25","female","right","85","30","75","10","0","Working, Studying","Inner voice","","","50","30"
"6022.699999988079","<p>How Hungry or Satiated are you right now?</p>","","html-slider-response","7","107961","0.0-7.0","zt5zz3","Thu Sep 08 2022 16:36:18 GMT+0200 (Centraleuropæisk sommertid)","2022","9","8","16","36","18","POP33","69","25","female","right","85","30","75","10","0","Working, Studying","Inner voice","","","50","75"
"73861.80000001192","","","survey-multi-choice","8","181826","0.0-8.0","zt5zz3","Thu Sep 08 2022 16:36:18 GMT+0200 (Centraleuropæisk sommertid)","2022","9","8","16","36","18","POP33","69","25","female","right","85","30","75","10","0","Working, Studying","Inner voice","{""Sleep"":""10"",""Eat"":""0""}","[0,1]","",""
"33977.69999998808","","","survey-multi-choice","9","215809","0.0-9.0","zt5zz3","Thu Sep 08 2022 16:36:18 GMT+0200 (Centraleuropæisk sommertid)","2022","9","8","16","36","18","POP33","69","25","female","right","85","30","75","10","0","Working, Studying","Inner voice","{""Activity"":""Working, Studying""}","[0]","",""
"19733.09999999404","","","survey-multi-choice","10","235548","0.0-10.0","zt5zz3","Thu Sep 08 2022 16:36:18 GMT+0200 (Centraleuropæisk sommertid)","2022","9","8","16","36","18","POP33","69","25","female","right","85","30","75","10","0","Working, Studying","Inner voice","{""MentalActivity"":""Inner voice""}","[0]","",""
