"rt","stimulus","key_press","trial_type","trial_index","time_elapsed","internal_node_id","exp_id","Time","year","month","date","hour","minute","seconds","id","Activity","MentalActivity","HeartRate","age","Gender","Handedness","mood","fresh","hunger","H_since_Sleep","H_since_Eat","responses","question_order","slider_start","response"
"null","<p>Welcome to this 1 min. survey on daily rhythms, body and mood.</p><p>You will be asked to report your heart-rate</p><p>and given some questions about yourself.</p><p>Take the test when prompted and/or at different times of the day/night.</p><p>Please make a personal ID (three letters+ two numbers, e.g. ept23).</p><p>Write it down and use this ID whenever taking the test.</p>","null","html-keyboard-response","0","10006","0.0-0.0","se50wn","Tue Oct 25 2022 17:21:14 GMT+0200 (CEST)","2022","10","25","17","21","14","qwe12","Other","Inner voice","82","49","male","right","69","91","12","11","5","","","",""
"7737","","","survey-text","1","17752","0.0-1.0","se50wn","Tue Oct 25 2022 17:21:14 GMT+0200 (CEST)","2022","10","25","17","21","14","qwe12","Other","Inner voice","82","49","male","right","69","91","12","11","5","{""Q0"":""qwe12""}","","",""
"15509","","","survey-multi-choice","2","33265","0.0-2.0","se50wn","Tue Oct 25 2022 17:21:14 GMT+0200 (CEST)","2022","10","25","17","21","14","qwe12","Other","Inner voice","82","49","male","right","69","91","12","11","5","{""Activity"":""Other""}","[0]","",""
"2673","","","survey-multi-choice","3","35940","0.0-3.0","se50wn","Tue Oct 25 2022 17:21:14 GMT+0200 (CEST)","2022","10","25","17","21","14","qwe12","Other","Inner voice","82","49","male","right","69","91","12","11","5","{""MentalActivity"":""Inner voice""}","[0]","",""
"10498","","","survey-multi-choice","4","46445","0.0-4.0","se50wn","Tue Oct 25 2022 17:21:14 GMT+0200 (CEST)","2022","10","25","17","21","14","qwe12","Other","Inner voice","82","49","male","right","69","91","12","11","5","{""HeartRate"":""82""}","[0]","",""
"3578","","","survey-text","5","50030","0.0-5.0","se50wn","Tue Oct 25 2022 17:21:14 GMT+0200 (CEST)","2022","10","25","17","21","14","qwe12","Other","Inner voice","82","49","male","right","69","91","12","11","5","{""Q0"":""49""}","","",""
"3217.0000000000073","","","survey-multi-choice","6","53250","0.0-6.0","se50wn","Tue Oct 25 2022 17:21:14 GMT+0200 (CEST)","2022","10","25","17","21","14","qwe12","Other","Inner voice","82","49","male","right","69","91","12","11","5","{""Gender"":""male"",""Hand"":""right""}","[0,1]","",""
"6959","<p>How Sad/Angry or Happy are you right now?</p>","","html-slider-response","7","60213","0.0-7.0","se50wn","Tue Oct 25 2022 17:21:14 GMT+0200 (CEST)","2022","10","25","17","21","14","qwe12","Other","Inner voice","82","49","male","right","69","91","12","11","5","","","50","69"
"8738","<p>How Tired/Sleepy/Distracted or Fresh/Awake/Alert are you right now?</p>","","html-slider-response","8","68954","0.0-8.0","se50wn","Tue Oct 25 2022 17:21:14 GMT+0200 (CEST)","2022","10","25","17","21","14","qwe12","Other","Inner voice","82","49","male","right","69","91","12","11","5","","","50","91"
"6630","<p>How Hungry or Satiated are you right now?</p>","","html-slider-response","9","75586","0.0-9.0","se50wn","Tue Oct 25 2022 17:21:14 GMT+0200 (CEST)","2022","10","25","17","21","14","qwe12","Other","Inner voice","82","49","male","right","69","91","12","11","5","","","50","12"
"23418","","","survey-multi-choice","10","99008","0.0-10.0","se50wn","Tue Oct 25 2022 17:21:14 GMT+0200 (CEST)","2022","10","25","17","21","14","qwe12","Other","Inner voice","82","49","male","right","69","91","12","11","5","{""Sleep"":""11"",""Eat"":""5""}","[0,1]","",""
