"rt","stimulus","key_press","trial_type","trial_index","time_elapsed","internal_node_id","exp_id","Time","year","month","date","hour","minute","seconds","id","HeartRate","age","Gender","Handedness","mood","fresh","hunger","H_since_Sleep","H_since_Eat","Activity","MentalActivity","responses","question_order","slider_start","response"
"null","<p>Welcome to this 1 min. survey on daily rhythms, body and mood.</p><p>You will be asked to report your heart-rate</p><p>and given some questions about yourself.</p><p>Take the test when prompted and/or at different times of the day/night.</p><p>Please make a personal ID (three letters+ two numbers, e.g. ept23).</p><p>Write it down and use this ID whenever taking the test.</p>","null","html-keyboard-response","0","10009","0.0-0.0","x32tnz","Thu Sep 08 2022 17:15:58 GMT+0200 (Centraleuropæisk sommertid)","2022","9","8","17","15","58","pol12","51","25","female","right","45","50","69","1","0","Working, Studying","Unsymbolized thinking","","","",""
"56339.59999999404","","","survey-text","1","66379","0.0-1.0","x32tnz","Thu Sep 08 2022 17:15:58 GMT+0200 (Centraleuropæisk sommertid)","2022","9","8","17","15","58","pol12","51","25","female","right","45","50","69","1","0","Working, Studying","Unsymbolized thinking","{""Q0"":""pol12""}","","",""
"61756.90000000596","","","survey-multi-choice","2","128158","0.0-2.0","x32tnz","Thu Sep 08 2022 17:15:58 GMT+0200 (Centraleuropæisk sommertid)","2022","9","8","17","15","58","pol12","51","25","female","right","45","50","69","1","0","Working, Studying","Unsymbolized thinking","{""HeartRate"":""51""}","[0]","",""
"3782.9000000059605","","","survey-text","3","131951","0.0-3.0","x32tnz","Thu Sep 08 2022 17:15:58 GMT+0200 (Centraleuropæisk sommertid)","2022","9","8","17","15","58","pol12","51","25","female","right","45","50","69","1","0","Working, Studying","Unsymbolized thinking","{""Q0"":""25""}","","",""
"3565.6000000089407","","","survey-multi-choice","4","135527","0.0-4.0","x32tnz","Thu Sep 08 2022 17:15:58 GMT+0200 (Centraleuropæisk sommertid)","2022","9","8","17","15","58","pol12","51","25","female","right","45","50","69","1","0","Working, Studying","Unsymbolized thinking","{""Gender"":""female"",""Hand"":""right""}","[0,1]","",""
"7883.20000000298","<p>How Sad/Angry or Happy are you right now?</p>","","html-slider-response","5","143416","0.0-5.0","x32tnz","Thu Sep 08 2022 17:15:58 GMT+0200 (Centraleuropæisk sommertid)","2022","9","8","17","15","58","pol12","51","25","female","right","45","50","69","1","0","Working, Studying","Unsymbolized thinking","","","50","45"
"1664","<p>How Tired/Sleepy/Distracted or Fresh/Awake/Alert are you right now?</p>","","html-slider-response","6","145084","0.0-6.0","x32tnz","Thu Sep 08 2022 17:15:58 GMT+0200 (Centraleuropæisk sommertid)","2022","9","8","17","15","58","pol12","51","25","female","right","45","50","69","1","0","Working, Studying","Unsymbolized thinking","","","50","50"
"2570.4000000059605","<p>How Hungry or Satiated are you right now?</p>","","html-slider-response","7","147659","0.0-7.0","x32tnz","Thu Sep 08 2022 17:15:58 GMT+0200 (Centraleuropæisk sommertid)","2022","9","8","17","15","58","pol12","51","25","female","right","45","50","69","1","0","Working, Studying","Unsymbolized thinking","","","50","69"
"7491.600000008941","","","survey-multi-choice","8","155158","0.0-8.0","x32tnz","Thu Sep 08 2022 17:15:58 GMT+0200 (Centraleuropæisk sommertid)","2022","9","8","17","15","58","pol12","51","25","female","right","45","50","69","1","0","Working, Studying","Unsymbolized thinking","{""Sleep"":""1"",""Eat"":""0""}","[0,1]","",""
"2426.3999999910593","","","survey-multi-choice","9","157591","0.0-9.0","x32tnz","Thu Sep 08 2022 17:15:58 GMT+0200 (Centraleuropæisk sommertid)","2022","9","8","17","15","58","pol12","51","25","female","right","45","50","69","1","0","Working, Studying","Unsymbolized thinking","{""Activity"":""Working, Studying""}","[0]","",""
"4773.70000000298","","","survey-multi-choice","10","162376","0.0-10.0","x32tnz","Thu Sep 08 2022 17:15:58 GMT+0200 (Centraleuropæisk sommertid)","2022","9","8","17","15","58","pol12","51","25","female","right","45","50","69","1","0","Working, Studying","Unsymbolized thinking","{""MentalActivity"":""Unsymbolized thinking""}","[0]","",""
