"rt","stimulus","key_press","trial_type","trial_index","time_elapsed","internal_node_id","exp_id","Time","year","month","date","hour","minute","seconds","id","Activity","MentalActivity","HeartRate","age","Gender","Handedness","mood","fresh","hunger","H_since_Sleep","H_since_Eat","responses","question_order","slider_start","response"
"null","<p>Welcome to this 1 min. survey on daily rhythms, body and mood.</p><p>You will be asked to report your heart-rate</p><p>and given some questions about yourself.</p><p>Take the test when prompted and/or at different times of the day/night.</p><p>Please make a personal ID (three letters+ two numbers, e.g. ept23).</p><p>Write it down and use this ID whenever taking the test.</p>","null","html-keyboard-response","0","10020","0.0-0.0","9yxbqg","Fri Sep 09 2022 10:01:19 GMT+0200 (CEST)","2022","9","9","10","1","19","dan72","Working, Studying","Inner seeing","72","23","female","left","62","61","50","3","1","","","",""
"9668","","","survey-text","1","19749","0.0-1.0","9yxbqg","Fri Sep 09 2022 10:01:19 GMT+0200 (CEST)","2022","9","9","10","1","19","dan72","Working, Studying","Inner seeing","72","23","female","left","62","61","50","3","1","{""Q0"":""dan72""}","","",""
"7811.999999999996","","","survey-multi-choice","2","27570","0.0-2.0","9yxbqg","Fri Sep 09 2022 10:01:19 GMT+0200 (CEST)","2022","9","9","10","1","19","dan72","Working, Studying","Inner seeing","72","23","female","left","62","61","50","3","1","{""Activity"":""Working, Studying""}","[0]","",""
"21013","","","survey-multi-choice","3","48587","0.0-3.0","9yxbqg","Fri Sep 09 2022 10:01:19 GMT+0200 (CEST)","2022","9","9","10","1","19","dan72","Working, Studying","Inner seeing","72","23","female","left","62","61","50","3","1","{""MentalActivity"":""Inner seeing""}","[0]","",""
"48237","","","survey-multi-choice","4","96834","0.0-4.0","9yxbqg","Fri Sep 09 2022 10:01:19 GMT+0200 (CEST)","2022","9","9","10","1","19","dan72","Working, Studying","Inner seeing","72","23","female","left","62","61","50","3","1","{""HeartRate"":""72""}","[0]","",""
"3262","","","survey-text","5","100109","0.0-5.0","9yxbqg","Fri Sep 09 2022 10:01:19 GMT+0200 (CEST)","2022","9","9","10","1","19","dan72","Working, Studying","Inner seeing","72","23","female","left","62","61","50","3","1","{""Q0"":""23""}","","",""
"3400.9999999999854","","","survey-multi-choice","6","103516","0.0-6.0","9yxbqg","Fri Sep 09 2022 10:01:19 GMT+0200 (CEST)","2022","9","9","10","1","19","dan72","Working, Studying","Inner seeing","72","23","female","left","62","61","50","3","1","{""Gender"":""female"",""Hand"":""left""}","[0,1]","",""
"5378","<p>How Sad/Angry or Happy are you right now?</p>","","html-slider-response","7","108903","0.0-7.0","9yxbqg","Fri Sep 09 2022 10:01:19 GMT+0200 (CEST)","2022","9","9","10","1","19","dan72","Working, Studying","Inner seeing","72","23","female","left","62","61","50","3","1","","","50","62"
"5467.999999999985","<p>How Tired/Sleepy/Distracted or Fresh/Awake/Alert are you right now?</p>","","html-slider-response","8","114375","0.0-8.0","9yxbqg","Fri Sep 09 2022 10:01:19 GMT+0200 (CEST)","2022","9","9","10","1","19","dan72","Working, Studying","Inner seeing","72","23","female","left","62","61","50","3","1","","","50","61"
"2695.9999999999854","<p>How Hungry or Satiated are you right now?</p>","","html-slider-response","9","117075","0.0-9.0","9yxbqg","Fri Sep 09 2022 10:01:19 GMT+0200 (CEST)","2022","9","9","10","1","19","dan72","Working, Studying","Inner seeing","72","23","female","left","62","61","50","3","1","","","50","50"
"12053.000000000015","","","survey-multi-choice","10","129134","0.0-10.0","9yxbqg","Fri Sep 09 2022 10:01:19 GMT+0200 (CEST)","2022","9","9","10","1","19","dan72","Working, Studying","Inner seeing","72","23","female","left","62","61","50","3","1","{""Sleep"":""3"",""Eat"":""1""}","[0,1]","",""
