"rt","stimulus","key_press","trial_type","trial_index","time_elapsed","internal_node_id","exp_id","Time","year","month","date","hour","minute","seconds","id","Activity","MentalActivity","HeartRate","age","Gender","Handedness","mood","fresh","hunger","H_since_Sleep","H_since_Eat","responses","question_order","slider_start","response"
"null","<p>Welcome to this 1 min. survey on daily rhythms, body and mood.</p><p>You will be asked to report your heart-rate</p><p>and given some questions about yourself.</p><p>Take the test when prompted and/or at different times of the day/night.</p><p>Please make a personal ID (three letters+ two numbers, e.g. ept23).</p><p>Write it down and use this ID whenever taking the test.</p>","null","html-keyboard-response","0","10027","0.0-0.0","7gfx2e","Sun Sep 11 2022 02:16:33 GMT+0200 (Centraleuropæisk sommertid)","2022","9","11","2","16","33","rex13","Commuting","Sensory awareness","78","24","male","right","73","0","55","16","7","","","",""
"8066.100000008941","","","survey-text","1","18140","0.0-1.0","7gfx2e","Sun Sep 11 2022 02:16:33 GMT+0200 (Centraleuropæisk sommertid)","2022","9","11","2","16","33","rex13","Commuting","Sensory awareness","78","24","male","right","73","0","55","16","7","{""Q0"":""rex13""}","","",""
"2381.2000000029802","","","survey-multi-choice","2","20541","0.0-2.0","7gfx2e","Sun Sep 11 2022 02:16:33 GMT+0200 (Centraleuropæisk sommertid)","2022","9","11","2","16","33","rex13","Commuting","Sensory awareness","78","24","male","right","73","0","55","16","7","{""Activity"":""Commuting""}","[0]","",""
"6537","","","survey-multi-choice","3","27087","0.0-3.0","7gfx2e","Sun Sep 11 2022 02:16:33 GMT+0200 (Centraleuropæisk sommertid)","2022","9","11","2","16","33","rex13","Commuting","Sensory awareness","78","24","male","right","73","0","55","16","7","{""MentalActivity"":""Sensory awareness""}","[0]","",""
"26260.19999998808","","","survey-multi-choice","4","65520","0.0-4.0","7gfx2e","Sun Sep 11 2022 02:16:33 GMT+0200 (Centraleuropæisk sommertid)","2022","9","11","2","16","33","rex13","Commuting","Sensory awareness","78","24","male","right","73","0","55","16","7","{""HeartRate"":""78""}","[0]","",""
"4369.4000000059605","","","survey-text","5","69907","0.0-5.0","7gfx2e","Sun Sep 11 2022 02:16:33 GMT+0200 (Centraleuropæisk sommertid)","2022","9","11","2","16","33","rex13","Commuting","Sensory awareness","78","24","male","right","73","0","55","16","7","{""Q0"":""24""}","","",""
"2398.5999999940395","","","survey-multi-choice","6","72314","0.0-6.0","7gfx2e","Sun Sep 11 2022 02:16:33 GMT+0200 (Centraleuropæisk sommertid)","2022","9","11","2","16","33","rex13","Commuting","Sensory awareness","78","24","male","right","73","0","55","16","7","{""Gender"":""male"",""Hand"":""right""}","[0,1]","",""
"4415","<p>How Sad/Angry or Happy are you right now?</p>","","html-slider-response","7","76744","0.0-7.0","7gfx2e","Sun Sep 11 2022 02:16:33 GMT+0200 (Centraleuropæisk sommertid)","2022","9","11","2","16","33","rex13","Commuting","Sensory awareness","78","24","male","right","73","0","55","16","7","","","50","73"
"4568.70000000298","<p>How Tired/Sleepy/Distracted or Fresh/Awake/Alert are you right now?</p>","","html-slider-response","8","81319","0.0-8.0","7gfx2e","Sun Sep 11 2022 02:16:33 GMT+0200 (Centraleuropæisk sommertid)","2022","9","11","2","16","33","rex13","Commuting","Sensory awareness","78","24","male","right","73","0","55","16","7","","","50","0"
"3952","<p>How Hungry or Satiated are you right now?</p>","","html-slider-response","9","85277","0.0-9.0","7gfx2e","Sun Sep 11 2022 02:16:33 GMT+0200 (Centraleuropæisk sommertid)","2022","9","11","2","16","33","rex13","Commuting","Sensory awareness","78","24","male","right","73","0","55","16","7","","","50","55"
"66220.70000000298","","","survey-multi-choice","10","151511","0.0-10.0","7gfx2e","Sun Sep 11 2022 02:16:33 GMT+0200 (Centraleuropæisk sommertid)","2022","9","11","2","16","33","rex13","Commuting","Sensory awareness","78","24","male","right","73","0","55","16","7","{""Sleep"":""16"",""Eat"":""7""}","[0,1]","",""
