"rt","stimulus","key_press","trial_type","trial_index","time_elapsed","internal_node_id","exp_id","Time","year","month","date","hour","minute","seconds","id","Activity","MentalActivity","HeartRate","age","Gender","Handedness","mood","fresh","hunger","H_since_Sleep","H_since_Eat","responses","question_order","slider_start","response"
"null","<p>Welcome to this 1 min. survey on daily rhythms, body and mood.</p><p>You will be asked to report your heart-rate</p><p>and given some questions about yourself.</p><p>Take the test when prompted and/or at different times of the day/night.</p><p>Please make a personal ID (three letters+ two numbers, e.g. ept23).</p><p>Write it down and use this ID whenever taking the test.</p>","null","html-keyboard-response","0","10035","0.0-0.0","d9oq17","Sat Nov 12 2022 14:18:13 GMT+0100 (CET)","2022","11","12","14","18","13","yfg54","Housework","Inner voice","90","23","female","right","92","67","31","6","1","","","",""
"16445","","","survey-text","1","26536","0.0-1.0","d9oq17","Sat Nov 12 2022 14:18:13 GMT+0100 (CET)","2022","11","12","14","18","13","yfg54","Housework","Inner voice","90","23","female","right","92","67","31","6","1","{""Q0"":""yfg54""}","","",""
"3565","","","survey-multi-choice","2","30110","0.0-2.0","d9oq17","Sat Nov 12 2022 14:18:13 GMT+0100 (CET)","2022","11","12","14","18","13","yfg54","Housework","Inner voice","90","23","female","right","92","67","31","6","1","{""Activity"":""Housework""}","[0]","",""
"2453","","","survey-multi-choice","3","32567","0.0-3.0","d9oq17","Sat Nov 12 2022 14:18:13 GMT+0100 (CET)","2022","11","12","14","18","13","yfg54","Housework","Inner voice","90","23","female","right","92","67","31","6","1","{""MentalActivity"":""Inner voice""}","[0]","",""
"36350","","","survey-multi-choice","4","68927","0.0-4.0","d9oq17","Sat Nov 12 2022 14:18:13 GMT+0100 (CET)","2022","11","12","14","18","13","yfg54","Housework","Inner voice","90","23","female","right","92","67","31","6","1","{""HeartRate"":""90""}","[0]","",""
"2613","","","survey-text","5","71556","0.0-5.0","d9oq17","Sat Nov 12 2022 14:18:13 GMT+0100 (CET)","2022","11","12","14","18","13","yfg54","Housework","Inner voice","90","23","female","right","92","67","31","6","1","{""Q0"":""23""}","","",""
"3766.0000000000146","","","survey-multi-choice","6","75327","0.0-6.0","d9oq17","Sat Nov 12 2022 14:18:13 GMT+0100 (CET)","2022","11","12","14","18","13","yfg54","Housework","Inner voice","90","23","female","right","92","67","31","6","1","{""Gender"":""female"",""Hand"":""right""}","[0,1]","",""
"6794.999999999985","<p>How Sad/Angry or Happy are you right now?</p>","","html-slider-response","7","82135","0.0-7.0","d9oq17","Sat Nov 12 2022 14:18:13 GMT+0100 (CET)","2022","11","12","14","18","13","yfg54","Housework","Inner voice","90","23","female","right","92","67","31","6","1","","","50","92"
"6225","<p>How Tired/Sleepy/Distracted or Fresh/Awake/Alert are you right now?</p>","","html-slider-response","8","88365","0.0-8.0","d9oq17","Sat Nov 12 2022 14:18:13 GMT+0100 (CET)","2022","11","12","14","18","13","yfg54","Housework","Inner voice","90","23","female","right","92","67","31","6","1","","","50","67"
"3671","<p>How Hungry or Satiated are you right now?</p>","","html-slider-response","9","92041","0.0-9.0","d9oq17","Sat Nov 12 2022 14:18:13 GMT+0100 (CET)","2022","11","12","14","18","13","yfg54","Housework","Inner voice","90","23","female","right","92","67","31","6","1","","","50","31"
"13792","","","survey-multi-choice","10","105840","0.0-10.0","d9oq17","Sat Nov 12 2022 14:18:13 GMT+0100 (CET)","2022","11","12","14","18","13","yfg54","Housework","Inner voice","90","23","female","right","92","67","31","6","1","{""Sleep"":""6"",""Eat"":""1""}","[0,1]","",""
