"rt","stimulus","key_press","trial_type","trial_index","time_elapsed","internal_node_id","exp_id","Time","year","month","date","hour","minute","seconds","id","Activity","MentalActivity","HeartRate","age","Gender","Handedness","mood","fresh","hunger","H_since_Sleep","H_since_Eat","responses","question_order","slider_start","response"
"null","<p>Welcome to this 1 min. survey on daily rhythms, body and mood.</p><p>You will be asked to report your heart-rate</p><p>and given some questions about yourself.</p><p>Take the test when prompted and/or at different times of the day/night.</p><p>Please make a personal ID (three letters+ two numbers, e.g. ept23).</p><p>Write it down and use this ID whenever taking the test.</p>","null","html-keyboard-response","0","10002","0.0-0.0","zksxve","Sat Sep 10 2022 22:51:23 GMT+0200 (Centraleuropæisk sommertid)","2022","9","10","22","51","23","pol12","Sleeping, Resting","Unsymbolized thinking","60","25","female","right","65","18","97","12","1","","","",""
"9508.40000000596","","","survey-text","1","19524","0.0-1.0","zksxve","Sat Sep 10 2022 22:51:23 GMT+0200 (Centraleuropæisk sommertid)","2022","9","10","22","51","23","pol12","Sleeping, Resting","Unsymbolized thinking","60","25","female","right","65","18","97","12","1","{""Q0"":""pol12""}","","",""
"10043.300000011921","","","survey-multi-choice","2","29579","0.0-2.0","zksxve","Sat Sep 10 2022 22:51:23 GMT+0200 (Centraleuropæisk sommertid)","2022","9","10","22","51","23","pol12","Sleeping, Resting","Unsymbolized thinking","60","25","female","right","65","18","97","12","1","{""Activity"":""Sleeping, Resting""}","[0]","",""
"6768.5","","","survey-multi-choice","3","36353","0.0-3.0","zksxve","Sat Sep 10 2022 22:51:23 GMT+0200 (Centraleuropæisk sommertid)","2022","9","10","22","51","23","pol12","Sleeping, Resting","Unsymbolized thinking","60","25","female","right","65","18","97","12","1","{""MentalActivity"":""Unsymbolized thinking""}","[0]","",""
"41246.70000001788","","","survey-multi-choice","4","77611","0.0-4.0","zksxve","Sat Sep 10 2022 22:51:23 GMT+0200 (Centraleuropæisk sommertid)","2022","9","10","22","51","23","pol12","Sleeping, Resting","Unsymbolized thinking","60","25","female","right","65","18","97","12","1","{""HeartRate"":""60""}","[0]","",""
"4241.9000000059605","","","survey-text","5","81863","0.0-5.0","zksxve","Sat Sep 10 2022 22:51:23 GMT+0200 (Centraleuropæisk sommertid)","2022","9","10","22","51","23","pol12","Sleeping, Resting","Unsymbolized thinking","60","25","female","right","65","18","97","12","1","{""Q0"":""25""}","","",""
"3578.4000000059605","","","survey-multi-choice","6","85451","0.0-6.0","zksxve","Sat Sep 10 2022 22:51:23 GMT+0200 (Centraleuropæisk sommertid)","2022","9","10","22","51","23","pol12","Sleeping, Resting","Unsymbolized thinking","60","25","female","right","65","18","97","12","1","{""Gender"":""female"",""Hand"":""right""}","[0,1]","",""
"3565.5","<p>How Sad/Angry or Happy are you right now?</p>","","html-slider-response","7","89023","0.0-7.0","zksxve","Sat Sep 10 2022 22:51:23 GMT+0200 (Centraleuropæisk sommertid)","2022","9","10","22","51","23","pol12","Sleeping, Resting","Unsymbolized thinking","60","25","female","right","65","18","97","12","1","","","50","65"
"4111.300000011921","<p>How Tired/Sleepy/Distracted or Fresh/Awake/Alert are you right now?</p>","","html-slider-response","8","93138","0.0-8.0","zksxve","Sat Sep 10 2022 22:51:23 GMT+0200 (Centraleuropæisk sommertid)","2022","9","10","22","51","23","pol12","Sleeping, Resting","Unsymbolized thinking","60","25","female","right","65","18","97","12","1","","","50","18"
"2882.5999999940395","<p>How Hungry or Satiated are you right now?</p>","","html-slider-response","9","96024","0.0-9.0","zksxve","Sat Sep 10 2022 22:51:23 GMT+0200 (Centraleuropæisk sommertid)","2022","9","10","22","51","23","pol12","Sleeping, Resting","Unsymbolized thinking","60","25","female","right","65","18","97","12","1","","","50","97"
"19750.09999999404","","","survey-multi-choice","10","115782","0.0-10.0","zksxve","Sat Sep 10 2022 22:51:23 GMT+0200 (Centraleuropæisk sommertid)","2022","9","10","22","51","23","pol12","Sleeping, Resting","Unsymbolized thinking","60","25","female","right","65","18","97","12","1","{""Sleep"":""12"",""Eat"":""1""}","[0,1]","",""
