"rt","stimulus","key_press","trial_type","trial_index","time_elapsed","internal_node_id","exp_id","Time","year","month","date","hour","minute","seconds","id","Activity","MentalActivity","HeartRate","age","Gender","Handedness","mood","fresh","hunger","H_since_Sleep","H_since_Eat","responses","question_order","slider_start","response"
"null","<p>Welcome to this 1 min. survey on daily rhythms, body and mood.</p><p>You will be asked to report your heart-rate</p><p>and given some questions about yourself.</p><p>Take the test when prompted and/or at different times of the day/night.</p><p>Please make a personal ID (three letters+ two numbers, e.g. ept23).</p><p>Write it down and use this ID whenever taking the test.</p>","null","html-keyboard-response","0","10038","0.0-0.0","t9200e","Mon Sep 19 2022 01:22:26 GMT+0200 (Centraleuropæisk sommertid)","2022","9","19","1","22","26","Mis27","Sleeping, Resting","Feelings","72","21","female","left","29","19","42","15","3","","","",""
"8332.5","","","survey-text","1","18417","0.0-1.0","t9200e","Mon Sep 19 2022 01:22:26 GMT+0200 (Centraleuropæisk sommertid)","2022","9","19","1","22","26","Mis27","Sleeping, Resting","Feelings","72","21","female","left","29","19","42","15","3","{""Q0"":""Mis27""}","","",""
"9213.599999964237","","","survey-multi-choice","2","27644","0.0-2.0","t9200e","Mon Sep 19 2022 01:22:26 GMT+0200 (Centraleuropæisk sommertid)","2022","9","19","1","22","26","Mis27","Sleeping, Resting","Feelings","72","21","female","left","29","19","42","15","3","{""Activity"":""Sleeping, Resting""}","[0]","",""
"8204.600000023842","","","survey-multi-choice","3","35861","0.0-3.0","t9200e","Mon Sep 19 2022 01:22:26 GMT+0200 (Centraleuropæisk sommertid)","2022","9","19","1","22","26","Mis27","Sleeping, Resting","Feelings","72","21","female","left","29","19","42","15","3","{""MentalActivity"":""Feelings""}","[0]","",""
"3766","","","survey-multi-choice","4","39658","0.0-4.0","t9200e","Mon Sep 19 2022 01:22:26 GMT+0200 (Centraleuropæisk sommertid)","2022","9","19","1","22","26","Mis27","Sleeping, Resting","Feelings","72","21","female","left","29","19","42","15","3","{""HeartRate"":""72""}","[0]","",""
"4219.399999976158","","","survey-text","5","43888","0.0-5.0","t9200e","Mon Sep 19 2022 01:22:26 GMT+0200 (Centraleuropæisk sommertid)","2022","9","19","1","22","26","Mis27","Sleeping, Resting","Feelings","72","21","female","left","29","19","42","15","3","{""Q0"":""21""}","","",""
"2577.699999988079","","","survey-multi-choice","6","46477","0.0-6.0","t9200e","Mon Sep 19 2022 01:22:26 GMT+0200 (Centraleuropæisk sommertid)","2022","9","19","1","22","26","Mis27","Sleeping, Resting","Feelings","72","21","female","left","29","19","42","15","3","{""Gender"":""female"",""Hand"":""left""}","[0,1]","",""
"4613.5","<p>How Sad/Angry or Happy are you right now?</p>","","html-slider-response","7","51120","0.0-7.0","t9200e","Mon Sep 19 2022 01:22:26 GMT+0200 (Centraleuropæisk sommertid)","2022","9","19","1","22","26","Mis27","Sleeping, Resting","Feelings","72","21","female","left","29","19","42","15","3","","","50","29"
"3761.300000011921","<p>How Tired/Sleepy/Distracted or Fresh/Awake/Alert are you right now?</p>","","html-slider-response","8","54888","0.0-8.0","t9200e","Mon Sep 19 2022 01:22:26 GMT+0200 (Centraleuropæisk sommertid)","2022","9","19","1","22","26","Mis27","Sleeping, Resting","Feelings","72","21","female","left","29","19","42","15","3","","","50","19"
"3553.399999976158","<p>How Hungry or Satiated are you right now?</p>","","html-slider-response","9","58448","0.0-9.0","t9200e","Mon Sep 19 2022 01:22:26 GMT+0200 (Centraleuropæisk sommertid)","2022","9","19","1","22","26","Mis27","Sleeping, Resting","Feelings","72","21","female","left","29","19","42","15","3","","","50","42"
"32855.59999996424","","","survey-multi-choice","10","91322","0.0-10.0","t9200e","Mon Sep 19 2022 01:22:26 GMT+0200 (Centraleuropæisk sommertid)","2022","9","19","1","22","26","Mis27","Sleeping, Resting","Feelings","72","21","female","left","29","19","42","15","3","{""Sleep"":""15"",""Eat"":""3""}","[0,1]","",""
