"rt","stimulus","key_press","trial_type","trial_index","time_elapsed","internal_node_id","exp_id","Time","year","month","date","hour","minute","seconds","id","Activity","MentalActivity","HeartRate","age","Gender","Handedness","mood","fresh","hunger","H_since_Sleep","H_since_Eat","responses","question_order","slider_start","response"
"null","<p>Welcome to this 1 min. survey on daily rhythms, body and mood.</p><p>You will be asked to report your heart-rate</p><p>and given some questions about yourself.</p><p>Take the test when prompted and/or at different times of the day/night.</p><p>Please make a personal ID (three letters+ two numbers, e.g. ept23).</p><p>Write it down and use this ID whenever taking the test.</p>","null","html-keyboard-response","0","10004","0.0-0.0","wt4a75","Tue Nov 15 2022 23:31:24 GMT+0100 (Centraleuropæisk normaltid)","2022","11","15","23","31","24","qwe12","Texting, Emailing, Social Networking","Inner voice","48","49","male","right","70","17","33","17","4","","","",""
"8156.999999999998","","","survey-text","1","18181","0.0-1.0","wt4a75","Tue Nov 15 2022 23:31:24 GMT+0100 (Centraleuropæisk normaltid)","2022","11","15","23","31","24","qwe12","Texting, Emailing, Social Networking","Inner voice","48","49","male","right","70","17","33","17","4","{""Q0"":""qwe12""}","","",""
"12201","","","survey-multi-choice","2","30385","0.0-2.0","wt4a75","Tue Nov 15 2022 23:31:24 GMT+0100 (Centraleuropæisk normaltid)","2022","11","15","23","31","24","qwe12","Texting, Emailing, Social Networking","Inner voice","48","49","male","right","70","17","33","17","4","{""Activity"":""Texting, Emailing, Social Networking""}","[0]","",""
"2709","","","survey-multi-choice","3","33097","0.0-3.0","wt4a75","Tue Nov 15 2022 23:31:24 GMT+0100 (Centraleuropæisk normaltid)","2022","11","15","23","31","24","qwe12","Texting, Emailing, Social Networking","Inner voice","48","49","male","right","70","17","33","17","4","{""MentalActivity"":""Inner voice""}","[0]","",""
"17605","","","survey-multi-choice","4","50708","0.0-4.0","wt4a75","Tue Nov 15 2022 23:31:24 GMT+0100 (Centraleuropæisk normaltid)","2022","11","15","23","31","24","qwe12","Texting, Emailing, Social Networking","Inner voice","48","49","male","right","70","17","33","17","4","{""HeartRate"":""48""}","[0]","",""
"9096","","","survey-text","5","59814","0.0-5.0","wt4a75","Tue Nov 15 2022 23:31:24 GMT+0100 (Centraleuropæisk normaltid)","2022","11","15","23","31","24","qwe12","Texting, Emailing, Social Networking","Inner voice","48","49","male","right","70","17","33","17","4","{""Q0"":""49""}","","",""
"3632.0000000000073","","","survey-multi-choice","6","63449","0.0-6.0","wt4a75","Tue Nov 15 2022 23:31:24 GMT+0100 (Centraleuropæisk normaltid)","2022","11","15","23","31","24","qwe12","Texting, Emailing, Social Networking","Inner voice","48","49","male","right","70","17","33","17","4","{""Gender"":""male"",""Hand"":""right""}","[0,1]","",""
"6111","<p>How Sad/Angry or Happy are you right now?</p>","","html-slider-response","7","69563","0.0-7.0","wt4a75","Tue Nov 15 2022 23:31:24 GMT+0100 (Centraleuropæisk normaltid)","2022","11","15","23","31","24","qwe12","Texting, Emailing, Social Networking","Inner voice","48","49","male","right","70","17","33","17","4","","","50","70"
"8650","<p>How Tired/Sleepy/Distracted or Fresh/Awake/Alert are you right now?</p>","","html-slider-response","8","78216","0.0-8.0","wt4a75","Tue Nov 15 2022 23:31:24 GMT+0100 (Centraleuropæisk normaltid)","2022","11","15","23","31","24","qwe12","Texting, Emailing, Social Networking","Inner voice","48","49","male","right","70","17","33","17","4","","","50","17"
"3899","<p>How Hungry or Satiated are you right now?</p>","","html-slider-response","9","82117","0.0-9.0","wt4a75","Tue Nov 15 2022 23:31:24 GMT+0100 (Centraleuropæisk normaltid)","2022","11","15","23","31","24","qwe12","Texting, Emailing, Social Networking","Inner voice","48","49","male","right","70","17","33","17","4","","","50","33"
"40639","","","survey-multi-choice","10","122763","0.0-10.0","wt4a75","Tue Nov 15 2022 23:31:24 GMT+0100 (Centraleuropæisk normaltid)","2022","11","15","23","31","24","qwe12","Texting, Emailing, Social Networking","Inner voice","48","49","male","right","70","17","33","17","4","{""Sleep"":""17"",""Eat"":""4""}","[0,1]","",""
