"rt","stimulus","key_press","trial_type","trial_index","time_elapsed","internal_node_id","exp_id","Time","year","month","date","hour","minute","seconds","id","Activity","MentalActivity","HeartRate","age","Gender","Handedness","mood","fresh","hunger","H_since_Sleep","H_since_Eat","responses","question_order","slider_start","response"
"null","<p>Welcome to this 1 min. survey on daily rhythms, body and mood.</p><p>You will be asked to report your heart-rate</p><p>and given some questions about yourself.</p><p>Take the test when prompted and/or at different times of the day/night.</p><p>Please make a personal ID (three letters+ two numbers, e.g. ept23).</p><p>Write it down and use this ID whenever taking the test.</p>","null","html-keyboard-response","0","10008","0.0-0.0","c3acu5","Sat Oct 29 2022 08:46:06 GMT+0200 (CEST)","2022","10","29","8","46","6","pid10","Cooking","Sensory awareness","69","23","female","right","34","34","39","0","12","","","",""
"17536","","","survey-text","1","27562","0.0-1.0","c3acu5","Sat Oct 29 2022 08:46:06 GMT+0200 (CEST)","2022","10","29","8","46","6","pid10","Cooking","Sensory awareness","69","23","female","right","34","34","39","0","12","{""Q0"":""pid10""}","","",""
"31633","","","survey-multi-choice","2","59199","0.0-2.0","c3acu5","Sat Oct 29 2022 08:46:06 GMT+0200 (CEST)","2022","10","29","8","46","6","pid10","Cooking","Sensory awareness","69","23","female","right","34","34","39","0","12","{""Activity"":""Cooking""}","[0]","",""
"6789","","","survey-multi-choice","3","65990","0.0-3.0","c3acu5","Sat Oct 29 2022 08:46:06 GMT+0200 (CEST)","2022","10","29","8","46","6","pid10","Cooking","Sensory awareness","69","23","female","right","34","34","39","0","12","{""MentalActivity"":""Sensory awareness""}","[0]","",""
"17126.000000000015","","","survey-multi-choice","4","83122","0.0-4.0","c3acu5","Sat Oct 29 2022 08:46:06 GMT+0200 (CEST)","2022","10","29","8","46","6","pid10","Cooking","Sensory awareness","69","23","female","right","34","34","39","0","12","{""HeartRate"":""69""}","[0]","",""
"6216","","","survey-text","5","89347","0.0-5.0","c3acu5","Sat Oct 29 2022 08:46:06 GMT+0200 (CEST)","2022","10","29","8","46","6","pid10","Cooking","Sensory awareness","69","23","female","right","34","34","39","0","12","{""Q0"":""23""}","","",""
"3185","","","survey-multi-choice","6","92534","0.0-6.0","c3acu5","Sat Oct 29 2022 08:46:06 GMT+0200 (CEST)","2022","10","29","8","46","6","pid10","Cooking","Sensory awareness","69","23","female","right","34","34","39","0","12","{""Gender"":""female"",""Hand"":""right""}","[0,1]","",""
"3745","<p>How Sad/Angry or Happy are you right now?</p>","","html-slider-response","7","96283","0.0-7.0","c3acu5","Sat Oct 29 2022 08:46:06 GMT+0200 (CEST)","2022","10","29","8","46","6","pid10","Cooking","Sensory awareness","69","23","female","right","34","34","39","0","12","","","50","34"
"6319","<p>How Tired/Sleepy/Distracted or Fresh/Awake/Alert are you right now?</p>","","html-slider-response","8","102605","0.0-8.0","c3acu5","Sat Oct 29 2022 08:46:06 GMT+0200 (CEST)","2022","10","29","8","46","6","pid10","Cooking","Sensory awareness","69","23","female","right","34","34","39","0","12","","","50","34"
"7823","<p>How Hungry or Satiated are you right now?</p>","","html-slider-response","9","110431","0.0-9.0","c3acu5","Sat Oct 29 2022 08:46:06 GMT+0200 (CEST)","2022","10","29","8","46","6","pid10","Cooking","Sensory awareness","69","23","female","right","34","34","39","0","12","","","50","39"
"30690","","","survey-multi-choice","10","141127","0.0-10.0","c3acu5","Sat Oct 29 2022 08:46:06 GMT+0200 (CEST)","2022","10","29","8","46","6","pid10","Cooking","Sensory awareness","69","23","female","right","34","34","39","0","12","{""Sleep"":""0"",""Eat"":""12""}","[0,1]","",""
