"rt","stimulus","key_press","trial_type","trial_index","time_elapsed","internal_node_id","exp_id","Time","year","month","date","hour","minute","seconds","id","Activity","MentalActivity","HeartRate","age","Gender","Handedness","mood","fresh","hunger","H_since_Sleep","H_since_Eat","responses","question_order","slider_start","response"
"null","<p>Welcome to this 1 min. survey on daily rhythms, body and mood.</p><p>You will be asked to report your heart-rate</p><p>and given some questions about yourself.</p><p>Take the test when prompted and/or at different times of the day/night.</p><p>Please make a personal ID (three letters+ two numbers, e.g. ept23).</p><p>Write it down and use this ID whenever taking the test.</p>","null","html-keyboard-response","0","10031","0.0-0.0","r1hnh8","Fri Sep 09 2022 08:38:17 GMT+0200 (Centraleuropæisk sommertid)","2022","9","9","8","38","17","rex13","Sleeping, Resting","Inner voice","66","24","male","right","50","30","50","0","13","","","",""
"11181","","","survey-text","1","21258","0.0-1.0","r1hnh8","Fri Sep 09 2022 08:38:17 GMT+0200 (Centraleuropæisk sommertid)","2022","9","9","8","38","17","rex13","Sleeping, Resting","Inner voice","66","24","male","right","50","30","50","0","13","{""Q0"":""rex13""}","","",""
"21636.19999999553","","","survey-multi-choice","2","42912","0.0-2.0","r1hnh8","Fri Sep 09 2022 08:38:17 GMT+0200 (Centraleuropæisk sommertid)","2022","9","9","8","38","17","rex13","Sleeping, Resting","Inner voice","66","24","male","right","50","30","50","0","13","{""Activity"":""Sleeping, Resting""}","[0]","",""
"12906.39999999851","","","survey-multi-choice","3","55829","0.0-3.0","r1hnh8","Fri Sep 09 2022 08:38:17 GMT+0200 (Centraleuropæisk sommertid)","2022","9","9","8","38","17","rex13","Sleeping, Resting","Inner voice","66","24","male","right","50","30","50","0","13","{""MentalActivity"":""Inner voice""}","[0]","",""
"37486.70000000298","","","survey-multi-choice","4","93336","0.0-4.0","r1hnh8","Fri Sep 09 2022 08:38:17 GMT+0200 (Centraleuropæisk sommertid)","2022","9","9","8","38","17","rex13","Sleeping, Resting","Inner voice","66","24","male","right","50","30","50","0","13","{""HeartRate"":""66""}","[0]","",""
"5091.89999999851","","","survey-text","5","98442","0.0-5.0","r1hnh8","Fri Sep 09 2022 08:38:17 GMT+0200 (Centraleuropæisk sommertid)","2022","9","9","8","38","17","rex13","Sleeping, Resting","Inner voice","66","24","male","right","50","30","50","0","13","{""Q0"":""24""}","","",""
"4291.5","","","survey-multi-choice","6","102743","0.0-6.0","r1hnh8","Fri Sep 09 2022 08:38:17 GMT+0200 (Centraleuropæisk sommertid)","2022","9","9","8","38","17","rex13","Sleeping, Resting","Inner voice","66","24","male","right","50","30","50","0","13","{""Gender"":""male"",""Hand"":""right""}","[0,1]","",""
"2404.5","<p>How Sad/Angry or Happy are you right now?</p>","","html-slider-response","7","105161","0.0-7.0","r1hnh8","Fri Sep 09 2022 08:38:17 GMT+0200 (Centraleuropæisk sommertid)","2022","9","9","8","38","17","rex13","Sleeping, Resting","Inner voice","66","24","male","right","50","30","50","0","13","","","50","50"
"3005.2000000029802","<p>How Tired/Sleepy/Distracted or Fresh/Awake/Alert are you right now?</p>","","html-slider-response","8","108175","0.0-8.0","r1hnh8","Fri Sep 09 2022 08:38:17 GMT+0200 (Centraleuropæisk sommertid)","2022","9","9","8","38","17","rex13","Sleeping, Resting","Inner voice","66","24","male","right","50","30","50","0","13","","","50","30"
"4341.29999999702","<p>How Hungry or Satiated are you right now?</p>","","html-slider-response","9","112524","0.0-9.0","r1hnh8","Fri Sep 09 2022 08:38:17 GMT+0200 (Centraleuropæisk sommertid)","2022","9","9","8","38","17","rex13","Sleeping, Resting","Inner voice","66","24","male","right","50","30","50","0","13","","","50","50"
"19292.39999999851","","","survey-multi-choice","10","131829","0.0-10.0","r1hnh8","Fri Sep 09 2022 08:38:17 GMT+0200 (Centraleuropæisk sommertid)","2022","9","9","8","38","17","rex13","Sleeping, Resting","Inner voice","66","24","male","right","50","30","50","0","13","{""Sleep"":""0"",""Eat"":""13""}","[0,1]","",""
