"rt","stimulus","key_press","trial_type","trial_index","time_elapsed","internal_node_id","exp_id","Time","year","month","date","hour","minute","seconds","id","Activity","MentalActivity","HeartRate","age","Gender","Handedness","mood","fresh","hunger","H_since_Sleep","H_since_Eat","responses","question_order","slider_start","response"
"null","<p>Welcome to this 1 min. survey on daily rhythms, body and mood.</p><p>You will be asked to report your heart-rate</p><p>and given some questions about yourself.</p><p>Take the test when prompted and/or at different times of the day/night.</p><p>Please make a personal ID (three letters+ two numbers, e.g. ept23).</p><p>Write it down and use this ID whenever taking the test.</p>","null","html-keyboard-response","0","10020","0.0-0.0","b7qmdd","Wed Sep 14 2022 11:28:08 GMT+0200 (Centraleuropæisk sommertid)","2022","9","14","11","28","8","rex13","Texting, Emailing, Social Networking","Inner voice","66","24","male","right","34","23","20","10","4","","","",""
"8751.5","","","survey-text","1","18810","0.0-1.0","b7qmdd","Wed Sep 14 2022 11:28:08 GMT+0200 (Centraleuropæisk sommertid)","2022","9","14","11","28","8","rex13","Texting, Emailing, Social Networking","Inner voice","66","24","male","right","34","23","20","10","4","{""Q0"":""rex13""}","","",""
"16197","","","survey-multi-choice","2","35023","0.0-2.0","b7qmdd","Wed Sep 14 2022 11:28:08 GMT+0200 (Centraleuropæisk sommertid)","2022","9","14","11","28","8","rex13","Texting, Emailing, Social Networking","Inner voice","66","24","male","right","34","23","20","10","4","{""Activity"":""Texting, Emailing, Social Networking""}","[0]","",""
"3491.5","","","survey-multi-choice","3","38523","0.0-3.0","b7qmdd","Wed Sep 14 2022 11:28:08 GMT+0200 (Centraleuropæisk sommertid)","2022","9","14","11","28","8","rex13","Texting, Emailing, Social Networking","Inner voice","66","24","male","right","34","23","20","10","4","{""MentalActivity"":""Inner voice""}","[0]","",""
"49753.79999999702","","","survey-multi-choice","4","88297","0.0-4.0","b7qmdd","Wed Sep 14 2022 11:28:08 GMT+0200 (Centraleuropæisk sommertid)","2022","9","14","11","28","8","rex13","Texting, Emailing, Social Networking","Inner voice","66","24","male","right","34","23","20","10","4","{""HeartRate"":""66""}","[0]","",""
"3655.7999999970198","","","survey-text","5","91968","0.0-5.0","b7qmdd","Wed Sep 14 2022 11:28:08 GMT+0200 (Centraleuropæisk sommertid)","2022","9","14","11","28","8","rex13","Texting, Emailing, Social Networking","Inner voice","66","24","male","right","34","23","20","10","4","{""Q0"":""24""}","","",""
"2152.6000000089407","","","survey-multi-choice","6","94135","0.0-6.0","b7qmdd","Wed Sep 14 2022 11:28:08 GMT+0200 (Centraleuropæisk sommertid)","2022","9","14","11","28","8","rex13","Texting, Emailing, Social Networking","Inner voice","66","24","male","right","34","23","20","10","4","{""Gender"":""male"",""Hand"":""right""}","[0,1]","",""
"3038.2000000029802","<p>How Sad/Angry or Happy are you right now?</p>","","html-slider-response","7","97184","0.0-7.0","b7qmdd","Wed Sep 14 2022 11:28:08 GMT+0200 (Centraleuropæisk sommertid)","2022","9","14","11","28","8","rex13","Texting, Emailing, Social Networking","Inner voice","66","24","male","right","34","23","20","10","4","","","50","34"
"2193.6000000089407","<p>How Tired/Sleepy/Distracted or Fresh/Awake/Alert are you right now?</p>","","html-slider-response","8","99384","0.0-8.0","b7qmdd","Wed Sep 14 2022 11:28:08 GMT+0200 (Centraleuropæisk sommertid)","2022","9","14","11","28","8","rex13","Texting, Emailing, Social Networking","Inner voice","66","24","male","right","34","23","20","10","4","","","50","23"
"2624.1000000089407","<p>How Hungry or Satiated are you right now?</p>","","html-slider-response","9","102015","0.0-9.0","b7qmdd","Wed Sep 14 2022 11:28:08 GMT+0200 (Centraleuropæisk sommertid)","2022","9","14","11","28","8","rex13","Texting, Emailing, Social Networking","Inner voice","66","24","male","right","34","23","20","10","4","","","50","20"
"28492.70000000298","","","survey-multi-choice","10","130519","0.0-10.0","b7qmdd","Wed Sep 14 2022 11:28:08 GMT+0200 (Centraleuropæisk sommertid)","2022","9","14","11","28","8","rex13","Texting, Emailing, Social Networking","Inner voice","66","24","male","right","34","23","20","10","4","{""Sleep"":""10"",""Eat"":""4""}","[0,1]","",""
