"rt","stimulus","key_press","trial_type","trial_index","time_elapsed","internal_node_id","exp_id","Time","year","month","date","hour","minute","seconds","id","Activity","MentalActivity","HeartRate","age","Gender","Handedness","mood","fresh","hunger","H_since_Sleep","H_since_Eat","responses","question_order","slider_start","response"
"null","<p>Welcome to this 1 min. survey on daily rhythms, body and mood.</p><p>You will be asked to report your heart-rate</p><p>and given some questions about yourself.</p><p>Take the test when prompted and/or at different times of the day/night.</p><p>Please make a personal ID (three letters+ two numbers, e.g. ept23).</p><p>Write it down and use this ID whenever taking the test.</p>","null","html-keyboard-response","0","10006","0.0-0.0","dm6rp0","Thu Sep 08 2022 21:15:59 GMT+0200 (CEST)","2022","9","8","21","15","59","qwe12","Working, Studying","Sensory awareness","71","49","male","right","79","57","61","14","3","","","",""
"7789.999999999998","","","survey-text","1","17812","0.0-1.0","dm6rp0","Thu Sep 08 2022 21:15:59 GMT+0200 (CEST)","2022","9","8","21","15","59","qwe12","Working, Studying","Sensory awareness","71","49","male","right","79","57","61","14","3","{""Q0"":""qwe12""}","","",""
"11941","","","survey-multi-choice","2","29757","0.0-2.0","dm6rp0","Thu Sep 08 2022 21:15:59 GMT+0200 (CEST)","2022","9","8","21","15","59","qwe12","Working, Studying","Sensory awareness","71","49","male","right","79","57","61","14","3","{""Activity"":""Working, Studying""}","[0]","",""
"10083","","","survey-multi-choice","3","39843","0.0-3.0","dm6rp0","Thu Sep 08 2022 21:15:59 GMT+0200 (CEST)","2022","9","8","21","15","59","qwe12","Working, Studying","Sensory awareness","71","49","male","right","79","57","61","14","3","{""MentalActivity"":""Sensory awareness""}","[0]","",""
"18639","","","survey-multi-choice","4","58488","0.0-4.0","dm6rp0","Thu Sep 08 2022 21:15:59 GMT+0200 (CEST)","2022","9","8","21","15","59","qwe12","Working, Studying","Sensory awareness","71","49","male","right","79","57","61","14","3","{""HeartRate"":""71""}","[0]","",""
"4614","","","survey-text","5","63110","0.0-5.0","dm6rp0","Thu Sep 08 2022 21:15:59 GMT+0200 (CEST)","2022","9","8","21","15","59","qwe12","Working, Studying","Sensory awareness","71","49","male","right","79","57","61","14","3","{""Q0"":""49""}","","",""
"5786","","","survey-multi-choice","6","68899","0.0-6.0","dm6rp0","Thu Sep 08 2022 21:15:59 GMT+0200 (CEST)","2022","9","8","21","15","59","qwe12","Working, Studying","Sensory awareness","71","49","male","right","79","57","61","14","3","{""Gender"":""male"",""Hand"":""right""}","[0,1]","",""
"4495","<p>How Sad/Angry or Happy are you right now?</p>","","html-slider-response","7","73397","0.0-7.0","dm6rp0","Thu Sep 08 2022 21:15:59 GMT+0200 (CEST)","2022","9","8","21","15","59","qwe12","Working, Studying","Sensory awareness","71","49","male","right","79","57","61","14","3","","","50","79"
"4220","<p>How Tired/Sleepy/Distracted or Fresh/Awake/Alert are you right now?</p>","","html-slider-response","8","77620","0.0-8.0","dm6rp0","Thu Sep 08 2022 21:15:59 GMT+0200 (CEST)","2022","9","8","21","15","59","qwe12","Working, Studying","Sensory awareness","71","49","male","right","79","57","61","14","3","","","50","57"
"5580","<p>How Hungry or Satiated are you right now?</p>","","html-slider-response","9","83202","0.0-9.0","dm6rp0","Thu Sep 08 2022 21:15:59 GMT+0200 (CEST)","2022","9","8","21","15","59","qwe12","Working, Studying","Sensory awareness","71","49","male","right","79","57","61","14","3","","","50","61"
"27761","","","survey-multi-choice","10","110968","0.0-10.0","dm6rp0","Thu Sep 08 2022 21:15:59 GMT+0200 (CEST)","2022","9","8","21","15","59","qwe12","Working, Studying","Sensory awareness","71","49","male","right","79","57","61","14","3","{""Sleep"":""14"",""Eat"":""3""}","[0,1]","",""
