"rt","stimulus","key_press","trial_type","trial_index","time_elapsed","internal_node_id","exp_id","Time","year","month","date","hour","minute","seconds","id","Activity","MentalActivity","HeartRate","age","Gender","Handedness","mood","fresh","hunger","H_since_Sleep","H_since_Eat","responses","question_order","slider_start","response"
"null","<p>Welcome to this 1 min. survey on daily rhythms, body and mood.</p><p>You will be asked to report your heart-rate</p><p>and given some questions about yourself.</p><p>Take the test when prompted and/or at different times of the day/night.</p><p>Please make a personal ID (three letters+ two numbers, e.g. ept23).</p><p>Write it down and use this ID whenever taking the test.</p>","null","html-keyboard-response","0","10020","0.0-0.0","sr8zdr","Mon Oct 17 2022 18:15:53 GMT+0200 (CEST)","2022","10","17","18","15","53","yfg54","Cooking","Unsymbolized thinking","84","23","female","right","72","68","84","11","0","","","",""
"12957.999999999998","","","survey-text","1","23027","0.0-1.0","sr8zdr","Mon Oct 17 2022 18:15:53 GMT+0200 (CEST)","2022","10","17","18","15","53","yfg54","Cooking","Unsymbolized thinking","84","23","female","right","72","68","84","11","0","{""Q0"":""yfg54""}","","",""
"3478","","","survey-multi-choice","2","26520","0.0-2.0","sr8zdr","Mon Oct 17 2022 18:15:53 GMT+0200 (CEST)","2022","10","17","18","15","53","yfg54","Cooking","Unsymbolized thinking","84","23","female","right","72","68","84","11","0","{""Activity"":""Cooking""}","[0]","",""
"8220.999999999996","","","survey-multi-choice","3","34744","0.0-3.0","sr8zdr","Mon Oct 17 2022 18:15:53 GMT+0200 (CEST)","2022","10","17","18","15","53","yfg54","Cooking","Unsymbolized thinking","84","23","female","right","72","68","84","11","0","{""MentalActivity"":""Unsymbolized thinking""}","[0]","",""
"44834","","","survey-multi-choice","4","79590","0.0-4.0","sr8zdr","Mon Oct 17 2022 18:15:53 GMT+0200 (CEST)","2022","10","17","18","15","53","yfg54","Cooking","Unsymbolized thinking","84","23","female","right","72","68","84","11","0","{""HeartRate"":""84""}","[0]","",""
"2695.0000000000146","","","survey-text","5","82299","0.0-5.0","sr8zdr","Mon Oct 17 2022 18:15:53 GMT+0200 (CEST)","2022","10","17","18","15","53","yfg54","Cooking","Unsymbolized thinking","84","23","female","right","72","68","84","11","0","{""Q0"":""23""}","","",""
"3099","","","survey-multi-choice","6","85403","0.0-6.0","sr8zdr","Mon Oct 17 2022 18:15:53 GMT+0200 (CEST)","2022","10","17","18","15","53","yfg54","Cooking","Unsymbolized thinking","84","23","female","right","72","68","84","11","0","{""Gender"":""female"",""Hand"":""right""}","[0,1]","",""
"4930","<p>How Sad/Angry or Happy are you right now?</p>","","html-slider-response","7","90348","0.0-7.0","sr8zdr","Mon Oct 17 2022 18:15:53 GMT+0200 (CEST)","2022","10","17","18","15","53","yfg54","Cooking","Unsymbolized thinking","84","23","female","right","72","68","84","11","0","","","50","72"
"9790","<p>How Tired/Sleepy/Distracted or Fresh/Awake/Alert are you right now?</p>","","html-slider-response","8","100142","0.0-8.0","sr8zdr","Mon Oct 17 2022 18:15:53 GMT+0200 (CEST)","2022","10","17","18","15","53","yfg54","Cooking","Unsymbolized thinking","84","23","female","right","72","68","84","11","0","","","50","68"
"3965","<p>How Hungry or Satiated are you right now?</p>","","html-slider-response","9","104111","0.0-9.0","sr8zdr","Mon Oct 17 2022 18:15:53 GMT+0200 (CEST)","2022","10","17","18","15","53","yfg54","Cooking","Unsymbolized thinking","84","23","female","right","72","68","84","11","0","","","50","84"
"25429.000000000015","","","survey-multi-choice","10","129548","0.0-10.0","sr8zdr","Mon Oct 17 2022 18:15:53 GMT+0200 (CEST)","2022","10","17","18","15","53","yfg54","Cooking","Unsymbolized thinking","84","23","female","right","72","68","84","11","0","{""Sleep"":""11"",""Eat"":""0""}","[0,1]","",""
