"rt","stimulus","key_press","trial_type","trial_index","time_elapsed","internal_node_id","exp_id","Time","year","month","date","hour","minute","seconds","id","Activity","MentalActivity","HeartRate","age","Gender","Handedness","mood","fresh","hunger","H_since_Sleep","H_since_Eat","responses","question_order","slider_start","response"
"null","<p>Welcome to this 1 min. survey on daily rhythms, body and mood.</p><p>You will be asked to report your heart-rate</p><p>and given some questions about yourself.</p><p>Take the test when prompted and/or at different times of the day/night.</p><p>Please make a personal ID (three letters+ two numbers, e.g. ept23).</p><p>Write it down and use this ID whenever taking the test.</p>","null","html-keyboard-response","0","10025","0.0-0.0","obpom8","Tue Sep 27 2022 20:06:09 GMT+0200 (Centraleuropæisk sommertid)","2022","9","27","20","6","9","rex13","Commuting","Unsymbolized thinking","81","24","male","right","60","39","100","12","3","","","",""
"7578.19999999553","","","survey-text","1","17647","0.0-1.0","obpom8","Tue Sep 27 2022 20:06:09 GMT+0200 (Centraleuropæisk sommertid)","2022","9","27","20","6","9","rex13","Commuting","Unsymbolized thinking","81","24","male","right","60","39","100","12","3","{""Q0"":""rex13""}","","",""
"10400.39999999851","","","survey-multi-choice","2","28063","0.0-2.0","obpom8","Tue Sep 27 2022 20:06:09 GMT+0200 (Centraleuropæisk sommertid)","2022","9","27","20","6","9","rex13","Commuting","Unsymbolized thinking","81","24","male","right","60","39","100","12","3","{""Activity"":""Commuting""}","[0]","",""
"3920.2999999970198","","","survey-multi-choice","3","31993","0.0-3.0","obpom8","Tue Sep 27 2022 20:06:09 GMT+0200 (Centraleuropæisk sommertid)","2022","9","27","20","6","9","rex13","Commuting","Unsymbolized thinking","81","24","male","right","60","39","100","12","3","{""MentalActivity"":""Unsymbolized thinking""}","[0]","",""
"48788.39999999851","","","survey-multi-choice","4","80804","0.0-4.0","obpom8","Tue Sep 27 2022 20:06:09 GMT+0200 (Centraleuropæisk sommertid)","2022","9","27","20","6","9","rex13","Commuting","Unsymbolized thinking","81","24","male","right","60","39","100","12","3","{""HeartRate"":""81""}","[0]","",""
"3420.60000000149","","","survey-text","5","84238","0.0-5.0","obpom8","Tue Sep 27 2022 20:06:09 GMT+0200 (Centraleuropæisk sommertid)","2022","9","27","20","6","9","rex13","Commuting","Unsymbolized thinking","81","24","male","right","60","39","100","12","3","{""Q0"":""24""}","","",""
"2428.5999999940395","","","survey-multi-choice","6","86677","0.0-6.0","obpom8","Tue Sep 27 2022 20:06:09 GMT+0200 (Centraleuropæisk sommertid)","2022","9","27","20","6","9","rex13","Commuting","Unsymbolized thinking","81","24","male","right","60","39","100","12","3","{""Gender"":""male"",""Hand"":""right""}","[0,1]","",""
"2632.39999999851","<p>How Sad/Angry or Happy are you right now?</p>","","html-slider-response","7","89321","0.0-7.0","obpom8","Tue Sep 27 2022 20:06:09 GMT+0200 (Centraleuropæisk sommertid)","2022","9","27","20","6","9","rex13","Commuting","Unsymbolized thinking","81","24","male","right","60","39","100","12","3","","","50","60"
"2678.89999999851","<p>How Tired/Sleepy/Distracted or Fresh/Awake/Alert are you right now?</p>","","html-slider-response","8","92006","0.0-8.0","obpom8","Tue Sep 27 2022 20:06:09 GMT+0200 (Centraleuropæisk sommertid)","2022","9","27","20","6","9","rex13","Commuting","Unsymbolized thinking","81","24","male","right","60","39","100","12","3","","","50","39"
"2355.39999999851","<p>How Hungry or Satiated are you right now?</p>","","html-slider-response","9","94371","0.0-9.0","obpom8","Tue Sep 27 2022 20:06:09 GMT+0200 (Centraleuropæisk sommertid)","2022","9","27","20","6","9","rex13","Commuting","Unsymbolized thinking","81","24","male","right","60","39","100","12","3","","","50","100"
"18362.20000000298","","","survey-multi-choice","10","112745","0.0-10.0","obpom8","Tue Sep 27 2022 20:06:09 GMT+0200 (Centraleuropæisk sommertid)","2022","9","27","20","6","9","rex13","Commuting","Unsymbolized thinking","81","24","male","right","60","39","100","12","3","{""Sleep"":""12"",""Eat"":""3""}","[0,1]","",""
