"rt","stimulus","key_press","trial_type","trial_index","time_elapsed","internal_node_id","exp_id","Time","year","month","date","hour","minute","seconds","id","Activity","MentalActivity","HeartRate","age","Gender","Handedness","mood","fresh","hunger","H_since_Sleep","H_since_Eat","responses","question_order","slider_start","response"
"null","<p>Welcome to this 1 min. survey on daily rhythms, body and mood.</p><p>You will be asked to report your heart-rate</p><p>and given some questions about yourself.</p><p>Take the test when prompted and/or at different times of the day/night.</p><p>Please make a personal ID (three letters+ two numbers, e.g. ept23).</p><p>Write it down and use this ID whenever taking the test.</p>","null","html-keyboard-response","0","10012","0.0-0.0","ekhwc8","Sun Oct 23 2022 10:29:37 GMT+0200 (CEST)","2022","10","23","10","29","37","yfg54","Commuting","Inner voice","72","23","female","right","63","21","26","6","2","","","",""
"10705","","","survey-text","1","20782","0.0-1.0","ekhwc8","Sun Oct 23 2022 10:29:37 GMT+0200 (CEST)","2022","10","23","10","29","37","yfg54","Commuting","Inner voice","72","23","female","right","63","21","26","6","2","{""Q0"":""yfg54""}","","",""
"11670","","","survey-multi-choice","2","32460","0.0-2.0","ekhwc8","Sun Oct 23 2022 10:29:37 GMT+0200 (CEST)","2022","10","23","10","29","37","yfg54","Commuting","Inner voice","72","23","female","right","63","21","26","6","2","{""Activity"":""Commuting""}","[0]","",""
"3062","","","survey-multi-choice","3","35526","0.0-3.0","ekhwc8","Sun Oct 23 2022 10:29:37 GMT+0200 (CEST)","2022","10","23","10","29","37","yfg54","Commuting","Inner voice","72","23","female","right","63","21","26","6","2","{""MentalActivity"":""Inner voice""}","[0]","",""
"41515","","","survey-multi-choice","4","77054","0.0-4.0","ekhwc8","Sun Oct 23 2022 10:29:37 GMT+0200 (CEST)","2022","10","23","10","29","37","yfg54","Commuting","Inner voice","72","23","female","right","63","21","26","6","2","{""HeartRate"":""72""}","[0]","",""
"3120","","","survey-text","5","80188","0.0-5.0","ekhwc8","Sun Oct 23 2022 10:29:37 GMT+0200 (CEST)","2022","10","23","10","29","37","yfg54","Commuting","Inner voice","72","23","female","right","63","21","26","6","2","{""Q0"":""23""}","","",""
"5813","","","survey-multi-choice","6","86005","0.0-6.0","ekhwc8","Sun Oct 23 2022 10:29:37 GMT+0200 (CEST)","2022","10","23","10","29","37","yfg54","Commuting","Inner voice","72","23","female","right","63","21","26","6","2","{""Gender"":""female"",""Hand"":""right""}","[0,1]","",""
"5851","<p>How Sad/Angry or Happy are you right now?</p>","","html-slider-response","7","91869","0.0-7.0","ekhwc8","Sun Oct 23 2022 10:29:37 GMT+0200 (CEST)","2022","10","23","10","29","37","yfg54","Commuting","Inner voice","72","23","female","right","63","21","26","6","2","","","50","63"
"45680","<p>How Tired/Sleepy/Distracted or Fresh/Awake/Alert are you right now?</p>","","html-slider-response","8","137554","0.0-8.0","ekhwc8","Sun Oct 23 2022 10:29:37 GMT+0200 (CEST)","2022","10","23","10","29","37","yfg54","Commuting","Inner voice","72","23","female","right","63","21","26","6","2","","","50","21"
"14168","<p>How Hungry or Satiated are you right now?</p>","","html-slider-response","9","151733","0.0-9.0","ekhwc8","Sun Oct 23 2022 10:29:37 GMT+0200 (CEST)","2022","10","23","10","29","37","yfg54","Commuting","Inner voice","72","23","female","right","63","21","26","6","2","","","50","26"
"10971.00000000003","","","survey-multi-choice","10","162713","0.0-10.0","ekhwc8","Sun Oct 23 2022 10:29:37 GMT+0200 (CEST)","2022","10","23","10","29","37","yfg54","Commuting","Inner voice","72","23","female","right","63","21","26","6","2","{""Sleep"":""6"",""Eat"":""2""}","[0,1]","",""
