"rt","stimulus","key_press","trial_type","trial_index","time_elapsed","internal_node_id","exp_id","Time","year","month","date","hour","minute","seconds","id","HeartRate","age","Gender","Handedness","mood","fresh","hunger","H_since_Sleep","H_since_Eat","Activity","MentalActivity","responses","question_order","slider_start","response"
"null","<p>Welcome to this 1 min. survey on daily rhythms, body and mood.</p><p>You will be asked to report your heart-rate</p><p>and given some questions about yourself.</p><p>Take the test when prompted and/or at different times of the day/night.</p><p>Please make a personal ID (three letters+ two numbers, e.g. ept23).</p><p>Write it down and use this ID whenever taking the test.</p>","null","html-keyboard-response","0","10508","0.0-0.0","zhj3jb","Thu Sep 08 2022 16:29:18 GMT+0200 (Central European Summer Time)","2022","9","8","16","29","18","Mis27","105","21","female","left","70","15","73","6","1","Working, Studying","Sensory awareness","","","",""
"399648.7999999523","","","survey-text","1","410199","0.0-1.0","zhj3jb","Thu Sep 08 2022 16:29:18 GMT+0200 (Central European Summer Time)","2022","9","8","16","29","18","Mis27","105","21","female","left","70","15","73","6","1","Working, Studying","Sensory awareness","{""Q0"":""Mis27""}","","",""
"27049.10000014305","","","survey-multi-choice","2","437259","0.0-2.0","zhj3jb","Thu Sep 08 2022 16:29:18 GMT+0200 (Central European Summer Time)","2022","9","8","16","29","18","Mis27","105","21","female","left","70","15","73","6","1","Working, Studying","Sensory awareness","{""HeartRate"":""105""}","[0]","",""
"5008.600000143051","","","survey-text","3","442280","0.0-3.0","zhj3jb","Thu Sep 08 2022 16:29:18 GMT+0200 (Central European Summer Time)","2022","9","8","16","29","18","Mis27","105","21","female","left","70","15","73","6","1","Working, Studying","Sensory awareness","{""Q0"":""21""}","","",""
"5766.900000095367","","","survey-multi-choice","4","448049","0.0-4.0","zhj3jb","Thu Sep 08 2022 16:29:18 GMT+0200 (Central European Summer Time)","2022","9","8","16","29","18","Mis27","105","21","female","left","70","15","73","6","1","Working, Studying","Sensory awareness","{""Gender"":""female"",""Hand"":""left""}","[0,1]","",""
"18594.10000014305","<p>How Sad/Angry or Happy are you right now?</p>","","html-slider-response","5","466651","0.0-5.0","zhj3jb","Thu Sep 08 2022 16:29:18 GMT+0200 (Central European Summer Time)","2022","9","8","16","29","18","Mis27","105","21","female","left","70","15","73","6","1","Working, Studying","Sensory awareness","","","50","70"
"10147.299999952316","<p>How Tired/Sleepy/Distracted or Fresh/Awake/Alert are you right now?</p>","","html-slider-response","6","476802","0.0-6.0","zhj3jb","Thu Sep 08 2022 16:29:18 GMT+0200 (Central European Summer Time)","2022","9","8","16","29","18","Mis27","105","21","female","left","70","15","73","6","1","Working, Studying","Sensory awareness","","","50","15"
"9997.699999809265","<p>How Hungry or Satiated are you right now?</p>","","html-slider-response","7","486801","0.0-7.0","zhj3jb","Thu Sep 08 2022 16:29:18 GMT+0200 (Central European Summer Time)","2022","9","8","16","29","18","Mis27","105","21","female","left","70","15","73","6","1","Working, Studying","Sensory awareness","","","50","73"
"34754.60000014305","","","survey-multi-choice","8","521561","0.0-8.0","zhj3jb","Thu Sep 08 2022 16:29:18 GMT+0200 (Central European Summer Time)","2022","9","8","16","29","18","Mis27","105","21","female","left","70","15","73","6","1","Working, Studying","Sensory awareness","{""Sleep"":""6"",""Eat"":""1""}","[0,1]","",""
"33367.59999990463","","","survey-multi-choice","9","554936","0.0-9.0","zhj3jb","Thu Sep 08 2022 16:29:18 GMT+0200 (Central European Summer Time)","2022","9","8","16","29","18","Mis27","105","21","female","left","70","15","73","6","1","Working, Studying","Sensory awareness","{""Activity"":""Working, Studying""}","[0]","",""
"10686.599999904633","","","survey-multi-choice","10","565635","0.0-10.0","zhj3jb","Thu Sep 08 2022 16:29:18 GMT+0200 (Central European Summer Time)","2022","9","8","16","29","18","Mis27","105","21","female","left","70","15","73","6","1","Working, Studying","Sensory awareness","{""MentalActivity"":""Sensory awareness""}","[0]","",""
