"rt","stimulus","key_press","trial_type","trial_index","time_elapsed","internal_node_id","exp_id","Time","year","month","date","hour","minute","seconds","id","Activity","MentalActivity","HeartRate","age","Gender","Handedness","mood","fresh","hunger","H_since_Sleep","H_since_Eat","responses","question_order","slider_start","response"
"null","<p>Welcome to this 1 min. survey on daily rhythms, body and mood.</p><p>You will be asked to report your heart-rate</p><p>and given some questions about yourself.</p><p>Take the test when prompted and/or at different times of the day/night.</p><p>Please make a personal ID (three letters+ two numbers, e.g. ept23).</p><p>Write it down and use this ID whenever taking the test.</p>","null","html-keyboard-response","0","10011","0.0-0.0","xmp98o","Mon Oct 24 2022 15:07:03 GMT+0200 (Centraleuropæisk sommertid)","2022","10","24","15","7","3","hej12","Doing sport","Inner seeing","102","25","female","right","72","72","85","7","1","","","",""
"11735","","","survey-text","1","21777","0.0-1.0","xmp98o","Mon Oct 24 2022 15:07:03 GMT+0200 (Centraleuropæisk sommertid)","2022","10","24","15","7","3","hej12","Doing sport","Inner seeing","102","25","female","right","72","72","85","7","1","{""Q0"":""hej12""}","","",""
"10458","","","survey-multi-choice","2","32242","0.0-2.0","xmp98o","Mon Oct 24 2022 15:07:03 GMT+0200 (Centraleuropæisk sommertid)","2022","10","24","15","7","3","hej12","Doing sport","Inner seeing","102","25","female","right","72","72","85","7","1","{""Activity"":""Doing sport""}","[0]","",""
"6216","","","survey-multi-choice","3","38461","0.0-3.0","xmp98o","Mon Oct 24 2022 15:07:03 GMT+0200 (Centraleuropæisk sommertid)","2022","10","24","15","7","3","hej12","Doing sport","Inner seeing","102","25","female","right","72","72","85","7","1","{""MentalActivity"":""Inner seeing""}","[0]","",""
"48142","","","survey-multi-choice","4","86611","0.0-4.0","xmp98o","Mon Oct 24 2022 15:07:03 GMT+0200 (Centraleuropæisk sommertid)","2022","10","24","15","7","3","hej12","Doing sport","Inner seeing","102","25","female","right","72","72","85","7","1","{""HeartRate"":""102""}","[0]","",""
"2895","","","survey-text","5","89518","0.0-5.0","xmp98o","Mon Oct 24 2022 15:07:03 GMT+0200 (Centraleuropæisk sommertid)","2022","10","24","15","7","3","hej12","Doing sport","Inner seeing","102","25","female","right","72","72","85","7","1","{""Q0"":""25""}","","",""
"4607.000000000015","","","survey-multi-choice","6","94129","0.0-6.0","xmp98o","Mon Oct 24 2022 15:07:03 GMT+0200 (Centraleuropæisk sommertid)","2022","10","24","15","7","3","hej12","Doing sport","Inner seeing","102","25","female","right","72","72","85","7","1","{""Gender"":""female"",""Hand"":""right""}","[0,1]","",""
"2776","<p>How Sad/Angry or Happy are you right now?</p>","","html-slider-response","7","96910","0.0-7.0","xmp98o","Mon Oct 24 2022 15:07:03 GMT+0200 (Centraleuropæisk sommertid)","2022","10","24","15","7","3","hej12","Doing sport","Inner seeing","102","25","female","right","72","72","85","7","1","","","50","72"
"2938","<p>How Tired/Sleepy/Distracted or Fresh/Awake/Alert are you right now?</p>","","html-slider-response","8","99851","0.0-8.0","xmp98o","Mon Oct 24 2022 15:07:03 GMT+0200 (Centraleuropæisk sommertid)","2022","10","24","15","7","3","hej12","Doing sport","Inner seeing","102","25","female","right","72","72","85","7","1","","","50","72"
"3424","<p>How Hungry or Satiated are you right now?</p>","","html-slider-response","9","103277","0.0-9.0","xmp98o","Mon Oct 24 2022 15:07:03 GMT+0200 (Centraleuropæisk sommertid)","2022","10","24","15","7","3","hej12","Doing sport","Inner seeing","102","25","female","right","72","72","85","7","1","","","50","85"
"17290","","","survey-multi-choice","10","120574","0.0-10.0","xmp98o","Mon Oct 24 2022 15:07:03 GMT+0200 (Centraleuropæisk sommertid)","2022","10","24","15","7","3","hej12","Doing sport","Inner seeing","102","25","female","right","72","72","85","7","1","{""Sleep"":""7"",""Eat"":""1""}","[0,1]","",""
