"rt","stimulus","key_press","trial_type","trial_index","time_elapsed","internal_node_id","exp_id","Time","year","month","date","hour","minute","seconds","id","Activity","MentalActivity","HeartRate","age","Gender","Handedness","mood","fresh","hunger","H_since_Sleep","H_since_Eat","responses","question_order","slider_start","response"
"null","<p>Welcome to this 1 min. survey on daily rhythms, body and mood.</p><p>You will be asked to report your heart-rate</p><p>and given some questions about yourself.</p><p>Take the test when prompted and/or at different times of the day/night.</p><p>Please make a personal ID (three letters+ two numbers, e.g. ept23).</p><p>Write it down and use this ID whenever taking the test.</p>","null","html-keyboard-response","0","10013","0.0-0.0","wr81yb","Fri Oct 14 2022 23:01:36 GMT+0200 (Centraleuropæisk sommertid)","2022","10","14","23","1","36","kau00","Showering, Getting Ready","Inner voice","90","23","female","right","75","44","89","15","1","","","",""
"11089","","","survey-text","1","21136","0.0-1.0","wr81yb","Fri Oct 14 2022 23:01:36 GMT+0200 (Centraleuropæisk sommertid)","2022","10","14","23","1","36","kau00","Showering, Getting Ready","Inner voice","90","23","female","right","75","44","89","15","1","{""Q0"":""kau00""}","","",""
"13517","","","survey-multi-choice","2","34659","0.0-2.0","wr81yb","Fri Oct 14 2022 23:01:36 GMT+0200 (Centraleuropæisk sommertid)","2022","10","14","23","1","36","kau00","Showering, Getting Ready","Inner voice","90","23","female","right","75","44","89","15","1","{""Activity"":""Showering, Getting Ready""}","[0]","",""
"3472","","","survey-multi-choice","3","38133","0.0-3.0","wr81yb","Fri Oct 14 2022 23:01:36 GMT+0200 (Centraleuropæisk sommertid)","2022","10","14","23","1","36","kau00","Showering, Getting Ready","Inner voice","90","23","female","right","75","44","89","15","1","{""MentalActivity"":""Inner voice""}","[0]","",""
"40025","","","survey-multi-choice","4","78168","0.0-4.0","wr81yb","Fri Oct 14 2022 23:01:36 GMT+0200 (Centraleuropæisk sommertid)","2022","10","14","23","1","36","kau00","Showering, Getting Ready","Inner voice","90","23","female","right","75","44","89","15","1","{""HeartRate"":""90""}","[0]","",""
"2554","","","survey-text","5","80734","0.0-5.0","wr81yb","Fri Oct 14 2022 23:01:36 GMT+0200 (Centraleuropæisk sommertid)","2022","10","14","23","1","36","kau00","Showering, Getting Ready","Inner voice","90","23","female","right","75","44","89","15","1","{""Q0"":""23""}","","",""
"3168","","","survey-multi-choice","6","83904","0.0-6.0","wr81yb","Fri Oct 14 2022 23:01:36 GMT+0200 (Centraleuropæisk sommertid)","2022","10","14","23","1","36","kau00","Showering, Getting Ready","Inner voice","90","23","female","right","75","44","89","15","1","{""Gender"":""female"",""Hand"":""right""}","[0,1]","",""
"2905.0000000000146","<p>How Sad/Angry or Happy are you right now?</p>","","html-slider-response","7","86816","0.0-7.0","wr81yb","Fri Oct 14 2022 23:01:36 GMT+0200 (Centraleuropæisk sommertid)","2022","10","14","23","1","36","kau00","Showering, Getting Ready","Inner voice","90","23","female","right","75","44","89","15","1","","","50","75"
"3494.9999999999854","<p>How Tired/Sleepy/Distracted or Fresh/Awake/Alert are you right now?</p>","","html-slider-response","8","90314","0.0-8.0","wr81yb","Fri Oct 14 2022 23:01:36 GMT+0200 (Centraleuropæisk sommertid)","2022","10","14","23","1","36","kau00","Showering, Getting Ready","Inner voice","90","23","female","right","75","44","89","15","1","","","50","44"
"2997","<p>How Hungry or Satiated are you right now?</p>","","html-slider-response","9","93313","0.0-9.0","wr81yb","Fri Oct 14 2022 23:01:36 GMT+0200 (Centraleuropæisk sommertid)","2022","10","14","23","1","36","kau00","Showering, Getting Ready","Inner voice","90","23","female","right","75","44","89","15","1","","","50","89"
"21792.999999999985","","","survey-multi-choice","10","115112","0.0-10.0","wr81yb","Fri Oct 14 2022 23:01:36 GMT+0200 (Centraleuropæisk sommertid)","2022","10","14","23","1","36","kau00","Showering, Getting Ready","Inner voice","90","23","female","right","75","44","89","15","1","{""Sleep"":""15"",""Eat"":""1""}","[0,1]","",""
