"rt","stimulus","key_press","trial_type","trial_index","time_elapsed","internal_node_id","exp_id","Time","year","month","date","hour","minute","seconds","id","Activity","MentalActivity","HeartRate","age","Gender","Handedness","mood","fresh","hunger","H_since_Sleep","H_since_Eat","responses","question_order","slider_start","response"
"null","<p>Welcome to this 1 min. survey on daily rhythms, body and mood.</p><p>You will be asked to report your heart-rate</p><p>and given some questions about yourself.</p><p>Take the test when prompted and/or at different times of the day/night.</p><p>Please make a personal ID (three letters+ two numbers, e.g. ept23).</p><p>Write it down and use this ID whenever taking the test.</p>","null","html-keyboard-response","0","10016","0.0-0.0","gta1ac","Fri Sep 09 2022 12:20:37 GMT+0200 (Central European Summer Time)","2022","9","9","12","20","37","eeg339","Showering, Getting Ready","Inner voice","78","21","male","right","52","40","39","3","1","","","",""
"15191.79999999702","","","survey-text","1","25250","0.0-1.0","gta1ac","Fri Sep 09 2022 12:20:37 GMT+0200 (Central European Summer Time)","2022","9","9","12","20","37","eeg339","Showering, Getting Ready","Inner voice","78","21","male","right","52","40","39","3","1","{""Q0"":""eeg339""}","","",""
"29091.5","","","survey-multi-choice","2","54351","0.0-2.0","gta1ac","Fri Sep 09 2022 12:20:37 GMT+0200 (Central European Summer Time)","2022","9","9","12","20","37","eeg339","Showering, Getting Ready","Inner voice","78","21","male","right","52","40","39","3","1","{""Activity"":""Showering, Getting Ready""}","[0]","",""
"8604.10000000149","","","survey-multi-choice","3","62964","0.0-3.0","gta1ac","Fri Sep 09 2022 12:20:37 GMT+0200 (Central European Summer Time)","2022","9","9","12","20","37","eeg339","Showering, Getting Ready","Inner voice","78","21","male","right","52","40","39","3","1","{""MentalActivity"":""Inner voice""}","[0]","",""
"59090.20000000298","","","survey-multi-choice","4","122082","0.0-4.0","gta1ac","Fri Sep 09 2022 12:20:37 GMT+0200 (Central European Summer Time)","2022","9","9","12","20","37","eeg339","Showering, Getting Ready","Inner voice","78","21","male","right","52","40","39","3","1","{""HeartRate"":""78""}","[0]","",""
"3261.2000000029802","","","survey-text","5","125358","0.0-5.0","gta1ac","Fri Sep 09 2022 12:20:37 GMT+0200 (Central European Summer Time)","2022","9","9","12","20","37","eeg339","Showering, Getting Ready","Inner voice","78","21","male","right","52","40","39","3","1","{""Q0"":""21""}","","",""
"3527.7000000029802","","","survey-multi-choice","6","128895","0.0-6.0","gta1ac","Fri Sep 09 2022 12:20:37 GMT+0200 (Central European Summer Time)","2022","9","9","12","20","37","eeg339","Showering, Getting Ready","Inner voice","78","21","male","right","52","40","39","3","1","{""Gender"":""male"",""Hand"":""right""}","[0,1]","",""
"6713.10000000149","<p>How Sad/Angry or Happy are you right now?</p>","","html-slider-response","7","135619","0.0-7.0","gta1ac","Fri Sep 09 2022 12:20:37 GMT+0200 (Central European Summer Time)","2022","9","9","12","20","37","eeg339","Showering, Getting Ready","Inner voice","78","21","male","right","52","40","39","3","1","","","50","52"
"5017.10000000149","<p>How Tired/Sleepy/Distracted or Fresh/Awake/Alert are you right now?</p>","","html-slider-response","8","140644","0.0-8.0","gta1ac","Fri Sep 09 2022 12:20:37 GMT+0200 (Central European Summer Time)","2022","9","9","12","20","37","eeg339","Showering, Getting Ready","Inner voice","78","21","male","right","52","40","39","3","1","","","50","40"
"5246.39999999851","<p>How Hungry or Satiated are you right now?</p>","","html-slider-response","9","145897","0.0-9.0","gta1ac","Fri Sep 09 2022 12:20:37 GMT+0200 (Central European Summer Time)","2022","9","9","12","20","37","eeg339","Showering, Getting Ready","Inner voice","78","21","male","right","52","40","39","3","1","","","50","39"
"12487.90000000596","","","survey-multi-choice","10","158399","0.0-10.0","gta1ac","Fri Sep 09 2022 12:20:37 GMT+0200 (Central European Summer Time)","2022","9","9","12","20","37","eeg339","Showering, Getting Ready","Inner voice","78","21","male","right","52","40","39","3","1","{""Sleep"":""3"",""Eat"":""1""}","[0,1]","",""
