"rt","stimulus","key_press","trial_type","trial_index","time_elapsed","internal_node_id","exp_id","Time","year","month","date","hour","minute","seconds","id","Activity","MentalActivity","HeartRate","age","Gender","Handedness","mood","fresh","hunger","H_since_Sleep","H_since_Eat","responses","question_order","slider_start","response"
"null","<p>Welcome to this 1 min. survey on daily rhythms, body and mood.</p><p>You will be asked to report your heart-rate</p><p>and given some questions about yourself.</p><p>Take the test when prompted and/or at different times of the day/night.</p><p>Please make a personal ID (three letters+ two numbers, e.g. ept23).</p><p>Write it down and use this ID whenever taking the test.</p>","null","html-keyboard-response","0","10014","0.0-0.0","oy40tb","Tue Nov 15 2022 23:32:44 GMT+0100 (CET)","2022","11","15","23","32","44","Woo55","Texting, Emailing, Social Networking","Unsymbolized thinking","81","23","female","right","63","6","100","15","0","","","",""
"7216","","","survey-text","1","17273","0.0-1.0","oy40tb","Tue Nov 15 2022 23:32:44 GMT+0100 (CET)","2022","11","15","23","32","44","Woo55","Texting, Emailing, Social Networking","Unsymbolized thinking","81","23","female","right","63","6","100","15","0","{""Q0"":""Woo55""}","","",""
"13947","","","survey-multi-choice","2","31224","0.0-2.0","oy40tb","Tue Nov 15 2022 23:32:44 GMT+0100 (CET)","2022","11","15","23","32","44","Woo55","Texting, Emailing, Social Networking","Unsymbolized thinking","81","23","female","right","63","6","100","15","0","{""Activity"":""Texting, Emailing, Social Networking""}","[0]","",""
"5235","","","survey-multi-choice","3","36464","0.0-3.0","oy40tb","Tue Nov 15 2022 23:32:44 GMT+0100 (CET)","2022","11","15","23","32","44","Woo55","Texting, Emailing, Social Networking","Unsymbolized thinking","81","23","female","right","63","6","100","15","0","{""MentalActivity"":""Unsymbolized thinking""}","[0]","",""
"8288","","","survey-multi-choice","4","44763","0.0-4.0","oy40tb","Tue Nov 15 2022 23:32:44 GMT+0100 (CET)","2022","11","15","23","32","44","Woo55","Texting, Emailing, Social Networking","Unsymbolized thinking","81","23","female","right","63","6","100","15","0","{""HeartRate"":""81""}","[0]","",""
"4093","","","survey-text","5","48864","0.0-5.0","oy40tb","Tue Nov 15 2022 23:32:44 GMT+0100 (CET)","2022","11","15","23","32","44","Woo55","Texting, Emailing, Social Networking","Unsymbolized thinking","81","23","female","right","63","6","100","15","0","{""Q0"":""23""}","","",""
"4999","","","survey-multi-choice","6","53866","0.0-6.0","oy40tb","Tue Nov 15 2022 23:32:44 GMT+0100 (CET)","2022","11","15","23","32","44","Woo55","Texting, Emailing, Social Networking","Unsymbolized thinking","81","23","female","right","63","6","100","15","0","{""Gender"":""female"",""Hand"":""right""}","[0,1]","",""
"5237","<p>How Sad/Angry or Happy are you right now?</p>","","html-slider-response","7","59110","0.0-7.0","oy40tb","Tue Nov 15 2022 23:32:44 GMT+0100 (CET)","2022","11","15","23","32","44","Woo55","Texting, Emailing, Social Networking","Unsymbolized thinking","81","23","female","right","63","6","100","15","0","","","50","63"
"5388.999999999993","<p>How Tired/Sleepy/Distracted or Fresh/Awake/Alert are you right now?</p>","","html-slider-response","8","64504","0.0-8.0","oy40tb","Tue Nov 15 2022 23:32:44 GMT+0100 (CET)","2022","11","15","23","32","44","Woo55","Texting, Emailing, Social Networking","Unsymbolized thinking","81","23","female","right","63","6","100","15","0","","","50","6"
"3532","<p>How Hungry or Satiated are you right now?</p>","","html-slider-response","9","68040","0.0-9.0","oy40tb","Tue Nov 15 2022 23:32:44 GMT+0100 (CET)","2022","11","15","23","32","44","Woo55","Texting, Emailing, Social Networking","Unsymbolized thinking","81","23","female","right","63","6","100","15","0","","","50","100"
"19017","","","survey-multi-choice","10","87064","0.0-10.0","oy40tb","Tue Nov 15 2022 23:32:44 GMT+0100 (CET)","2022","11","15","23","32","44","Woo55","Texting, Emailing, Social Networking","Unsymbolized thinking","81","23","female","right","63","6","100","15","0","{""Sleep"":""15"",""Eat"":""0""}","[0,1]","",""
