"rt","stimulus","key_press","trial_type","trial_index","time_elapsed","internal_node_id","exp_id","Time","year","month","date","hour","minute","seconds","id","HeartRate","age","Gender","Handedness","mood","fresh","hunger","H_since_Sleep","H_since_Eat","Activity","MentalActivity","responses","question_order","slider_start","response"
"null","<p>Welcome to this 1 min. survey on daily rhythms, body and mood.</p><p>You will be asked to report your heart-rate</p><p>and given some questions about yourself.</p><p>Take the test when prompted and/or at different times of the day/night.</p><p>Please make a personal ID (three letters+ two numbers, e.g. ept23).</p><p>Write it down and use this ID whenever taking the test.</p>","null","html-keyboard-response","0","10024","0.0-0.0","vua8pu","Thu Sep 08 2022 18:25:15 GMT+0200 (Centraleuropæisk sommertid)","2022","9","8","18","25","15","Cic22","111","22","female","right","77","91","26","10","2","Doing sport","Sensory awareness","","","",""
"8385.5","","","survey-text","1","18448","0.0-1.0","vua8pu","Thu Sep 08 2022 18:25:15 GMT+0200 (Centraleuropæisk sommertid)","2022","9","8","18","25","15","Cic22","111","22","female","right","77","91","26","10","2","Doing sport","Sensory awareness","{""Q0"":""Cic22""}","","",""
"3570.6999999955297","","","survey-multi-choice","2","22047","0.0-2.0","vua8pu","Thu Sep 08 2022 18:25:15 GMT+0200 (Centraleuropæisk sommertid)","2022","9","8","18","25","15","Cic22","111","22","female","right","77","91","26","10","2","Doing sport","Sensory awareness","{""HeartRate"":""111""}","[0]","",""
"3691.7999999970198","","","survey-text","3","25754","0.0-3.0","vua8pu","Thu Sep 08 2022 18:25:15 GMT+0200 (Centraleuropæisk sommertid)","2022","9","8","18","25","15","Cic22","111","22","female","right","77","91","26","10","2","Doing sport","Sensory awareness","{""Q0"":""22""}","","",""
"4134.70000000298","","","survey-multi-choice","4","29899","0.0-4.0","vua8pu","Thu Sep 08 2022 18:25:15 GMT+0200 (Centraleuropæisk sommertid)","2022","9","8","18","25","15","Cic22","111","22","female","right","77","91","26","10","2","Doing sport","Sensory awareness","{""Gender"":""female"",""Hand"":""right""}","[0,1]","",""
"18965.30000000447","<p>How Sad/Angry or Happy are you right now?</p>","","html-slider-response","5","48876","0.0-5.0","vua8pu","Thu Sep 08 2022 18:25:15 GMT+0200 (Centraleuropæisk sommertid)","2022","9","8","18","25","15","Cic22","111","22","female","right","77","91","26","10","2","Doing sport","Sensory awareness","","","50","77"
"8823","<p>How Tired/Sleepy/Distracted or Fresh/Awake/Alert are you right now?</p>","","html-slider-response","6","57707","0.0-6.0","vua8pu","Thu Sep 08 2022 18:25:15 GMT+0200 (Centraleuropæisk sommertid)","2022","9","8","18","25","15","Cic22","111","22","female","right","77","91","26","10","2","Doing sport","Sensory awareness","","","50","91"
"5467.69999999553","<p>How Hungry or Satiated are you right now?</p>","","html-slider-response","7","63181","0.0-7.0","vua8pu","Thu Sep 08 2022 18:25:15 GMT+0200 (Centraleuropæisk sommertid)","2022","9","8","18","25","15","Cic22","111","22","female","right","77","91","26","10","2","Doing sport","Sensory awareness","","","50","26"
"20968.69999999553","","","survey-multi-choice","8","84169","0.0-8.0","vua8pu","Thu Sep 08 2022 18:25:15 GMT+0200 (Centraleuropæisk sommertid)","2022","9","8","18","25","15","Cic22","111","22","female","right","77","91","26","10","2","Doing sport","Sensory awareness","{""Sleep"":""10"",""Eat"":""2""}","[0,1]","",""
"24053.89999999851","","","survey-multi-choice","9","108236","0.0-9.0","vua8pu","Thu Sep 08 2022 18:25:15 GMT+0200 (Centraleuropæisk sommertid)","2022","9","8","18","25","15","Cic22","111","22","female","right","77","91","26","10","2","Doing sport","Sensory awareness","{""Activity"":""Doing sport""}","[0]","",""
"14187.19999999553","","","survey-multi-choice","10","122439","0.0-10.0","vua8pu","Thu Sep 08 2022 18:25:15 GMT+0200 (Centraleuropæisk sommertid)","2022","9","8","18","25","15","Cic22","111","22","female","right","77","91","26","10","2","Doing sport","Sensory awareness","{""MentalActivity"":""Sensory awareness""}","[0]","",""
