"rt","stimulus","key_press","trial_type","trial_index","time_elapsed","internal_node_id","exp_id","Time","year","month","date","hour","minute","seconds","id","Activity","MentalActivity","HeartRate","age","Gender","Handedness","mood","fresh","hunger","H_since_Sleep","H_since_Eat","responses","question_order","slider_start","response"
"null","<p>Welcome to this 1 min. survey on daily rhythms, body and mood.</p><p>You will be asked to report your heart-rate</p><p>and given some questions about yourself.</p><p>Take the test when prompted and/or at different times of the day/night.</p><p>Please make a personal ID (three letters+ two numbers, e.g. ept23).</p><p>Write it down and use this ID whenever taking the test.</p>","null","html-keyboard-response","0","10007","0.0-0.0","rz3a9g","Wed Oct 19 2022 23:50:27 GMT+0200 (CEST)","2022","10","19","23","50","27","qwe12","Waiting, Being in line","Inner voice","51","49","male","right","70","34","56","17","5","","","",""
"10593","","","survey-text","1","20613","0.0-1.0","rz3a9g","Wed Oct 19 2022 23:50:27 GMT+0200 (CEST)","2022","10","19","23","50","27","qwe12","Waiting, Being in line","Inner voice","51","49","male","right","70","34","56","17","5","{""Q0"":""qwe12""}","","",""
"10523","","","survey-multi-choice","2","31140","0.0-2.0","rz3a9g","Wed Oct 19 2022 23:50:27 GMT+0200 (CEST)","2022","10","19","23","50","27","qwe12","Waiting, Being in line","Inner voice","51","49","male","right","70","34","56","17","5","{""Activity"":""Waiting, Being in line""}","[0]","",""
"2825","","","survey-multi-choice","3","33968","0.0-3.0","rz3a9g","Wed Oct 19 2022 23:50:27 GMT+0200 (CEST)","2022","10","19","23","50","27","qwe12","Waiting, Being in line","Inner voice","51","49","male","right","70","34","56","17","5","{""MentalActivity"":""Inner voice""}","[0]","",""
"132532","","","survey-multi-choice","4","166521","0.0-4.0","rz3a9g","Wed Oct 19 2022 23:50:27 GMT+0200 (CEST)","2022","10","19","23","50","27","qwe12","Waiting, Being in line","Inner voice","51","49","male","right","70","34","56","17","5","{""HeartRate"":""51""}","[0]","",""
"4816","","","survey-text","5","171346","0.0-5.0","rz3a9g","Wed Oct 19 2022 23:50:27 GMT+0200 (CEST)","2022","10","19","23","50","27","qwe12","Waiting, Being in line","Inner voice","51","49","male","right","70","34","56","17","5","{""Q0"":""49""}","","",""
"3717","","","survey-multi-choice","6","175066","0.0-6.0","rz3a9g","Wed Oct 19 2022 23:50:27 GMT+0200 (CEST)","2022","10","19","23","50","27","qwe12","Waiting, Being in line","Inner voice","51","49","male","right","70","34","56","17","5","{""Gender"":""male"",""Hand"":""right""}","[0,1]","",""
"5964","<p>How Sad/Angry or Happy are you right now?</p>","","html-slider-response","7","181035","0.0-7.0","rz3a9g","Wed Oct 19 2022 23:50:27 GMT+0200 (CEST)","2022","10","19","23","50","27","qwe12","Waiting, Being in line","Inner voice","51","49","male","right","70","34","56","17","5","","","50","70"
"5778","<p>How Tired/Sleepy/Distracted or Fresh/Awake/Alert are you right now?</p>","","html-slider-response","8","186814","0.0-8.0","rz3a9g","Wed Oct 19 2022 23:50:27 GMT+0200 (CEST)","2022","10","19","23","50","27","qwe12","Waiting, Being in line","Inner voice","51","49","male","right","70","34","56","17","5","","","50","34"
"6082","<p>How Hungry or Satiated are you right now?</p>","","html-slider-response","9","192899","0.0-9.0","rz3a9g","Wed Oct 19 2022 23:50:27 GMT+0200 (CEST)","2022","10","19","23","50","27","qwe12","Waiting, Being in line","Inner voice","51","49","male","right","70","34","56","17","5","","","50","56"
"45361.00000000003","","","survey-multi-choice","10","238265","0.0-10.0","rz3a9g","Wed Oct 19 2022 23:50:27 GMT+0200 (CEST)","2022","10","19","23","50","27","qwe12","Waiting, Being in line","Inner voice","51","49","male","right","70","34","56","17","5","{""Sleep"":""17"",""Eat"":""5""}","[0,1]","",""
