"rt","stimulus","key_press","trial_type","trial_index","time_elapsed","internal_node_id","exp_id","Time","year","month","date","hour","minute","seconds","id","Activity","MentalActivity","HeartRate","age","Gender","Handedness","mood","fresh","hunger","H_since_Sleep","H_since_Eat","responses","question_order","slider_start","response"
"null","<p>Welcome to this 1 min. survey on daily rhythms, body and mood.</p><p>You will be asked to report your heart-rate</p><p>and given some questions about yourself.</p><p>Take the test when prompted and/or at different times of the day/night.</p><p>Please make a personal ID (three letters+ two numbers, e.g. ept23).</p><p>Write it down and use this ID whenever taking the test.</p>","null","html-keyboard-response","0","10014","0.0-0.0","ywawdp","Wed Nov 09 2022 22:08:02 GMT+0100 (Centraleuropæisk normaltid)","2022","11","9","22","8","2","kau00","Working, Studying","Inner voice","84","23","female","right","68","31","61","15","1","","","",""
"10656.000000000004","","","survey-text","1","20697","0.0-1.0","ywawdp","Wed Nov 09 2022 22:08:02 GMT+0100 (Centraleuropæisk normaltid)","2022","11","9","22","8","2","kau00","Working, Studying","Inner voice","84","23","female","right","68","31","61","15","1","{""Q0"":""kau00""}","","",""
"8440","","","survey-multi-choice","2","29144","0.0-2.0","ywawdp","Wed Nov 09 2022 22:08:02 GMT+0100 (Centraleuropæisk normaltid)","2022","11","9","22","8","2","kau00","Working, Studying","Inner voice","84","23","female","right","68","31","61","15","1","{""Activity"":""Working, Studying""}","[0]","",""
"2158","","","survey-multi-choice","3","31304","0.0-3.0","ywawdp","Wed Nov 09 2022 22:08:02 GMT+0100 (Centraleuropæisk normaltid)","2022","11","9","22","8","2","kau00","Working, Studying","Inner voice","84","23","female","right","68","31","61","15","1","{""MentalActivity"":""Inner voice""}","[0]","",""
"33827","","","survey-multi-choice","4","65138","0.0-4.0","ywawdp","Wed Nov 09 2022 22:08:02 GMT+0100 (Centraleuropæisk normaltid)","2022","11","9","22","8","2","kau00","Working, Studying","Inner voice","84","23","female","right","68","31","61","15","1","{""HeartRate"":""84""}","[0]","",""
"2311","","","survey-text","5","67468","0.0-5.0","ywawdp","Wed Nov 09 2022 22:08:02 GMT+0100 (Centraleuropæisk normaltid)","2022","11","9","22","8","2","kau00","Working, Studying","Inner voice","84","23","female","right","68","31","61","15","1","{""Q0"":""23""}","","",""
"2449","","","survey-multi-choice","6","69920","0.0-6.0","ywawdp","Wed Nov 09 2022 22:08:02 GMT+0100 (Centraleuropæisk normaltid)","2022","11","9","22","8","2","kau00","Working, Studying","Inner voice","84","23","female","right","68","31","61","15","1","{""Gender"":""female"",""Hand"":""right""}","[0,1]","",""
"2356","<p>How Sad/Angry or Happy are you right now?</p>","","html-slider-response","7","72282","0.0-7.0","ywawdp","Wed Nov 09 2022 22:08:02 GMT+0100 (Centraleuropæisk normaltid)","2022","11","9","22","8","2","kau00","Working, Studying","Inner voice","84","23","female","right","68","31","61","15","1","","","50","68"
"2593","<p>How Tired/Sleepy/Distracted or Fresh/Awake/Alert are you right now?</p>","","html-slider-response","8","74878","0.0-8.0","ywawdp","Wed Nov 09 2022 22:08:02 GMT+0100 (Centraleuropæisk normaltid)","2022","11","9","22","8","2","kau00","Working, Studying","Inner voice","84","23","female","right","68","31","61","15","1","","","50","31"
"2585","<p>How Hungry or Satiated are you right now?</p>","","html-slider-response","9","77465","0.0-9.0","ywawdp","Wed Nov 09 2022 22:08:02 GMT+0100 (Centraleuropæisk normaltid)","2022","11","9","22","8","2","kau00","Working, Studying","Inner voice","84","23","female","right","68","31","61","15","1","","","50","61"
"20724","","","survey-multi-choice","10","98194","0.0-10.0","ywawdp","Wed Nov 09 2022 22:08:02 GMT+0100 (Centraleuropæisk normaltid)","2022","11","9","22","8","2","kau00","Working, Studying","Inner voice","84","23","female","right","68","31","61","15","1","{""Sleep"":""15"",""Eat"":""1""}","[0,1]","",""
