"rt","stimulus","key_press","trial_type","trial_index","time_elapsed","internal_node_id","exp_id","Time","year","month","date","hour","minute","seconds","id","Activity","MentalActivity","HeartRate","age","Gender","Handedness","mood","fresh","hunger","H_since_Sleep","H_since_Eat","responses","question_order","slider_start","response"
"null","<p>Welcome to this 1 min. survey on daily rhythms, body and mood.</p><p>You will be asked to report your heart-rate</p><p>and given some questions about yourself.</p><p>Take the test when prompted and/or at different times of the day/night.</p><p>Please make a personal ID (three letters+ two numbers, e.g. ept23).</p><p>Write it down and use this ID whenever taking the test.</p>","null","html-keyboard-response","0","10011","0.0-0.0","x410ew","Thu Oct 13 2022 21:53:12 GMT+0200 (Centraleuropæisk sommertid)","2022","10","13","21","53","12","pol12","Being on the Internet","Unsymbolized thinking","54","25","female","right","86","50","50","15","4","","","",""
"18041.399999976158","","","survey-text","1","28067","0.0-1.0","x410ew","Thu Oct 13 2022 21:53:12 GMT+0200 (Centraleuropæisk sommertid)","2022","10","13","21","53","12","pol12","Being on the Internet","Unsymbolized thinking","54","25","female","right","86","50","50","15","4","{""Q0"":""pol12""}","","",""
"22692.100000023842","","","survey-multi-choice","2","50764","0.0-2.0","x410ew","Thu Oct 13 2022 21:53:12 GMT+0200 (Centraleuropæisk sommertid)","2022","10","13","21","53","12","pol12","Being on the Internet","Unsymbolized thinking","54","25","female","right","86","50","50","15","4","{""Activity"":""Being on the Internet""}","[0]","",""
"5011","","","survey-multi-choice","3","55782","0.0-3.0","x410ew","Thu Oct 13 2022 21:53:12 GMT+0200 (Centraleuropæisk sommertid)","2022","10","13","21","53","12","pol12","Being on the Internet","Unsymbolized thinking","54","25","female","right","86","50","50","15","4","{""MentalActivity"":""Unsymbolized thinking""}","[0]","",""
"48359.89999997616","","","survey-multi-choice","4","104155","0.0-4.0","x410ew","Thu Oct 13 2022 21:53:12 GMT+0200 (Centraleuropæisk sommertid)","2022","10","13","21","53","12","pol12","Being on the Internet","Unsymbolized thinking","54","25","female","right","86","50","50","15","4","{""HeartRate"":""54""}","[0]","",""
"2773.100000023842","","","survey-text","5","106939","0.0-5.0","x410ew","Thu Oct 13 2022 21:53:12 GMT+0200 (Centraleuropæisk sommertid)","2022","10","13","21","53","12","pol12","Being on the Internet","Unsymbolized thinking","54","25","female","right","86","50","50","15","4","{""Q0"":""25""}","","",""
"3419.5","","","survey-multi-choice","6","110369","0.0-6.0","x410ew","Thu Oct 13 2022 21:53:12 GMT+0200 (Centraleuropæisk sommertid)","2022","10","13","21","53","12","pol12","Being on the Internet","Unsymbolized thinking","54","25","female","right","86","50","50","15","4","{""Gender"":""female"",""Hand"":""right""}","[0,1]","",""
"2652.800000011921","<p>How Sad/Angry or Happy are you right now?</p>","","html-slider-response","7","113028","0.0-7.0","x410ew","Thu Oct 13 2022 21:53:12 GMT+0200 (Centraleuropæisk sommertid)","2022","10","13","21","53","12","pol12","Being on the Internet","Unsymbolized thinking","54","25","female","right","86","50","50","15","4","","","50","86"
"3030.199999988079","<p>How Tired/Sleepy/Distracted or Fresh/Awake/Alert are you right now?</p>","","html-slider-response","8","116062","0.0-8.0","x410ew","Thu Oct 13 2022 21:53:12 GMT+0200 (Centraleuropæisk sommertid)","2022","10","13","21","53","12","pol12","Being on the Internet","Unsymbolized thinking","54","25","female","right","86","50","50","15","4","","","50","50"
"3486","<p>How Hungry or Satiated are you right now?</p>","","html-slider-response","9","119553","0.0-9.0","x410ew","Thu Oct 13 2022 21:53:12 GMT+0200 (Centraleuropæisk sommertid)","2022","10","13","21","53","12","pol12","Being on the Internet","Unsymbolized thinking","54","25","female","right","86","50","50","15","4","","","50","50"
"15534.400000035763","","","survey-multi-choice","10","135096","0.0-10.0","x410ew","Thu Oct 13 2022 21:53:12 GMT+0200 (Centraleuropæisk sommertid)","2022","10","13","21","53","12","pol12","Being on the Internet","Unsymbolized thinking","54","25","female","right","86","50","50","15","4","{""Sleep"":""15"",""Eat"":""4""}","[0,1]","",""
