"rt","stimulus","key_press","trial_type","trial_index","time_elapsed","internal_node_id","exp_id","Time","year","month","date","hour","minute","seconds","id","HeartRate","age","Gender","Handedness","mood","fresh","hunger","H_since_Sleep","H_since_Eat","Activity","MentalActivity","responses","question_order","slider_start","response"
"null","<p>Welcome to this 1 min. survey on daily rhythms, body and mood.</p><p>You will be asked to report your heart-rate</p><p>and given some questions about yourself.</p><p>Take the test when prompted and/or at different times of the day/night.</p><p>Please make a personal ID (three letters+ two numbers, e.g. ept23).</p><p>Write it down and use this ID whenever taking the test.</p>","null","html-keyboard-response","0","10003","0.0-0.0","qbvekl","Thu Sep 08 2022 16:35:46 GMT+0200 (Centraleuropæisk sommertid)","2022","9","8","16","35","46","LHH123","78","24","male","right","84","25","14","9","1","Working, Studying","Inner voice","","","",""
"11973.90000000596","","","survey-text","1","21982","0.0-1.0","qbvekl","Thu Sep 08 2022 16:35:46 GMT+0200 (Centraleuropæisk sommertid)","2022","9","8","16","35","46","LHH123","78","24","male","right","84","25","14","9","1","Working, Studying","Inner voice","{""Q0"":""LHH123""}","","",""
"6562.700000017881","","","survey-multi-choice","2","28548","0.0-2.0","qbvekl","Thu Sep 08 2022 16:35:46 GMT+0200 (Centraleuropæisk sommertid)","2022","9","8","16","35","46","LHH123","78","24","male","right","84","25","14","9","1","Working, Studying","Inner voice","{""HeartRate"":""78""}","[0]","",""
"3276.2999999821186","","","survey-text","3","31826","0.0-3.0","qbvekl","Thu Sep 08 2022 16:35:46 GMT+0200 (Centraleuropæisk sommertid)","2022","9","8","16","35","46","LHH123","78","24","male","right","84","25","14","9","1","Working, Studying","Inner voice","{""Q0"":""24""}","","",""
"3646.0999999940395","","","survey-multi-choice","4","35473","0.0-4.0","qbvekl","Thu Sep 08 2022 16:35:46 GMT+0200 (Centraleuropæisk sommertid)","2022","9","8","16","35","46","LHH123","78","24","male","right","84","25","14","9","1","Working, Studying","Inner voice","{""Gender"":""male"",""Hand"":""right""}","[0,1]","",""
"5306.200000017881","<p>How Sad/Angry or Happy are you right now?</p>","","html-slider-response","5","40782","0.0-5.0","qbvekl","Thu Sep 08 2022 16:35:46 GMT+0200 (Centraleuropæisk sommertid)","2022","9","8","16","35","46","LHH123","78","24","male","right","84","25","14","9","1","Working, Studying","Inner voice","","","50","84"
"7780.700000017881","<p>How Tired/Sleepy/Distracted or Fresh/Awake/Alert are you right now?</p>","","html-slider-response","6","48564","0.0-6.0","qbvekl","Thu Sep 08 2022 16:35:46 GMT+0200 (Centraleuropæisk sommertid)","2022","9","8","16","35","46","LHH123","78","24","male","right","84","25","14","9","1","Working, Studying","Inner voice","","","50","25"
"2941.4000000059605","<p>How Hungry or Satiated are you right now?</p>","","html-slider-response","7","51506","0.0-7.0","qbvekl","Thu Sep 08 2022 16:35:46 GMT+0200 (Centraleuropæisk sommertid)","2022","9","8","16","35","46","LHH123","78","24","male","right","84","25","14","9","1","Working, Studying","Inner voice","","","50","14"
"14410.09999999404","","","survey-multi-choice","8","65918","0.0-8.0","qbvekl","Thu Sep 08 2022 16:35:46 GMT+0200 (Centraleuropæisk sommertid)","2022","9","8","16","35","46","LHH123","78","24","male","right","84","25","14","9","1","Working, Studying","Inner voice","{""Sleep"":""9"",""Eat"":""1""}","[0,1]","",""
"3415.0999999940395","","","survey-multi-choice","9","69335","0.0-9.0","qbvekl","Thu Sep 08 2022 16:35:46 GMT+0200 (Centraleuropæisk sommertid)","2022","9","8","16","35","46","LHH123","78","24","male","right","84","25","14","9","1","Working, Studying","Inner voice","{""Activity"":""Working, Studying""}","[0]","",""
"14967.199999988079","","","survey-multi-choice","10","84306","0.0-10.0","qbvekl","Thu Sep 08 2022 16:35:46 GMT+0200 (Centraleuropæisk sommertid)","2022","9","8","16","35","46","LHH123","78","24","male","right","84","25","14","9","1","Working, Studying","Inner voice","{""MentalActivity"":""Inner voice""}","[0]","",""
