"rt","stimulus","key_press","trial_type","trial_index","time_elapsed","internal_node_id","exp_id","Time","year","month","date","hour","minute","seconds","id","Activity","MentalActivity","HeartRate","age","Gender","Handedness","mood","fresh","hunger","H_since_Sleep","H_since_Eat","responses","question_order","slider_start","response"
"null","<p>Welcome to this 1 min. survey on daily rhythms, body and mood.</p><p>You will be asked to report your heart-rate</p><p>and given some questions about yourself.</p><p>Take the test when prompted and/or at different times of the day/night.</p><p>Please make a personal ID (three letters+ two numbers, e.g. ept23).</p><p>Write it down and use this ID whenever taking the test.</p>","null","html-keyboard-response","0","10013","0.0-0.0","m42ypd","Sat Sep 10 2022 12:09:09 GMT+0200 (CEST)","2022","9","10","12","9","9","pid10","Doing sport","Inner voice","96","23","female","right","83","85","29","4","2","","","",""
"8744","","","survey-text","1","18775","0.0-1.0","m42ypd","Sat Sep 10 2022 12:09:09 GMT+0200 (CEST)","2022","9","10","12","9","9","pid10","Doing sport","Inner voice","96","23","female","right","83","85","29","4","2","{""Q0"":""pid10""}","","",""
"36252","","","survey-multi-choice","2","55033","0.0-2.0","m42ypd","Sat Sep 10 2022 12:09:09 GMT+0200 (CEST)","2022","9","10","12","9","9","pid10","Doing sport","Inner voice","96","23","female","right","83","85","29","4","2","{""Activity"":""Doing sport""}","[0]","",""
"5494","","","survey-multi-choice","3","60529","0.0-3.0","m42ypd","Sat Sep 10 2022 12:09:09 GMT+0200 (CEST)","2022","9","10","12","9","9","pid10","Doing sport","Inner voice","96","23","female","right","83","85","29","4","2","{""MentalActivity"":""Inner voice""}","[0]","",""
"23652","","","survey-multi-choice","4","84188","0.0-4.0","m42ypd","Sat Sep 10 2022 12:09:09 GMT+0200 (CEST)","2022","9","10","12","9","9","pid10","Doing sport","Inner voice","96","23","female","right","83","85","29","4","2","{""HeartRate"":""96""}","[0]","",""
"3569","","","survey-text","5","87767","0.0-5.0","m42ypd","Sat Sep 10 2022 12:09:09 GMT+0200 (CEST)","2022","9","10","12","9","9","pid10","Doing sport","Inner voice","96","23","female","right","83","85","29","4","2","{""Q0"":""23""}","","",""
"6718.000000000015","","","survey-multi-choice","6","94488","0.0-6.0","m42ypd","Sat Sep 10 2022 12:09:09 GMT+0200 (CEST)","2022","9","10","12","9","9","pid10","Doing sport","Inner voice","96","23","female","right","83","85","29","4","2","{""Gender"":""female"",""Hand"":""right""}","[0,1]","",""
"3841","<p>How Sad/Angry or Happy are you right now?</p>","","html-slider-response","7","98334","0.0-7.0","m42ypd","Sat Sep 10 2022 12:09:09 GMT+0200 (CEST)","2022","9","10","12","9","9","pid10","Doing sport","Inner voice","96","23","female","right","83","85","29","4","2","","","50","83"
"7723","<p>How Tired/Sleepy/Distracted or Fresh/Awake/Alert are you right now?</p>","","html-slider-response","8","106060","0.0-8.0","m42ypd","Sat Sep 10 2022 12:09:09 GMT+0200 (CEST)","2022","9","10","12","9","9","pid10","Doing sport","Inner voice","96","23","female","right","83","85","29","4","2","","","50","85"
"3194","<p>How Hungry or Satiated are you right now?</p>","","html-slider-response","9","109256","0.0-9.0","m42ypd","Sat Sep 10 2022 12:09:09 GMT+0200 (CEST)","2022","9","10","12","9","9","pid10","Doing sport","Inner voice","96","23","female","right","83","85","29","4","2","","","50","29"
"15517","","","survey-multi-choice","10","124778","0.0-10.0","m42ypd","Sat Sep 10 2022 12:09:09 GMT+0200 (CEST)","2022","9","10","12","9","9","pid10","Doing sport","Inner voice","96","23","female","right","83","85","29","4","2","{""Sleep"":""4"",""Eat"":""2""}","[0,1]","",""
