"rt","stimulus","key_press","trial_type","trial_index","time_elapsed","internal_node_id","exp_id","Time","year","month","date","hour","minute","seconds","id","Activity","MentalActivity","HeartRate","age","Gender","Handedness","mood","fresh","hunger","H_since_Sleep","H_since_Eat","responses","question_order","slider_start","response"
"null","<p>Welcome to this 1 min. survey on daily rhythms, body and mood.</p><p>You will be asked to report your heart-rate</p><p>and given some questions about yourself.</p><p>Take the test when prompted and/or at different times of the day/night.</p><p>Please make a personal ID (three letters+ two numbers, e.g. ept23).</p><p>Write it down and use this ID whenever taking the test.</p>","null","html-keyboard-response","0","10017","0.0-0.0","x2tnjl","Thu Sep 15 2022 08:10:48 GMT+0200 (CEST)","2022","9","15","8","10","48","www11","Sleeping, Resting","Inner voice","50","25","male","right","61","20","50","0","10","","","",""
"6296","","","survey-text","1","16336","0.0-1.0","x2tnjl","Thu Sep 15 2022 08:10:48 GMT+0200 (CEST)","2022","9","15","8","10","48","www11","Sleeping, Resting","Inner voice","50","25","male","right","61","20","50","0","10","{""Q0"":""www11""}","","",""
"14890","","","survey-multi-choice","2","31234","0.0-2.0","x2tnjl","Thu Sep 15 2022 08:10:48 GMT+0200 (CEST)","2022","9","15","8","10","48","www11","Sleeping, Resting","Inner voice","50","25","male","right","61","20","50","0","10","{""Activity"":""Sleeping, Resting""}","[0]","",""
"4223","","","survey-multi-choice","3","35460","0.0-3.0","x2tnjl","Thu Sep 15 2022 08:10:48 GMT+0200 (CEST)","2022","9","15","8","10","48","www11","Sleeping, Resting","Inner voice","50","25","male","right","61","20","50","0","10","{""MentalActivity"":""Inner voice""}","[0]","",""
"10870.999999999993","","","survey-multi-choice","4","46346","0.0-4.0","x2tnjl","Thu Sep 15 2022 08:10:48 GMT+0200 (CEST)","2022","9","15","8","10","48","www11","Sleeping, Resting","Inner voice","50","25","male","right","61","20","50","0","10","{""HeartRate"":""50""}","[0]","",""
"5332.999999999993","","","survey-text","5","51691","0.0-5.0","x2tnjl","Thu Sep 15 2022 08:10:48 GMT+0200 (CEST)","2022","9","15","8","10","48","www11","Sleeping, Resting","Inner voice","50","25","male","right","61","20","50","0","10","{""Q0"":""25""}","","",""
"4478","","","survey-multi-choice","6","56174","0.0-6.0","x2tnjl","Thu Sep 15 2022 08:10:48 GMT+0200 (CEST)","2022","9","15","8","10","48","www11","Sleeping, Resting","Inner voice","50","25","male","right","61","20","50","0","10","{""Gender"":""male"",""Hand"":""right""}","[0,1]","",""
"2681.0000000000073","<p>How Sad/Angry or Happy are you right now?</p>","","html-slider-response","7","58862","0.0-7.0","x2tnjl","Thu Sep 15 2022 08:10:48 GMT+0200 (CEST)","2022","9","15","8","10","48","www11","Sleeping, Resting","Inner voice","50","25","male","right","61","20","50","0","10","","","50","61"
"2677","<p>How Tired/Sleepy/Distracted or Fresh/Awake/Alert are you right now?</p>","","html-slider-response","8","61542","0.0-8.0","x2tnjl","Thu Sep 15 2022 08:10:48 GMT+0200 (CEST)","2022","9","15","8","10","48","www11","Sleeping, Resting","Inner voice","50","25","male","right","61","20","50","0","10","","","50","20"
"2439","<p>How Hungry or Satiated are you right now?</p>","","html-slider-response","9","63984","0.0-9.0","x2tnjl","Thu Sep 15 2022 08:10:48 GMT+0200 (CEST)","2022","9","15","8","10","48","www11","Sleeping, Resting","Inner voice","50","25","male","right","61","20","50","0","10","","","50","50"
"13769.999999999993","","","survey-multi-choice","10","77761","0.0-10.0","x2tnjl","Thu Sep 15 2022 08:10:48 GMT+0200 (CEST)","2022","9","15","8","10","48","www11","Sleeping, Resting","Inner voice","50","25","male","right","61","20","50","0","10","{""Sleep"":""0"",""Eat"":""10""}","[0,1]","",""
