"rt","stimulus","key_press","trial_type","trial_index","time_elapsed","internal_node_id","exp_id","Time","year","month","date","hour","minute","seconds","id","Activity","MentalActivity","HeartRate","age","Gender","Handedness","mood","fresh","hunger","H_since_Sleep","H_since_Eat","responses","question_order","slider_start","response"
"null","<p>Welcome to this 1 min. survey on daily rhythms, body and mood.</p><p>You will be asked to report your heart-rate</p><p>and given some questions about yourself.</p><p>Take the test when prompted and/or at different times of the day/night.</p><p>Please make a personal ID (three letters+ two numbers, e.g. ept23).</p><p>Write it down and use this ID whenever taking the test.</p>","null","html-keyboard-response","0","10005","0.0-0.0","pvwcd8","Sat Nov 12 2022 14:08:05 GMT+0100 (Centraleuropæisk normaltid)","2022","11","12","14","8","5","qwe12","Working, Studying","Inner voice","63","49","male","right","72","84","82","7","1","","","",""
"7645","","","survey-text","1","17666","0.0-1.0","pvwcd8","Sat Nov 12 2022 14:08:05 GMT+0100 (Centraleuropæisk normaltid)","2022","11","12","14","8","5","qwe12","Working, Studying","Inner voice","63","49","male","right","72","84","82","7","1","{""Q0"":""qwe12""}","","",""
"4834","","","survey-multi-choice","2","22504","0.0-2.0","pvwcd8","Sat Nov 12 2022 14:08:05 GMT+0100 (Centraleuropæisk normaltid)","2022","11","12","14","8","5","qwe12","Working, Studying","Inner voice","63","49","male","right","72","84","82","7","1","{""Activity"":""Working, Studying""}","[0]","",""
"5110","","","survey-multi-choice","3","27617","0.0-3.0","pvwcd8","Sat Nov 12 2022 14:08:05 GMT+0100 (Centraleuropæisk normaltid)","2022","11","12","14","8","5","qwe12","Working, Studying","Inner voice","63","49","male","right","72","84","82","7","1","{""MentalActivity"":""Inner voice""}","[0]","",""
"11766","","","survey-multi-choice","4","39390","0.0-4.0","pvwcd8","Sat Nov 12 2022 14:08:05 GMT+0100 (Centraleuropæisk normaltid)","2022","11","12","14","8","5","qwe12","Working, Studying","Inner voice","63","49","male","right","72","84","82","7","1","{""HeartRate"":""63""}","[0]","",""
"4563","","","survey-text","5","43962","0.0-5.0","pvwcd8","Sat Nov 12 2022 14:08:05 GMT+0100 (Centraleuropæisk normaltid)","2022","11","12","14","8","5","qwe12","Working, Studying","Inner voice","63","49","male","right","72","84","82","7","1","{""Q0"":""49""}","","",""
"3731","","","survey-multi-choice","6","47696","0.0-6.0","pvwcd8","Sat Nov 12 2022 14:08:05 GMT+0100 (Centraleuropæisk normaltid)","2022","11","12","14","8","5","qwe12","Working, Studying","Inner voice","63","49","male","right","72","84","82","7","1","{""Gender"":""male"",""Hand"":""right""}","[0,1]","",""
"6761","<p>How Sad/Angry or Happy are you right now?</p>","","html-slider-response","7","54460","0.0-7.0","pvwcd8","Sat Nov 12 2022 14:08:05 GMT+0100 (Centraleuropæisk normaltid)","2022","11","12","14","8","5","qwe12","Working, Studying","Inner voice","63","49","male","right","72","84","82","7","1","","","50","72"
"6467","<p>How Tired/Sleepy/Distracted or Fresh/Awake/Alert are you right now?</p>","","html-slider-response","8","60930","0.0-8.0","pvwcd8","Sat Nov 12 2022 14:08:05 GMT+0100 (Centraleuropæisk normaltid)","2022","11","12","14","8","5","qwe12","Working, Studying","Inner voice","63","49","male","right","72","84","82","7","1","","","50","84"
"9352","<p>How Hungry or Satiated are you right now?</p>","","html-slider-response","9","70285","0.0-9.0","pvwcd8","Sat Nov 12 2022 14:08:05 GMT+0100 (Centraleuropæisk normaltid)","2022","11","12","14","8","5","qwe12","Working, Studying","Inner voice","63","49","male","right","72","84","82","7","1","","","50","82"
"25619","","","survey-multi-choice","10","95909","0.0-10.0","pvwcd8","Sat Nov 12 2022 14:08:05 GMT+0100 (Centraleuropæisk normaltid)","2022","11","12","14","8","5","qwe12","Working, Studying","Inner voice","63","49","male","right","72","84","82","7","1","{""Sleep"":""7"",""Eat"":""1""}","[0,1]","",""
