"rt","stimulus","key_press","trial_type","trial_index","time_elapsed","internal_node_id","exp_id","Time","year","month","date","hour","minute","seconds","id","Activity","MentalActivity","HeartRate","age","Gender","Handedness","mood","fresh","hunger","H_since_Sleep","H_since_Eat","responses","question_order","slider_start","response"
"null","<p>Welcome to this 1 min. survey on daily rhythms, body and mood.</p><p>You will be asked to report your heart-rate</p><p>and given some questions about yourself.</p><p>Take the test when prompted and/or at different times of the day/night.</p><p>Please make a personal ID (three letters+ two numbers, e.g. ept23).</p><p>Write it down and use this ID whenever taking the test.</p>","null","html-keyboard-response","0","10016","0.0-0.0","sa9xtf","Tue Oct 18 2022 20:00:20 GMT+0200 (Centraleuropæisk sommertid)","2022","10","18","20","0","20","kau00","Watching TV","Inner voice","81","23","female","right","59","17","92","11","2","","","",""
"6480","","","survey-text","1","16526","0.0-1.0","sa9xtf","Tue Oct 18 2022 20:00:20 GMT+0200 (Centraleuropæisk sommertid)","2022","10","18","20","0","20","kau00","Watching TV","Inner voice","81","23","female","right","59","17","92","11","2","{""Q0"":""kau00""}","","",""
"21661","","","survey-multi-choice","2","38193","0.0-2.0","sa9xtf","Tue Oct 18 2022 20:00:20 GMT+0200 (Centraleuropæisk sommertid)","2022","10","18","20","0","20","kau00","Watching TV","Inner voice","81","23","female","right","59","17","92","11","2","{""Activity"":""Watching TV""}","[0]","",""
"3754","","","survey-multi-choice","3","41949","0.0-3.0","sa9xtf","Tue Oct 18 2022 20:00:20 GMT+0200 (Centraleuropæisk sommertid)","2022","10","18","20","0","20","kau00","Watching TV","Inner voice","81","23","female","right","59","17","92","11","2","{""MentalActivity"":""Inner voice""}","[0]","",""
"121919","","","survey-multi-choice","4","203242","0.0-4.0","sa9xtf","Tue Oct 18 2022 20:00:20 GMT+0200 (Centraleuropæisk sommertid)","2022","10","18","20","0","20","kau00","Watching TV","Inner voice","81","23","female","right","59","17","92","11","2","{""HeartRate"":""81""}","[0]","",""
"2293","","","survey-text","5","205544","0.0-5.0","sa9xtf","Tue Oct 18 2022 20:00:20 GMT+0200 (Centraleuropæisk sommertid)","2022","10","18","20","0","20","kau00","Watching TV","Inner voice","81","23","female","right","59","17","92","11","2","{""Q0"":""23""}","","",""
"3696.000000000029","","","survey-multi-choice","6","209243","0.0-6.0","sa9xtf","Tue Oct 18 2022 20:00:20 GMT+0200 (Centraleuropæisk sommertid)","2022","10","18","20","0","20","kau00","Watching TV","Inner voice","81","23","female","right","59","17","92","11","2","{""Gender"":""female"",""Hand"":""right""}","[0,1]","",""
"4203.999999999971","<p>How Sad/Angry or Happy are you right now?</p>","","html-slider-response","7","213455","0.0-7.0","sa9xtf","Tue Oct 18 2022 20:00:20 GMT+0200 (Centraleuropæisk sommertid)","2022","10","18","20","0","20","kau00","Watching TV","Inner voice","81","23","female","right","59","17","92","11","2","","","50","59"
"4461.999999999971","<p>How Tired/Sleepy/Distracted or Fresh/Awake/Alert are you right now?</p>","","html-slider-response","8","217920","0.0-8.0","sa9xtf","Tue Oct 18 2022 20:00:20 GMT+0200 (Centraleuropæisk sommertid)","2022","10","18","20","0","20","kau00","Watching TV","Inner voice","81","23","female","right","59","17","92","11","2","","","50","17"
"14866","<p>How Hungry or Satiated are you right now?</p>","","html-slider-response","9","232789","0.0-9.0","sa9xtf","Tue Oct 18 2022 20:00:20 GMT+0200 (Centraleuropæisk sommertid)","2022","10","18","20","0","20","kau00","Watching TV","Inner voice","81","23","female","right","59","17","92","11","2","","","50","92"
"21208","","","survey-multi-choice","10","254004","0.0-10.0","sa9xtf","Tue Oct 18 2022 20:00:20 GMT+0200 (Centraleuropæisk sommertid)","2022","10","18","20","0","20","kau00","Watching TV","Inner voice","81","23","female","right","59","17","92","11","2","{""Sleep"":""11"",""Eat"":""2""}","[0,1]","",""
