"rt","stimulus","key_press","trial_type","trial_index","time_elapsed","internal_node_id","exp_id","Time","year","month","date","hour","minute","seconds","id","Activity","MentalActivity","HeartRate","age","Gender","Handedness","mood","fresh","hunger","H_since_Sleep","H_since_Eat","responses","question_order","slider_start","response"
"null","<p>Welcome to this 1 min. survey on daily rhythms, body and mood.</p><p>You will be asked to report your heart-rate</p><p>and given some questions about yourself.</p><p>Take the test when prompted and/or at different times of the day/night.</p><p>Please make a personal ID (three letters+ two numbers, e.g. ept23).</p><p>Write it down and use this ID whenever taking the test.</p>","null","html-keyboard-response","0","10008","0.0-0.0","uuao0z","Thu Sep 08 2022 21:30:07 GMT+0200 (CEST)","2022","9","8","21","30","7","luc21","Chatting","Sensory awareness","111","23","male","right","71","18","100","11","0","","","",""
"7703.999999999998","","","survey-text","1","17723","0.0-1.0","uuao0z","Thu Sep 08 2022 21:30:07 GMT+0200 (CEST)","2022","9","8","21","30","7","luc21","Chatting","Sensory awareness","111","23","male","right","71","18","100","11","0","{""Q0"":""luc21""}","","",""
"12175.000000000004","","","survey-multi-choice","2","29902","0.0-2.0","uuao0z","Thu Sep 08 2022 21:30:07 GMT+0200 (CEST)","2022","9","8","21","30","7","luc21","Chatting","Sensory awareness","111","23","male","right","71","18","100","11","0","{""Activity"":""Chatting""}","[0]","",""
"9176.999999999996","","","survey-multi-choice","3","39082","0.0-3.0","uuao0z","Thu Sep 08 2022 21:30:07 GMT+0200 (CEST)","2022","9","8","21","30","7","luc21","Chatting","Sensory awareness","111","23","male","right","71","18","100","11","0","{""MentalActivity"":""Sensory awareness""}","[0]","",""
"44284.000000000015","","","survey-multi-choice","4","83372","0.0-4.0","uuao0z","Thu Sep 08 2022 21:30:07 GMT+0200 (CEST)","2022","9","8","21","30","7","luc21","Chatting","Sensory awareness","111","23","male","right","71","18","100","11","0","{""HeartRate"":""111""}","[0]","",""
"4015","","","survey-text","5","87396","0.0-5.0","uuao0z","Thu Sep 08 2022 21:30:07 GMT+0200 (CEST)","2022","9","8","21","30","7","luc21","Chatting","Sensory awareness","111","23","male","right","71","18","100","11","0","{""Q0"":""23""}","","",""
"4926","","","survey-multi-choice","6","92326","0.0-6.0","uuao0z","Thu Sep 08 2022 21:30:07 GMT+0200 (CEST)","2022","9","8","21","30","7","luc21","Chatting","Sensory awareness","111","23","male","right","71","18","100","11","0","{""Gender"":""male"",""Hand"":""right""}","[0,1]","",""
"4136","<p>How Sad/Angry or Happy are you right now?</p>","","html-slider-response","7","96466","0.0-7.0","uuao0z","Thu Sep 08 2022 21:30:07 GMT+0200 (CEST)","2022","9","8","21","30","7","luc21","Chatting","Sensory awareness","111","23","male","right","71","18","100","11","0","","","50","71"
"8846","<p>How Tired/Sleepy/Distracted or Fresh/Awake/Alert are you right now?</p>","","html-slider-response","8","105315","0.0-8.0","uuao0z","Thu Sep 08 2022 21:30:07 GMT+0200 (CEST)","2022","9","8","21","30","7","luc21","Chatting","Sensory awareness","111","23","male","right","71","18","100","11","0","","","50","18"
"3622","<p>How Hungry or Satiated are you right now?</p>","","html-slider-response","9","108939","0.0-9.0","uuao0z","Thu Sep 08 2022 21:30:07 GMT+0200 (CEST)","2022","9","8","21","30","7","luc21","Chatting","Sensory awareness","111","23","male","right","71","18","100","11","0","","","50","100"
"24028","","","survey-multi-choice","10","132972","0.0-10.0","uuao0z","Thu Sep 08 2022 21:30:07 GMT+0200 (CEST)","2022","9","8","21","30","7","luc21","Chatting","Sensory awareness","111","23","male","right","71","18","100","11","0","{""Sleep"":""11"",""Eat"":""0""}","[0,1]","",""
