"rt","stimulus","key_press","trial_type","trial_index","time_elapsed","internal_node_id","exp_id","Time","year","month","date","hour","minute","seconds","id","Activity","MentalActivity","HeartRate","age","Gender","Handedness","mood","fresh","hunger","H_since_Sleep","H_since_Eat","responses","question_order","slider_start","response"
"null","<p>Welcome to this 1 min. survey on daily rhythms, body and mood.</p><p>You will be asked to report your heart-rate</p><p>and given some questions about yourself.</p><p>Take the test when prompted and/or at different times of the day/night.</p><p>Please make a personal ID (three letters+ two numbers, e.g. ept23).</p><p>Write it down and use this ID whenever taking the test.</p>","null","html-keyboard-response","0","10005","0.0-0.0","mltqqh","Fri Sep 09 2022 07:41:25 GMT+0200 (CEST)","2022","9","9","7","41","25","pid10","Sleeping, Resting","Inner voice","54","23","female","right","57","79","19","0","11","","","",""
"11468","","","survey-text","1","21481","0.0-1.0","mltqqh","Fri Sep 09 2022 07:41:25 GMT+0200 (CEST)","2022","9","9","7","41","25","pid10","Sleeping, Resting","Inner voice","54","23","female","right","57","79","19","0","11","{""Q0"":""pid10""}","","",""
"10786","","","survey-multi-choice","2","32270","0.0-2.0","mltqqh","Fri Sep 09 2022 07:41:25 GMT+0200 (CEST)","2022","9","9","7","41","25","pid10","Sleeping, Resting","Inner voice","54","23","female","right","57","79","19","0","11","{""Activity"":""Sleeping, Resting""}","[0]","",""
"11681","","","survey-multi-choice","3","43954","0.0-3.0","mltqqh","Fri Sep 09 2022 07:41:25 GMT+0200 (CEST)","2022","9","9","7","41","25","pid10","Sleeping, Resting","Inner voice","54","23","female","right","57","79","19","0","11","{""MentalActivity"":""Inner voice""}","[0]","",""
"41801","","","survey-multi-choice","4","85762","0.0-4.0","mltqqh","Fri Sep 09 2022 07:41:25 GMT+0200 (CEST)","2022","9","9","7","41","25","pid10","Sleeping, Resting","Inner voice","54","23","female","right","57","79","19","0","11","{""HeartRate"":""54""}","[0]","",""
"4118","","","survey-text","5","89887","0.0-5.0","mltqqh","Fri Sep 09 2022 07:41:25 GMT+0200 (CEST)","2022","9","9","7","41","25","pid10","Sleeping, Resting","Inner voice","54","23","female","right","57","79","19","0","11","{""Q0"":""23""}","","",""
"4087","","","survey-multi-choice","6","93976","0.0-6.0","mltqqh","Fri Sep 09 2022 07:41:25 GMT+0200 (CEST)","2022","9","9","7","41","25","pid10","Sleeping, Resting","Inner voice","54","23","female","right","57","79","19","0","11","{""Gender"":""female"",""Hand"":""right""}","[0,1]","",""
"32870.999999999985","<p>How Sad/Angry or Happy are you right now?</p>","","html-slider-response","7","126854","0.0-7.0","mltqqh","Fri Sep 09 2022 07:41:25 GMT+0200 (CEST)","2022","9","9","7","41","25","pid10","Sleeping, Resting","Inner voice","54","23","female","right","57","79","19","0","11","","","50","57"
"9639","<p>How Tired/Sleepy/Distracted or Fresh/Awake/Alert are you right now?</p>","","html-slider-response","8","136496","0.0-8.0","mltqqh","Fri Sep 09 2022 07:41:25 GMT+0200 (CEST)","2022","9","9","7","41","25","pid10","Sleeping, Resting","Inner voice","54","23","female","right","57","79","19","0","11","","","50","79"
"12377","<p>How Hungry or Satiated are you right now?</p>","","html-slider-response","9","148876","0.0-9.0","mltqqh","Fri Sep 09 2022 07:41:25 GMT+0200 (CEST)","2022","9","9","7","41","25","pid10","Sleeping, Resting","Inner voice","54","23","female","right","57","79","19","0","11","","","50","19"
"25465","","","survey-multi-choice","10","174347","0.0-10.0","mltqqh","Fri Sep 09 2022 07:41:25 GMT+0200 (CEST)","2022","9","9","7","41","25","pid10","Sleeping, Resting","Inner voice","54","23","female","right","57","79","19","0","11","{""Sleep"":""0"",""Eat"":""11""}","[0,1]","",""
