"rt","stimulus","key_press","trial_type","trial_index","time_elapsed","internal_node_id","exp_id","Time","year","month","date","hour","minute","seconds","id","Activity","MentalActivity","HeartRate","age","Gender","Handedness","mood","fresh","hunger","H_since_Sleep","H_since_Eat","responses","question_order","slider_start","response"
"null","<p>Welcome to this 1 min. survey on daily rhythms, body and mood.</p><p>You will be asked to report your heart-rate</p><p>and given some questions about yourself.</p><p>Take the test when prompted and/or at different times of the day/night.</p><p>Please make a personal ID (three letters+ two numbers, e.g. ept23).</p><p>Write it down and use this ID whenever taking the test.</p>","null","html-keyboard-response","0","10019","0.0-0.0","tu6fam","Fri Oct 14 2022 21:38:24 GMT+0200 (CEST)","2022","10","14","21","38","24","yfg54","Cooking","Unsymbolized thinking","87","23","female","right","81","62","34","15","0","","","",""
"5547","","","survey-text","1","15597","0.0-1.0","tu6fam","Fri Oct 14 2022 21:38:24 GMT+0200 (CEST)","2022","10","14","21","38","24","yfg54","Cooking","Unsymbolized thinking","87","23","female","right","81","62","34","15","0","{""Q0"":""yfg54""}","","",""
"3831","","","survey-multi-choice","2","19436","0.0-2.0","tu6fam","Fri Oct 14 2022 21:38:24 GMT+0200 (CEST)","2022","10","14","21","38","24","yfg54","Cooking","Unsymbolized thinking","87","23","female","right","81","62","34","15","0","{""Activity"":""Cooking""}","[0]","",""
"4894","","","survey-multi-choice","3","24334","0.0-3.0","tu6fam","Fri Oct 14 2022 21:38:24 GMT+0200 (CEST)","2022","10","14","21","38","24","yfg54","Cooking","Unsymbolized thinking","87","23","female","right","81","62","34","15","0","{""MentalActivity"":""Unsymbolized thinking""}","[0]","",""
"53469","","","survey-multi-choice","4","77814","0.0-4.0","tu6fam","Fri Oct 14 2022 21:38:24 GMT+0200 (CEST)","2022","10","14","21","38","24","yfg54","Cooking","Unsymbolized thinking","87","23","female","right","81","62","34","15","0","{""HeartRate"":""87""}","[0]","",""
"3466","","","survey-text","5","81294","0.0-5.0","tu6fam","Fri Oct 14 2022 21:38:24 GMT+0200 (CEST)","2022","10","14","21","38","24","yfg54","Cooking","Unsymbolized thinking","87","23","female","right","81","62","34","15","0","{""Q0"":""23""}","","",""
"3263","","","survey-multi-choice","6","84561","0.0-6.0","tu6fam","Fri Oct 14 2022 21:38:24 GMT+0200 (CEST)","2022","10","14","21","38","24","yfg54","Cooking","Unsymbolized thinking","87","23","female","right","81","62","34","15","0","{""Gender"":""female"",""Hand"":""right""}","[0,1]","",""
"6351","<p>How Sad/Angry or Happy are you right now?</p>","","html-slider-response","7","90923","0.0-7.0","tu6fam","Fri Oct 14 2022 21:38:24 GMT+0200 (CEST)","2022","10","14","21","38","24","yfg54","Cooking","Unsymbolized thinking","87","23","female","right","81","62","34","15","0","","","50","81"
"9012","<p>How Tired/Sleepy/Distracted or Fresh/Awake/Alert are you right now?</p>","","html-slider-response","8","99938","0.0-8.0","tu6fam","Fri Oct 14 2022 21:38:24 GMT+0200 (CEST)","2022","10","14","21","38","24","yfg54","Cooking","Unsymbolized thinking","87","23","female","right","81","62","34","15","0","","","50","62"
"8777","<p>How Hungry or Satiated are you right now?</p>","","html-slider-response","9","108718","0.0-9.0","tu6fam","Fri Oct 14 2022 21:38:24 GMT+0200 (CEST)","2022","10","14","21","38","24","yfg54","Cooking","Unsymbolized thinking","87","23","female","right","81","62","34","15","0","","","50","34"
"17680.000000000015","","","survey-multi-choice","10","126408","0.0-10.0","tu6fam","Fri Oct 14 2022 21:38:24 GMT+0200 (CEST)","2022","10","14","21","38","24","yfg54","Cooking","Unsymbolized thinking","87","23","female","right","81","62","34","15","0","{""Sleep"":""15"",""Eat"":""0""}","[0,1]","",""
