"rt","stimulus","key_press","trial_type","trial_index","time_elapsed","internal_node_id","exp_id","Time","year","month","date","hour","minute","seconds","id","Activity","MentalActivity","HeartRate","age","Gender","Handedness","mood","fresh","hunger","H_since_Sleep","H_since_Eat","responses","question_order","slider_start","response"
"null","<p>Welcome to this 1 min. survey on daily rhythms, body and mood.</p><p>You will be asked to report your heart-rate</p><p>and given some questions about yourself.</p><p>Take the test when prompted and/or at different times of the day/night.</p><p>Please make a personal ID (three letters+ two numbers, e.g. ept23).</p><p>Write it down and use this ID whenever taking the test.</p>","null","html-keyboard-response","0","10019","0.0-0.0","hlh9o4","Mon Sep 12 2022 08:11:47 GMT+0200 (Central European Summer Time)","2022","9","12","8","11","47","POP33","Chatting","Inner voice","66","25","female","right","62","33","68","2","1","","","",""
"5334.300000011921","","","survey-text","1","15394","0.0-1.0","hlh9o4","Mon Sep 12 2022 08:11:47 GMT+0200 (Central European Summer Time)","2022","9","12","8","11","47","POP33","Chatting","Inner voice","66","25","female","right","62","33","68","2","1","{""Q0"":""POP33""}","","",""
"11358.899999976158","","","survey-multi-choice","2","26768","0.0-2.0","hlh9o4","Mon Sep 12 2022 08:11:47 GMT+0200 (Central European Summer Time)","2022","9","12","8","11","47","POP33","Chatting","Inner voice","66","25","female","right","62","33","68","2","1","{""Activity"":""Chatting""}","[0]","",""
"5308.399999976158","","","survey-multi-choice","3","32084","0.0-3.0","hlh9o4","Mon Sep 12 2022 08:11:47 GMT+0200 (Central European Summer Time)","2022","9","12","8","11","47","POP33","Chatting","Inner voice","66","25","female","right","62","33","68","2","1","{""MentalActivity"":""Inner voice""}","[0]","",""
"3609.2000000476837","","","survey-multi-choice","4","35711","0.0-4.0","hlh9o4","Mon Sep 12 2022 08:11:47 GMT+0200 (Central European Summer Time)","2022","9","12","8","11","47","POP33","Chatting","Inner voice","66","25","female","right","62","33","68","2","1","{""HeartRate"":""66""}","[0]","",""
"3268.900000035763","","","survey-text","5","38991","0.0-5.0","hlh9o4","Mon Sep 12 2022 08:11:47 GMT+0200 (Central European Summer Time)","2022","9","12","8","11","47","POP33","Chatting","Inner voice","66","25","female","right","62","33","68","2","1","{""Q0"":""25""}","","",""
"3780","","","survey-multi-choice","6","42782","0.0-6.0","hlh9o4","Mon Sep 12 2022 08:11:47 GMT+0200 (Central European Summer Time)","2022","9","12","8","11","47","POP33","Chatting","Inner voice","66","25","female","right","62","33","68","2","1","{""Gender"":""female"",""Hand"":""right""}","[0,1]","",""
"5082.600000023842","<p>How Sad/Angry or Happy are you right now?</p>","","html-slider-response","7","47876","0.0-7.0","hlh9o4","Mon Sep 12 2022 08:11:47 GMT+0200 (Central European Summer Time)","2022","9","12","8","11","47","POP33","Chatting","Inner voice","66","25","female","right","62","33","68","2","1","","","50","62"
"2778.5","<p>How Tired/Sleepy/Distracted or Fresh/Awake/Alert are you right now?</p>","","html-slider-response","8","50659","0.0-8.0","hlh9o4","Mon Sep 12 2022 08:11:47 GMT+0200 (Central European Summer Time)","2022","9","12","8","11","47","POP33","Chatting","Inner voice","66","25","female","right","62","33","68","2","1","","","50","33"
"5540.5","<p>How Hungry or Satiated are you right now?</p>","","html-slider-response","9","56205","0.0-9.0","hlh9o4","Mon Sep 12 2022 08:11:47 GMT+0200 (Central European Summer Time)","2022","9","12","8","11","47","POP33","Chatting","Inner voice","66","25","female","right","62","33","68","2","1","","","50","68"
"17295.100000023842","","","survey-multi-choice","10","73513","0.0-10.0","hlh9o4","Mon Sep 12 2022 08:11:47 GMT+0200 (Central European Summer Time)","2022","9","12","8","11","47","POP33","Chatting","Inner voice","66","25","female","right","62","33","68","2","1","{""Sleep"":""2"",""Eat"":""1""}","[0,1]","",""
