"rt","stimulus","key_press","trial_type","trial_index","time_elapsed","internal_node_id","exp_id","Time","year","month","date","hour","minute","seconds","id","Activity","MentalActivity","HeartRate","age","Gender","Handedness","mood","fresh","hunger","H_since_Sleep","H_since_Eat","responses","question_order","slider_start","response"
"null","<p>Welcome to this 1 min. survey on daily rhythms, body and mood.</p><p>You will be asked to report your heart-rate</p><p>and given some questions about yourself.</p><p>Take the test when prompted and/or at different times of the day/night.</p><p>Please make a personal ID (three letters+ two numbers, e.g. ept23).</p><p>Write it down and use this ID whenever taking the test.</p>","null","html-keyboard-response","0","10008","0.0-0.0","azlg6t","Thu Oct 13 2022 14:06:13 GMT+0200 (CEST)","2022","10","13","14","6","13","qwe12","Working, Studying","Inner voice","66","49","male","right","57","91","44","7","1","","","",""
"6159.999999999998","","","survey-text","1","16186","0.0-1.0","azlg6t","Thu Oct 13 2022 14:06:13 GMT+0200 (CEST)","2022","10","13","14","6","13","qwe12","Working, Studying","Inner voice","66","49","male","right","57","91","44","7","1","{""Q0"":""qwe12""}","","",""
"5261","","","survey-multi-choice","2","21450","0.0-2.0","azlg6t","Thu Oct 13 2022 14:06:13 GMT+0200 (CEST)","2022","10","13","14","6","13","qwe12","Working, Studying","Inner voice","66","49","male","right","57","91","44","7","1","{""Activity"":""Working, Studying""}","[0]","",""
"4698.000000000004","","","survey-multi-choice","3","26151","0.0-3.0","azlg6t","Thu Oct 13 2022 14:06:13 GMT+0200 (CEST)","2022","10","13","14","6","13","qwe12","Working, Studying","Inner voice","66","49","male","right","57","91","44","7","1","{""MentalActivity"":""Inner voice""}","[0]","",""
"9497","","","survey-multi-choice","4","35656","0.0-4.0","azlg6t","Thu Oct 13 2022 14:06:13 GMT+0200 (CEST)","2022","10","13","14","6","13","qwe12","Working, Studying","Inner voice","66","49","male","right","57","91","44","7","1","{""HeartRate"":""66""}","[0]","",""
"4396.999999999993","","","survey-text","5","40061","0.0-5.0","azlg6t","Thu Oct 13 2022 14:06:13 GMT+0200 (CEST)","2022","10","13","14","6","13","qwe12","Working, Studying","Inner voice","66","49","male","right","57","91","44","7","1","{""Q0"":""49""}","","",""
"3465","","","survey-multi-choice","6","43530","0.0-6.0","azlg6t","Thu Oct 13 2022 14:06:13 GMT+0200 (CEST)","2022","10","13","14","6","13","qwe12","Working, Studying","Inner voice","66","49","male","right","57","91","44","7","1","{""Gender"":""male"",""Hand"":""right""}","[0,1]","",""
"4560","<p>How Sad/Angry or Happy are you right now?</p>","","html-slider-response","7","48096","0.0-7.0","azlg6t","Thu Oct 13 2022 14:06:13 GMT+0200 (CEST)","2022","10","13","14","6","13","qwe12","Working, Studying","Inner voice","66","49","male","right","57","91","44","7","1","","","50","57"
"5798","<p>How Tired/Sleepy/Distracted or Fresh/Awake/Alert are you right now?</p>","","html-slider-response","8","53896","0.0-8.0","azlg6t","Thu Oct 13 2022 14:06:13 GMT+0200 (CEST)","2022","10","13","14","6","13","qwe12","Working, Studying","Inner voice","66","49","male","right","57","91","44","7","1","","","50","91"
"10942.999999999993","<p>How Hungry or Satiated are you right now?</p>","","html-slider-response","9","64842","0.0-9.0","azlg6t","Thu Oct 13 2022 14:06:13 GMT+0200 (CEST)","2022","10","13","14","6","13","qwe12","Working, Studying","Inner voice","66","49","male","right","57","91","44","7","1","","","50","44"
"19612.999999999993","","","survey-multi-choice","10","84461","0.0-10.0","azlg6t","Thu Oct 13 2022 14:06:13 GMT+0200 (CEST)","2022","10","13","14","6","13","qwe12","Working, Studying","Inner voice","66","49","male","right","57","91","44","7","1","{""Sleep"":""7"",""Eat"":""1""}","[0,1]","",""
