"rt","stimulus","key_press","trial_type","trial_index","time_elapsed","internal_node_id","exp_id","Time","year","month","date","hour","minute","seconds","id","Activity","MentalActivity","HeartRate","age","Gender","Handedness","mood","fresh","hunger","H_since_Sleep","H_since_Eat","responses","question_order","slider_start","response"
"null","<p>Welcome to this 1 min. survey on daily rhythms, body and mood.</p><p>You will be asked to report your heart-rate</p><p>and given some questions about yourself.</p><p>Take the test when prompted and/or at different times of the day/night.</p><p>Please make a personal ID (three letters+ two numbers, e.g. ept23).</p><p>Write it down and use this ID whenever taking the test.</p>","null","html-keyboard-response","0","10005","0.0-0.0","lv0rd0","Sat Oct 29 2022 07:37:40 GMT+0200 (Centraleuropæisk sommertid)","2022","10","29","7","37","40","qwe12","Texting, Emailing, Social Networking","Sensory awareness","54","49","male","right","55","76","16","1","13","","","",""
"8125","","","survey-text","1","18141","0.0-1.0","lv0rd0","Sat Oct 29 2022 07:37:40 GMT+0200 (Centraleuropæisk sommertid)","2022","10","29","7","37","40","qwe12","Texting, Emailing, Social Networking","Sensory awareness","54","49","male","right","55","76","16","1","13","{""Q0"":""qwe12""}","","",""
"8733","","","survey-multi-choice","2","26878","0.0-2.0","lv0rd0","Sat Oct 29 2022 07:37:40 GMT+0200 (Centraleuropæisk sommertid)","2022","10","29","7","37","40","qwe12","Texting, Emailing, Social Networking","Sensory awareness","54","49","male","right","55","76","16","1","13","{""Activity"":""Texting, Emailing, Social Networking""}","[0]","",""
"4958","","","survey-multi-choice","3","31837","0.0-3.0","lv0rd0","Sat Oct 29 2022 07:37:40 GMT+0200 (Centraleuropæisk sommertid)","2022","10","29","7","37","40","qwe12","Texting, Emailing, Social Networking","Sensory awareness","54","49","male","right","55","76","16","1","13","{""MentalActivity"":""Sensory awareness""}","[0]","",""
"16057","","","survey-multi-choice","4","47902","0.0-4.0","lv0rd0","Sat Oct 29 2022 07:37:40 GMT+0200 (Centraleuropæisk sommertid)","2022","10","29","7","37","40","qwe12","Texting, Emailing, Social Networking","Sensory awareness","54","49","male","right","55","76","16","1","13","{""HeartRate"":""54""}","[0]","",""
"7407","","","survey-text","5","55318","0.0-5.0","lv0rd0","Sat Oct 29 2022 07:37:40 GMT+0200 (Centraleuropæisk sommertid)","2022","10","29","7","37","40","qwe12","Texting, Emailing, Social Networking","Sensory awareness","54","49","male","right","55","76","16","1","13","{""Q0"":""49""}","","",""
"4315","","","survey-multi-choice","6","59635","0.0-6.0","lv0rd0","Sat Oct 29 2022 07:37:40 GMT+0200 (Centraleuropæisk sommertid)","2022","10","29","7","37","40","qwe12","Texting, Emailing, Social Networking","Sensory awareness","54","49","male","right","55","76","16","1","13","{""Gender"":""male"",""Hand"":""right""}","[0,1]","",""
"5739","<p>How Sad/Angry or Happy are you right now?</p>","","html-slider-response","7","65378","0.0-7.0","lv0rd0","Sat Oct 29 2022 07:37:40 GMT+0200 (Centraleuropæisk sommertid)","2022","10","29","7","37","40","qwe12","Texting, Emailing, Social Networking","Sensory awareness","54","49","male","right","55","76","16","1","13","","","50","55"
"8295","<p>How Tired/Sleepy/Distracted or Fresh/Awake/Alert are you right now?</p>","","html-slider-response","8","73676","0.0-8.0","lv0rd0","Sat Oct 29 2022 07:37:40 GMT+0200 (Centraleuropæisk sommertid)","2022","10","29","7","37","40","qwe12","Texting, Emailing, Social Networking","Sensory awareness","54","49","male","right","55","76","16","1","13","","","50","76"
"4913","<p>How Hungry or Satiated are you right now?</p>","","html-slider-response","9","78591","0.0-9.0","lv0rd0","Sat Oct 29 2022 07:37:40 GMT+0200 (Centraleuropæisk sommertid)","2022","10","29","7","37","40","qwe12","Texting, Emailing, Social Networking","Sensory awareness","54","49","male","right","55","76","16","1","13","","","50","16"
"43368","","","survey-multi-choice","10","121963","0.0-10.0","lv0rd0","Sat Oct 29 2022 07:37:40 GMT+0200 (Centraleuropæisk sommertid)","2022","10","29","7","37","40","qwe12","Texting, Emailing, Social Networking","Sensory awareness","54","49","male","right","55","76","16","1","13","{""Sleep"":""1"",""Eat"":""13""}","[0,1]","",""
