"rt","stimulus","key_press","trial_type","trial_index","time_elapsed","internal_node_id","exp_id","Time","year","month","date","hour","minute","seconds","id","Activity","MentalActivity","HeartRate","age","Gender","Handedness","mood","fresh","hunger","H_since_Sleep","H_since_Eat","responses","question_order","slider_start","response"
"null","<p>Welcome to this 1 min. survey on daily rhythms, body and mood.</p><p>You will be asked to report your heart-rate</p><p>and given some questions about yourself.</p><p>Take the test when prompted and/or at different times of the day/night.</p><p>Please make a personal ID (three letters+ two numbers, e.g. ept23).</p><p>Write it down and use this ID whenever taking the test.</p>","null","html-keyboard-response","0","10005","0.0-0.0","xpqy5p","Mon Sep 19 2022 20:13:40 GMT+0200 (CEST)","2022","9","19","20","13","40","pid10","Doing sport","Sensory awareness","160","23","female","right","64","36","64","1","13","","","",""
"9183","","","survey-text","1","19197","0.0-1.0","xpqy5p","Mon Sep 19 2022 20:13:40 GMT+0200 (CEST)","2022","9","19","20","13","40","pid10","Doing sport","Sensory awareness","160","23","female","right","64","36","64","1","13","{""Q0"":""pid10""}","","",""
"5309","","","survey-multi-choice","2","24509","0.0-2.0","xpqy5p","Mon Sep 19 2022 20:13:40 GMT+0200 (CEST)","2022","9","19","20","13","40","pid10","Doing sport","Sensory awareness","160","23","female","right","64","36","64","1","13","{""Activity"":""Doing sport""}","[0]","",""
"9341","","","survey-multi-choice","3","33854","0.0-3.0","xpqy5p","Mon Sep 19 2022 20:13:40 GMT+0200 (CEST)","2022","9","19","20","13","40","pid10","Doing sport","Sensory awareness","160","23","female","right","64","36","64","1","13","{""MentalActivity"":""Sensory awareness""}","[0]","",""
"14466","","","survey-multi-choice","4","48326","0.0-4.0","xpqy5p","Mon Sep 19 2022 20:13:40 GMT+0200 (CEST)","2022","9","19","20","13","40","pid10","Doing sport","Sensory awareness","160","23","female","right","64","36","64","1","13","{""HeartRate"":""160""}","[0]","",""
"5640.999999999993","","","survey-text","5","53976","0.0-5.0","xpqy5p","Mon Sep 19 2022 20:13:40 GMT+0200 (CEST)","2022","9","19","20","13","40","pid10","Doing sport","Sensory awareness","160","23","female","right","64","36","64","1","13","{""Q0"":""23""}","","",""
"4898","","","survey-multi-choice","6","58876","0.0-6.0","xpqy5p","Mon Sep 19 2022 20:13:40 GMT+0200 (CEST)","2022","9","19","20","13","40","pid10","Doing sport","Sensory awareness","160","23","female","right","64","36","64","1","13","{""Gender"":""female"",""Hand"":""right""}","[0,1]","",""
"4697","<p>How Sad/Angry or Happy are you right now?</p>","","html-slider-response","7","63580","0.0-7.0","xpqy5p","Mon Sep 19 2022 20:13:40 GMT+0200 (CEST)","2022","9","19","20","13","40","pid10","Doing sport","Sensory awareness","160","23","female","right","64","36","64","1","13","","","50","64"
"14087.999999999993","<p>How Tired/Sleepy/Distracted or Fresh/Awake/Alert are you right now?</p>","","html-slider-response","8","77671","0.0-8.0","xpqy5p","Mon Sep 19 2022 20:13:40 GMT+0200 (CEST)","2022","9","19","20","13","40","pid10","Doing sport","Sensory awareness","160","23","female","right","64","36","64","1","13","","","50","36"
"4515","<p>How Hungry or Satiated are you right now?</p>","","html-slider-response","9","82189","0.0-9.0","xpqy5p","Mon Sep 19 2022 20:13:40 GMT+0200 (CEST)","2022","9","19","20","13","40","pid10","Doing sport","Sensory awareness","160","23","female","right","64","36","64","1","13","","","50","64"
"12879.999999999985","","","survey-multi-choice","10","95074","0.0-10.0","xpqy5p","Mon Sep 19 2022 20:13:40 GMT+0200 (CEST)","2022","9","19","20","13","40","pid10","Doing sport","Sensory awareness","160","23","female","right","64","36","64","1","13","{""Sleep"":""1"",""Eat"":""13""}","[0,1]","",""
