"rt","stimulus","key_press","trial_type","trial_index","time_elapsed","internal_node_id","exp_id","Time","year","month","date","hour","minute","seconds","id","Activity","MentalActivity","HeartRate","age","Gender","Handedness","mood","fresh","hunger","H_since_Sleep","H_since_Eat","responses","question_order","slider_start","response"
"null","<p>Welcome to this 1 min. survey on daily rhythms, body and mood.</p><p>You will be asked to report your heart-rate</p><p>and given some questions about yourself.</p><p>Take the test when prompted and/or at different times of the day/night.</p><p>Please make a personal ID (three letters+ two numbers, e.g. ept23).</p><p>Write it down and use this ID whenever taking the test.</p>","null","html-keyboard-response","0","10005","0.0-0.0","ej36df","Mon Sep 19 2022 23:09:43 GMT+0200 (CEST)","2022","9","19","23","9","43","qwe12","Sleeping, Resting","Inner voice","64","49","male","right","85","14","59","17","3","","","",""
"9705","","","survey-text","1","19731","0.0-1.0","ej36df","Mon Sep 19 2022 23:09:43 GMT+0200 (CEST)","2022","9","19","23","9","43","qwe12","Sleeping, Resting","Inner voice","64","49","male","right","85","14","59","17","3","{""Q0"":""qwe12""}","","",""
"12289","","","survey-multi-choice","2","32023","0.0-2.0","ej36df","Mon Sep 19 2022 23:09:43 GMT+0200 (CEST)","2022","9","19","23","9","43","qwe12","Sleeping, Resting","Inner voice","64","49","male","right","85","14","59","17","3","{""Activity"":""Sleeping, Resting""}","[0]","",""
"5458.999999999996","","","survey-multi-choice","3","37484","0.0-3.0","ej36df","Mon Sep 19 2022 23:09:43 GMT+0200 (CEST)","2022","9","19","23","9","43","qwe12","Sleeping, Resting","Inner voice","64","49","male","right","85","14","59","17","3","{""MentalActivity"":""Inner voice""}","[0]","",""
"25267","","","survey-multi-choice","4","62757","0.0-4.0","ej36df","Mon Sep 19 2022 23:09:43 GMT+0200 (CEST)","2022","9","19","23","9","43","qwe12","Sleeping, Resting","Inner voice","64","49","male","right","85","14","59","17","3","{""HeartRate"":""64""}","[0]","",""
"6445","","","survey-text","5","69212","0.0-5.0","ej36df","Mon Sep 19 2022 23:09:43 GMT+0200 (CEST)","2022","9","19","23","9","43","qwe12","Sleeping, Resting","Inner voice","64","49","male","right","85","14","59","17","3","{""Q0"":""49""}","","",""
"3583","","","survey-multi-choice","6","72797","0.0-6.0","ej36df","Mon Sep 19 2022 23:09:43 GMT+0200 (CEST)","2022","9","19","23","9","43","qwe12","Sleeping, Resting","Inner voice","64","49","male","right","85","14","59","17","3","{""Gender"":""male"",""Hand"":""right""}","[0,1]","",""
"9175","<p>How Sad/Angry or Happy are you right now?</p>","","html-slider-response","7","81978","0.0-7.0","ej36df","Mon Sep 19 2022 23:09:43 GMT+0200 (CEST)","2022","9","19","23","9","43","qwe12","Sleeping, Resting","Inner voice","64","49","male","right","85","14","59","17","3","","","50","85"
"5080","<p>How Tired/Sleepy/Distracted or Fresh/Awake/Alert are you right now?</p>","","html-slider-response","8","87059","0.0-8.0","ej36df","Mon Sep 19 2022 23:09:43 GMT+0200 (CEST)","2022","9","19","23","9","43","qwe12","Sleeping, Resting","Inner voice","64","49","male","right","85","14","59","17","3","","","50","14"
"5516","<p>How Hungry or Satiated are you right now?</p>","","html-slider-response","9","92578","0.0-9.0","ej36df","Mon Sep 19 2022 23:09:43 GMT+0200 (CEST)","2022","9","19","23","9","43","qwe12","Sleeping, Resting","Inner voice","64","49","male","right","85","14","59","17","3","","","50","59"
"35266","","","survey-multi-choice","10","127847","0.0-10.0","ej36df","Mon Sep 19 2022 23:09:43 GMT+0200 (CEST)","2022","9","19","23","9","43","qwe12","Sleeping, Resting","Inner voice","64","49","male","right","85","14","59","17","3","{""Sleep"":""17"",""Eat"":""3""}","[0,1]","",""
