"rt","stimulus","key_press","trial_type","trial_index","time_elapsed","internal_node_id","exp_id","Time","year","month","date","hour","minute","seconds","id","Activity","MentalActivity","HeartRate","age","Gender","Handedness","mood","fresh","hunger","H_since_Sleep","H_since_Eat","responses","question_order","slider_start","response"
"null","<p>Welcome to this 1 min. survey on daily rhythms, body and mood.</p><p>You will be asked to report your heart-rate</p><p>and given some questions about yourself.</p><p>Take the test when prompted and/or at different times of the day/night.</p><p>Please make a personal ID (three letters+ two numbers, e.g. ept23).</p><p>Write it down and use this ID whenever taking the test.</p>","null","html-keyboard-response","0","10007","0.0-0.0","afjt7y","Wed Nov 02 2022 22:21:03 GMT+0100 (Centraleuropæisk normaltid)","2022","11","2","22","21","3","qwe12","Being on the Internet","Inner voice","54","49","male","right","70","13","50","15","3","","","",""
"7577","","","survey-text","1","17596","0.0-1.0","afjt7y","Wed Nov 02 2022 22:21:03 GMT+0100 (Centraleuropæisk normaltid)","2022","11","2","22","21","3","qwe12","Being on the Internet","Inner voice","54","49","male","right","70","13","50","15","3","{""Q0"":""qwe12""}","","",""
"14234","","","survey-multi-choice","2","31835","0.0-2.0","afjt7y","Wed Nov 02 2022 22:21:03 GMT+0100 (Centraleuropæisk normaltid)","2022","11","2","22","21","3","qwe12","Being on the Internet","Inner voice","54","49","male","right","70","13","50","15","3","{""Activity"":""Being on the Internet""}","[0]","",""
"4257.000000000007","","","survey-multi-choice","3","36094","0.0-3.0","afjt7y","Wed Nov 02 2022 22:21:03 GMT+0100 (Centraleuropæisk normaltid)","2022","11","2","22","21","3","qwe12","Being on the Internet","Inner voice","54","49","male","right","70","13","50","15","3","{""MentalActivity"":""Inner voice""}","[0]","",""
"7558.999999999993","","","survey-multi-choice","4","43660","0.0-4.0","afjt7y","Wed Nov 02 2022 22:21:03 GMT+0100 (Centraleuropæisk normaltid)","2022","11","2","22","21","3","qwe12","Being on the Internet","Inner voice","54","49","male","right","70","13","50","15","3","{""HeartRate"":""54""}","[0]","",""
"5425.000000000007","","","survey-text","5","49094","0.0-5.0","afjt7y","Wed Nov 02 2022 22:21:03 GMT+0100 (Centraleuropæisk normaltid)","2022","11","2","22","21","3","qwe12","Being on the Internet","Inner voice","54","49","male","right","70","13","50","15","3","{""Q0"":""49""}","","",""
"3566","","","survey-multi-choice","6","52662","0.0-6.0","afjt7y","Wed Nov 02 2022 22:21:03 GMT+0100 (Centraleuropæisk normaltid)","2022","11","2","22","21","3","qwe12","Being on the Internet","Inner voice","54","49","male","right","70","13","50","15","3","{""Gender"":""male"",""Hand"":""right""}","[0,1]","",""
"4990.000000000007","<p>How Sad/Angry or Happy are you right now?</p>","","html-slider-response","7","57656","0.0-7.0","afjt7y","Wed Nov 02 2022 22:21:03 GMT+0100 (Centraleuropæisk normaltid)","2022","11","2","22","21","3","qwe12","Being on the Internet","Inner voice","54","49","male","right","70","13","50","15","3","","","50","70"
"10413.000000000007","<p>How Tired/Sleepy/Distracted or Fresh/Awake/Alert are you right now?</p>","","html-slider-response","8","68071","0.0-8.0","afjt7y","Wed Nov 02 2022 22:21:03 GMT+0100 (Centraleuropæisk normaltid)","2022","11","2","22","21","3","qwe12","Being on the Internet","Inner voice","54","49","male","right","70","13","50","15","3","","","50","13"
"7847","<p>How Hungry or Satiated are you right now?</p>","","html-slider-response","9","75921","0.0-9.0","afjt7y","Wed Nov 02 2022 22:21:03 GMT+0100 (Centraleuropæisk normaltid)","2022","11","2","22","21","3","qwe12","Being on the Internet","Inner voice","54","49","male","right","70","13","50","15","3","","","50","50"
"28619","","","survey-multi-choice","10","104544","0.0-10.0","afjt7y","Wed Nov 02 2022 22:21:03 GMT+0100 (Centraleuropæisk normaltid)","2022","11","2","22","21","3","qwe12","Being on the Internet","Inner voice","54","49","male","right","70","13","50","15","3","{""Sleep"":""15"",""Eat"":""3""}","[0,1]","",""
