"rt","stimulus","key_press","trial_type","trial_index","time_elapsed","internal_node_id","exp_id","Time","year","month","date","hour","minute","seconds","id","Activity","MentalActivity","HeartRate","age","Gender","Handedness","mood","fresh","hunger","H_since_Sleep","H_since_Eat","responses","question_order","slider_start","response"
"null","<p>Welcome to this 1 min. survey on daily rhythms, body and mood.</p><p>You will be asked to report your heart-rate</p><p>and given some questions about yourself.</p><p>Take the test when prompted and/or at different times of the day/night.</p><p>Please make a personal ID (three letters+ two numbers, e.g. ept23).</p><p>Write it down and use this ID whenever taking the test.</p>","null","html-keyboard-response","0","10004","0.0-0.0","bfrk9u","Sat Nov 12 2022 21:00:46 GMT+0100 (Centraleuropæisk normaltid)","2022","11","12","21","0","46","qwe12","Watching TV","Sensory awareness","59","49","male","right","89","70","80","14","1","","","",""
"21931","","","survey-text","1","31951","0.0-1.0","bfrk9u","Sat Nov 12 2022 21:00:46 GMT+0100 (Centraleuropæisk normaltid)","2022","11","12","21","0","46","qwe12","Watching TV","Sensory awareness","59","49","male","right","89","70","80","14","1","{""Q0"":""qwe12""}","","",""
"15073.999999999996","","","survey-multi-choice","2","47030","0.0-2.0","bfrk9u","Sat Nov 12 2022 21:00:46 GMT+0100 (Centraleuropæisk normaltid)","2022","11","12","21","0","46","qwe12","Watching TV","Sensory awareness","59","49","male","right","89","70","80","14","1","{""Activity"":""Watching TV""}","[0]","",""
"5928.000000000007","","","survey-multi-choice","3","52960","0.0-3.0","bfrk9u","Sat Nov 12 2022 21:00:46 GMT+0100 (Centraleuropæisk normaltid)","2022","11","12","21","0","46","qwe12","Watching TV","Sensory awareness","59","49","male","right","89","70","80","14","1","{""MentalActivity"":""Sensory awareness""}","[0]","",""
"24723.999999999993","","","survey-multi-choice","4","77691","0.0-4.0","bfrk9u","Sat Nov 12 2022 21:00:46 GMT+0100 (Centraleuropæisk normaltid)","2022","11","12","21","0","46","qwe12","Watching TV","Sensory awareness","59","49","male","right","89","70","80","14","1","{""HeartRate"":""59""}","[0]","",""
"23687","","","survey-text","5","101387","0.0-5.0","bfrk9u","Sat Nov 12 2022 21:00:46 GMT+0100 (Centraleuropæisk normaltid)","2022","11","12","21","0","46","qwe12","Watching TV","Sensory awareness","59","49","male","right","89","70","80","14","1","{""Q0"":""49""}","","",""
"36116","","","survey-multi-choice","6","137505","0.0-6.0","bfrk9u","Sat Nov 12 2022 21:00:46 GMT+0100 (Centraleuropæisk normaltid)","2022","11","12","21","0","46","qwe12","Watching TV","Sensory awareness","59","49","male","right","89","70","80","14","1","{""Gender"":""male"",""Hand"":""right""}","[0,1]","",""
"5458","<p>How Sad/Angry or Happy are you right now?</p>","","html-slider-response","7","142968","0.0-7.0","bfrk9u","Sat Nov 12 2022 21:00:46 GMT+0100 (Centraleuropæisk normaltid)","2022","11","12","21","0","46","qwe12","Watching TV","Sensory awareness","59","49","male","right","89","70","80","14","1","","","50","89"
"4165","<p>How Tired/Sleepy/Distracted or Fresh/Awake/Alert are you right now?</p>","","html-slider-response","8","147137","0.0-8.0","bfrk9u","Sat Nov 12 2022 21:00:46 GMT+0100 (Centraleuropæisk normaltid)","2022","11","12","21","0","46","qwe12","Watching TV","Sensory awareness","59","49","male","right","89","70","80","14","1","","","50","70"
"5100","<p>How Hungry or Satiated are you right now?</p>","","html-slider-response","9","152239","0.0-9.0","bfrk9u","Sat Nov 12 2022 21:00:46 GMT+0100 (Centraleuropæisk normaltid)","2022","11","12","21","0","46","qwe12","Watching TV","Sensory awareness","59","49","male","right","89","70","80","14","1","","","50","80"
"26188","","","survey-multi-choice","10","178431","0.0-10.0","bfrk9u","Sat Nov 12 2022 21:00:46 GMT+0100 (Centraleuropæisk normaltid)","2022","11","12","21","0","46","qwe12","Watching TV","Sensory awareness","59","49","male","right","89","70","80","14","1","{""Sleep"":""14"",""Eat"":""1""}","[0,1]","",""
