"rt","stimulus","key_press","trial_type","trial_index","time_elapsed","internal_node_id","exp_id","Time","year","month","date","hour","minute","seconds","id","Activity","MentalActivity","HeartRate","age","Gender","Handedness","mood","fresh","hunger","H_since_Sleep","H_since_Eat","responses","question_order","slider_start","response"
"null","<p>Welcome to this 1 min. survey on daily rhythms, body and mood.</p><p>You will be asked to report your heart-rate</p><p>and given some questions about yourself.</p><p>Take the test when prompted and/or at different times of the day/night.</p><p>Please make a personal ID (three letters+ two numbers, e.g. ept23).</p><p>Write it down and use this ID whenever taking the test.</p>","null","html-keyboard-response","0","10022","0.0-0.0","3a15pr","Sun Sep 11 2022 12:36:18 GMT+0200 (Centraleuropæisk sommertid)","2022","9","11","12","36","18","Cic22","Listening to music","Sensory awareness","78","22","female","right","90","90","72","3","1","","","",""
"13295.70000000298","","","survey-text","1","23352","0.0-1.0","3a15pr","Sun Sep 11 2022 12:36:18 GMT+0200 (Centraleuropæisk sommertid)","2022","9","11","12","36","18","Cic22","Listening to music","Sensory awareness","78","22","female","right","90","90","72","3","1","{""Q0"":""Cic22""}","","",""
"7961.20000000298","","","survey-multi-choice","2","31330","0.0-2.0","3a15pr","Sun Sep 11 2022 12:36:18 GMT+0200 (Centraleuropæisk sommertid)","2022","9","11","12","36","18","Cic22","Listening to music","Sensory awareness","78","22","female","right","90","90","72","3","1","{""Activity"":""Listening to music""}","[0]","",""
"15287.29999999702","","","survey-multi-choice","3","46628","0.0-3.0","3a15pr","Sun Sep 11 2022 12:36:18 GMT+0200 (Centraleuropæisk sommertid)","2022","9","11","12","36","18","Cic22","Listening to music","Sensory awareness","78","22","female","right","90","90","72","3","1","{""MentalActivity"":""Sensory awareness""}","[0]","",""
"7878.79999999702","","","survey-multi-choice","4","54542","0.0-4.0","3a15pr","Sun Sep 11 2022 12:36:18 GMT+0200 (Centraleuropæisk sommertid)","2022","9","11","12","36","18","Cic22","Listening to music","Sensory awareness","78","22","female","right","90","90","72","3","1","{""HeartRate"":""78""}","[0]","",""
"3836.2000000029802","","","survey-text","5","58393","0.0-5.0","3a15pr","Sun Sep 11 2022 12:36:18 GMT+0200 (Centraleuropæisk sommertid)","2022","9","11","12","36","18","Cic22","Listening to music","Sensory awareness","78","22","female","right","90","90","72","3","1","{""Q0"":""22""}","","",""
"5224.100000008941","","","survey-multi-choice","6","63627","0.0-6.0","3a15pr","Sun Sep 11 2022 12:36:18 GMT+0200 (Centraleuropæisk sommertid)","2022","9","11","12","36","18","Cic22","Listening to music","Sensory awareness","78","22","female","right","90","90","72","3","1","{""Gender"":""female"",""Hand"":""right""}","[0,1]","",""
"12242.90000000596","<p>How Sad/Angry or Happy are you right now?</p>","","html-slider-response","7","75879","0.0-7.0","3a15pr","Sun Sep 11 2022 12:36:18 GMT+0200 (Centraleuropæisk sommertid)","2022","9","11","12","36","18","Cic22","Listening to music","Sensory awareness","78","22","female","right","90","90","72","3","1","","","50","90"
"11335.79999999702","<p>How Tired/Sleepy/Distracted or Fresh/Awake/Alert are you right now?</p>","","html-slider-response","8","87223","0.0-8.0","3a15pr","Sun Sep 11 2022 12:36:18 GMT+0200 (Centraleuropæisk sommertid)","2022","9","11","12","36","18","Cic22","Listening to music","Sensory awareness","78","22","female","right","90","90","72","3","1","","","50","90"
"6521.9000000059605","<p>How Hungry or Satiated are you right now?</p>","","html-slider-response","9","93752","0.0-9.0","3a15pr","Sun Sep 11 2022 12:36:18 GMT+0200 (Centraleuropæisk sommertid)","2022","9","11","12","36","18","Cic22","Listening to music","Sensory awareness","78","22","female","right","90","90","72","3","1","","","50","72"
"22022.90000000596","","","survey-multi-choice","10","115793","0.0-10.0","3a15pr","Sun Sep 11 2022 12:36:18 GMT+0200 (Centraleuropæisk sommertid)","2022","9","11","12","36","18","Cic22","Listening to music","Sensory awareness","78","22","female","right","90","90","72","3","1","{""Sleep"":""3"",""Eat"":""1""}","[0,1]","",""
