"rt","stimulus","key_press","trial_type","trial_index","time_elapsed","internal_node_id","exp_id","Time","year","month","date","hour","minute","seconds","id","HeartRate","age","Gender","Handedness","mood","fresh","hunger","H_since_Sleep","H_since_Eat","Activity","MentalActivity","responses","question_order","slider_start","response"
"null","<p>Welcome to this 1 min. survey on daily rhythms, body and mood.</p><p>You will be asked to report your heart-rate</p><p>and given some questions about yourself.</p><p>Take the test when prompted and/or at different times of the day/night.</p><p>Please make a personal ID (three letters+ two numbers, e.g. ept23).</p><p>Write it down and use this ID whenever taking the test.</p>","null","html-keyboard-response","0","10020","0.0-0.0","d1a5vo","Thu Sep 08 2022 21:29:26 GMT+0200 (CEST)","2022","9","8","21","29","26","www123","51","25","male","right","52","31","64","15","2","Texting, Emailing, Social Networking","Inner voice","","","",""
"28800","","","survey-text","1","38844","0.0-1.0","d1a5vo","Thu Sep 08 2022 21:29:26 GMT+0200 (CEST)","2022","9","8","21","29","26","www123","51","25","male","right","52","31","64","15","2","Texting, Emailing, Social Networking","Inner voice","{""Q0"":""www123""}","","",""
"86391","","","survey-multi-choice","2","125249","0.0-2.0","d1a5vo","Thu Sep 08 2022 21:29:26 GMT+0200 (CEST)","2022","9","8","21","29","26","www123","51","25","male","right","52","31","64","15","2","Texting, Emailing, Social Networking","Inner voice","{""HeartRate"":""51""}","[0]","",""
"4794.000000000015","","","survey-text","3","130058","0.0-3.0","d1a5vo","Thu Sep 08 2022 21:29:26 GMT+0200 (CEST)","2022","9","8","21","29","26","www123","51","25","male","right","52","31","64","15","2","Texting, Emailing, Social Networking","Inner voice","{""Q0"":""25""}","","",""
"5129.999999999985","","","survey-multi-choice","4","135192","0.0-4.0","d1a5vo","Thu Sep 08 2022 21:29:26 GMT+0200 (CEST)","2022","9","8","21","29","26","www123","51","25","male","right","52","31","64","15","2","Texting, Emailing, Social Networking","Inner voice","{""Gender"":""male"",""Hand"":""right""}","[0,1]","",""
"3386","<p>How Sad/Angry or Happy are you right now?</p>","","html-slider-response","5","138587","0.0-5.0","d1a5vo","Thu Sep 08 2022 21:29:26 GMT+0200 (CEST)","2022","9","8","21","29","26","www123","51","25","male","right","52","31","64","15","2","Texting, Emailing, Social Networking","Inner voice","","","50","52"
"5462","<p>How Tired/Sleepy/Distracted or Fresh/Awake/Alert are you right now?</p>","","html-slider-response","6","144054","0.0-6.0","d1a5vo","Thu Sep 08 2022 21:29:26 GMT+0200 (CEST)","2022","9","8","21","29","26","www123","51","25","male","right","52","31","64","15","2","Texting, Emailing, Social Networking","Inner voice","","","50","31"
"3891","<p>How Hungry or Satiated are you right now?</p>","","html-slider-response","7","147949","0.0-7.0","d1a5vo","Thu Sep 08 2022 21:29:26 GMT+0200 (CEST)","2022","9","8","21","29","26","www123","51","25","male","right","52","31","64","15","2","Texting, Emailing, Social Networking","Inner voice","","","50","64"
"19328.00000000003","","","survey-multi-choice","8","167291","0.0-8.0","d1a5vo","Thu Sep 08 2022 21:29:26 GMT+0200 (CEST)","2022","9","8","21","29","26","www123","51","25","male","right","52","31","64","15","2","Texting, Emailing, Social Networking","Inner voice","{""Sleep"":""15"",""Eat"":""2""}","[0,1]","",""
"19507","","","survey-multi-choice","9","186804","0.0-9.0","d1a5vo","Thu Sep 08 2022 21:29:26 GMT+0200 (CEST)","2022","9","8","21","29","26","www123","51","25","male","right","52","31","64","15","2","Texting, Emailing, Social Networking","Inner voice","{""Activity"":""Texting, Emailing, Social Networking""}","[0]","",""
"8440.99999999997","","","survey-multi-choice","10","195266","0.0-10.0","d1a5vo","Thu Sep 08 2022 21:29:26 GMT+0200 (CEST)","2022","9","8","21","29","26","www123","51","25","male","right","52","31","64","15","2","Texting, Emailing, Social Networking","Inner voice","{""MentalActivity"":""Inner voice""}","[0]","",""
