"rt","stimulus","key_press","trial_type","trial_index","time_elapsed","internal_node_id","exp_id","Time","year","month","date","hour","minute","seconds","id","Activity","MentalActivity","HeartRate","age","Gender","Handedness","mood","fresh","hunger","H_since_Sleep","H_since_Eat","responses","question_order","slider_start","response"
"null","<p>Welcome to this 1 min. survey on daily rhythms, body and mood.</p><p>You will be asked to report your heart-rate</p><p>and given some questions about yourself.</p><p>Take the test when prompted and/or at different times of the day/night.</p><p>Please make a personal ID (three letters+ two numbers, e.g. ept23).</p><p>Write it down and use this ID whenever taking the test.</p>","null","html-keyboard-response","0","10144","0.0-0.0","g67hu4","Mon Nov 14 2022 07:20:13 GMT+0100 (CET)","2022","11","14","7","20","13","yfg54","Showering, Getting Ready","Inner voice","81","23","female","right","71","35","18","0","11","","","",""
"5401","","","survey-text","1","15580","0.0-1.0","g67hu4","Mon Nov 14 2022 07:20:13 GMT+0100 (CET)","2022","11","14","7","20","13","yfg54","Showering, Getting Ready","Inner voice","81","23","female","right","71","35","18","0","11","{""Q0"":""yfg54""}","","",""
"4946","","","survey-multi-choice","2","20533","0.0-2.0","g67hu4","Mon Nov 14 2022 07:20:13 GMT+0100 (CET)","2022","11","14","7","20","13","yfg54","Showering, Getting Ready","Inner voice","81","23","female","right","71","35","18","0","11","{""Activity"":""Showering, Getting Ready""}","[0]","",""
"4058","","","survey-multi-choice","3","24595","0.0-3.0","g67hu4","Mon Nov 14 2022 07:20:13 GMT+0100 (CET)","2022","11","14","7","20","13","yfg54","Showering, Getting Ready","Inner voice","81","23","female","right","71","35","18","0","11","{""MentalActivity"":""Inner voice""}","[0]","",""
"9438","","","survey-multi-choice","4","34043","0.0-4.0","g67hu4","Mon Nov 14 2022 07:20:13 GMT+0100 (CET)","2022","11","14","7","20","13","yfg54","Showering, Getting Ready","Inner voice","81","23","female","right","71","35","18","0","11","{""HeartRate"":""81""}","[0]","",""
"2782.0000000000073","","","survey-text","5","36832","0.0-5.0","g67hu4","Mon Nov 14 2022 07:20:13 GMT+0100 (CET)","2022","11","14","7","20","13","yfg54","Showering, Getting Ready","Inner voice","81","23","female","right","71","35","18","0","11","{""Q0"":""23""}","","",""
"3225","","","survey-multi-choice","6","40058","0.0-6.0","g67hu4","Mon Nov 14 2022 07:20:13 GMT+0100 (CET)","2022","11","14","7","20","13","yfg54","Showering, Getting Ready","Inner voice","81","23","female","right","71","35","18","0","11","{""Gender"":""female"",""Hand"":""right""}","[0,1]","",""
"7533.000000000007","<p>How Sad/Angry or Happy are you right now?</p>","","html-slider-response","7","47594","0.0-7.0","g67hu4","Mon Nov 14 2022 07:20:13 GMT+0100 (CET)","2022","11","14","7","20","13","yfg54","Showering, Getting Ready","Inner voice","81","23","female","right","71","35","18","0","11","","","50","71"
"4699","<p>How Tired/Sleepy/Distracted or Fresh/Awake/Alert are you right now?</p>","","html-slider-response","8","52297","0.0-8.0","g67hu4","Mon Nov 14 2022 07:20:13 GMT+0100 (CET)","2022","11","14","7","20","13","yfg54","Showering, Getting Ready","Inner voice","81","23","female","right","71","35","18","0","11","","","50","35"
"11738.000000000007","<p>How Hungry or Satiated are you right now?</p>","","html-slider-response","9","64039","0.0-9.0","g67hu4","Mon Nov 14 2022 07:20:13 GMT+0100 (CET)","2022","11","14","7","20","13","yfg54","Showering, Getting Ready","Inner voice","81","23","female","right","71","35","18","0","11","","","50","18"
"19135.000000000007","","","survey-multi-choice","10","83182","0.0-10.0","g67hu4","Mon Nov 14 2022 07:20:13 GMT+0100 (CET)","2022","11","14","7","20","13","yfg54","Showering, Getting Ready","Inner voice","81","23","female","right","71","35","18","0","11","{""Sleep"":""0"",""Eat"":""11""}","[0,1]","",""
