"rt","stimulus","key_press","trial_type","trial_index","time_elapsed","internal_node_id","exp_id","Time","year","month","date","hour","minute","seconds","id","Activity","MentalActivity","HeartRate","age","Gender","Handedness","mood","fresh","hunger","H_since_Sleep","H_since_Eat","responses","question_order","slider_start","response"
"null","<p>Welcome to this 1 min. survey on daily rhythms, body and mood.</p><p>You will be asked to report your heart-rate</p><p>and given some questions about yourself.</p><p>Take the test when prompted and/or at different times of the day/night.</p><p>Please make a personal ID (three letters+ two numbers, e.g. ept23).</p><p>Write it down and use this ID whenever taking the test.</p>","null","html-keyboard-response","0","10010","0.0-0.0","2dp0cs","Sat Nov 19 2022 13:51:22 GMT+0100 (Centraleuropæisk normaltid)","2022","11","19","13","51","22","qwe12","Working, Studying","Inner voice","71","49","male","right","66","71","54","7","2","","","",""
"10451","","","survey-text","1","20476","0.0-1.0","2dp0cs","Sat Nov 19 2022 13:51:22 GMT+0100 (Centraleuropæisk normaltid)","2022","11","19","13","51","22","qwe12","Working, Studying","Inner voice","71","49","male","right","66","71","54","7","2","{""Q0"":""qwe12""}","","",""
"7399","","","survey-multi-choice","2","27880","0.0-2.0","2dp0cs","Sat Nov 19 2022 13:51:22 GMT+0100 (Centraleuropæisk normaltid)","2022","11","19","13","51","22","qwe12","Working, Studying","Inner voice","71","49","male","right","66","71","54","7","2","{""Activity"":""Working, Studying""}","[0]","",""
"3858","","","survey-multi-choice","3","31741","0.0-3.0","2dp0cs","Sat Nov 19 2022 13:51:22 GMT+0100 (Centraleuropæisk normaltid)","2022","11","19","13","51","22","qwe12","Working, Studying","Inner voice","71","49","male","right","66","71","54","7","2","{""MentalActivity"":""Inner voice""}","[0]","",""
"5646","","","survey-multi-choice","4","37394","0.0-4.0","2dp0cs","Sat Nov 19 2022 13:51:22 GMT+0100 (Centraleuropæisk normaltid)","2022","11","19","13","51","22","qwe12","Working, Studying","Inner voice","71","49","male","right","66","71","54","7","2","{""HeartRate"":""71""}","[0]","",""
"3776","","","survey-text","5","41179","0.0-5.0","2dp0cs","Sat Nov 19 2022 13:51:22 GMT+0100 (Centraleuropæisk normaltid)","2022","11","19","13","51","22","qwe12","Working, Studying","Inner voice","71","49","male","right","66","71","54","7","2","{""Q0"":""49""}","","",""
"3519","","","survey-multi-choice","6","44700","0.0-6.0","2dp0cs","Sat Nov 19 2022 13:51:22 GMT+0100 (Centraleuropæisk normaltid)","2022","11","19","13","51","22","qwe12","Working, Studying","Inner voice","71","49","male","right","66","71","54","7","2","{""Gender"":""male"",""Hand"":""right""}","[0,1]","",""
"3905.9999999999927","<p>How Sad/Angry or Happy are you right now?</p>","","html-slider-response","7","48609","0.0-7.0","2dp0cs","Sat Nov 19 2022 13:51:22 GMT+0100 (Centraleuropæisk normaltid)","2022","11","19","13","51","22","qwe12","Working, Studying","Inner voice","71","49","male","right","66","71","54","7","2","","","50","66"
"9884","<p>How Tired/Sleepy/Distracted or Fresh/Awake/Alert are you right now?</p>","","html-slider-response","8","58495","0.0-8.0","2dp0cs","Sat Nov 19 2022 13:51:22 GMT+0100 (Centraleuropæisk normaltid)","2022","11","19","13","51","22","qwe12","Working, Studying","Inner voice","71","49","male","right","66","71","54","7","2","","","50","71"
"6483.999999999993","<p>How Hungry or Satiated are you right now?</p>","","html-slider-response","9","64981","0.0-9.0","2dp0cs","Sat Nov 19 2022 13:51:22 GMT+0100 (Centraleuropæisk normaltid)","2022","11","19","13","51","22","qwe12","Working, Studying","Inner voice","71","49","male","right","66","71","54","7","2","","","50","54"
"18128","","","survey-multi-choice","10","83115","0.0-10.0","2dp0cs","Sat Nov 19 2022 13:51:22 GMT+0100 (Centraleuropæisk normaltid)","2022","11","19","13","51","22","qwe12","Working, Studying","Inner voice","71","49","male","right","66","71","54","7","2","{""Sleep"":""7"",""Eat"":""2""}","[0,1]","",""
