"rt","stimulus","key_press","trial_type","trial_index","time_elapsed","internal_node_id","exp_id","Time","year","month","date","hour","minute","seconds","id","HeartRate","age","Gender","Handedness","mood","fresh","hunger","H_since_Sleep","H_since_Eat","Activity","MentalActivity","responses","question_order","slider_start","response"
"null","<p>Welcome to this 1 min. survey on daily rhythms, body and mood.</p><p>You will be asked to report your heart-rate</p><p>and given some questions about yourself.</p><p>Take the test when prompted and/or at different times of the day/night.</p><p>Please make a personal ID (three letters+ two numbers, e.g. ept23).</p><p>Write it down and use this ID whenever taking the test.</p>","null","html-keyboard-response","0","10020","0.0-0.0","ruv66p","Thu Sep 08 2022 18:15:28 GMT+0200 (CEST)","2022","9","8","18","15","28","dlg05","63","25","female","right","67","45","21","10","3","Commuting","Unsymbolized thinking","","","",""
"11334.000000000004","","","survey-text","1","21396","0.0-1.0","ruv66p","Thu Sep 08 2022 18:15:28 GMT+0200 (CEST)","2022","9","8","18","15","28","dlg05","63","25","female","right","67","45","21","10","3","Commuting","Unsymbolized thinking","{""Q0"":""dlg05""}","","",""
"100194.00000000001","","","survey-multi-choice","2","121608","0.0-2.0","ruv66p","Thu Sep 08 2022 18:15:28 GMT+0200 (CEST)","2022","9","8","18","15","28","dlg05","63","25","female","right","67","45","21","10","3","Commuting","Unsymbolized thinking","{""HeartRate"":""63""}","[0]","",""
"11134","","","survey-text","3","132777","0.0-3.0","ruv66p","Thu Sep 08 2022 18:15:28 GMT+0200 (CEST)","2022","9","8","18","15","28","dlg05","63","25","female","right","67","45","21","10","3","Commuting","Unsymbolized thinking","{""Q0"":""25""}","","",""
"3142","","","survey-multi-choice","4","135926","0.0-4.0","ruv66p","Thu Sep 08 2022 18:15:28 GMT+0200 (CEST)","2022","9","8","18","15","28","dlg05","63","25","female","right","67","45","21","10","3","Commuting","Unsymbolized thinking","{""Gender"":""female"",""Hand"":""right""}","[0,1]","",""
"6679","<p>How Sad/Angry or Happy are you right now?</p>","","html-slider-response","5","142620","0.0-5.0","ruv66p","Thu Sep 08 2022 18:15:28 GMT+0200 (CEST)","2022","9","8","18","15","28","dlg05","63","25","female","right","67","45","21","10","3","Commuting","Unsymbolized thinking","","","50","67"
"3455.000000000029","<p>How Tired/Sleepy/Distracted or Fresh/Awake/Alert are you right now?</p>","","html-slider-response","6","146080","0.0-6.0","ruv66p","Thu Sep 08 2022 18:15:28 GMT+0200 (CEST)","2022","9","8","18","15","28","dlg05","63","25","female","right","67","45","21","10","3","Commuting","Unsymbolized thinking","","","50","45"
"3712","<p>How Hungry or Satiated are you right now?</p>","","html-slider-response","7","149796","0.0-7.0","ruv66p","Thu Sep 08 2022 18:15:28 GMT+0200 (CEST)","2022","9","8","18","15","28","dlg05","63","25","female","right","67","45","21","10","3","Commuting","Unsymbolized thinking","","","50","21"
"16825","","","survey-multi-choice","8","166634","0.0-8.0","ruv66p","Thu Sep 08 2022 18:15:28 GMT+0200 (CEST)","2022","9","8","18","15","28","dlg05","63","25","female","right","67","45","21","10","3","Commuting","Unsymbolized thinking","{""Sleep"":""10"",""Eat"":""3""}","[0,1]","",""
"33776","","","survey-multi-choice","9","200417","0.0-9.0","ruv66p","Thu Sep 08 2022 18:15:28 GMT+0200 (CEST)","2022","9","8","18","15","28","dlg05","63","25","female","right","67","45","21","10","3","Commuting","Unsymbolized thinking","{""Activity"":""Commuting""}","[0]","",""
"16384","","","survey-multi-choice","10","216865","0.0-10.0","ruv66p","Thu Sep 08 2022 18:15:28 GMT+0200 (CEST)","2022","9","8","18","15","28","dlg05","63","25","female","right","67","45","21","10","3","Commuting","Unsymbolized thinking","{""MentalActivity"":""Unsymbolized thinking""}","[0]","",""
