"rt","stimulus","key_press","trial_type","trial_index","time_elapsed","internal_node_id","exp_id","Time","year","month","date","hour","minute","seconds","id","HeartRate","age","Gender","Handedness","mood","fresh","hunger","H_since_Sleep","H_since_Eat","Activity","responses","question_order","slider_start","response"
"null","<p>Welcome to this 1 min. survey on daily rhythms, body and mood.</p><p>You will be asked to report your heart-rate</p><p>and given some questions about yourself.</p><p>Take the test when prompted and/or at different times of the day/night.</p><p>Please make a personal ID (three letters+ two numbers, e.g. ept23).</p><p>Write it down and use this ID whenever taking the test.</p>","null","html-keyboard-response","0","10005","0.0-0.0","bdmal6","Thu Sep 08 2022 16:36:00 GMT+0200 (CEST)","2022","9","8","16","36","0","dlg05","75","25","female","right","64","55","33","8","1","Working, Studying","","","",""
"85323","","","survey-text","1","95353","0.0-1.0","bdmal6","Thu Sep 08 2022 16:36:00 GMT+0200 (CEST)","2022","9","8","16","36","0","dlg05","75","25","female","right","64","55","33","8","1","Working, Studying","{""Q0"":""dlg05""}","","",""
"8089","","","survey-multi-choice","2","103446","0.0-2.0","bdmal6","Thu Sep 08 2022 16:36:00 GMT+0200 (CEST)","2022","9","8","16","36","0","dlg05","75","25","female","right","64","55","33","8","1","Working, Studying","{""HeartRate"":""75""}","[0]","",""
"4365","","","survey-text","3","107819","0.0-3.0","bdmal6","Thu Sep 08 2022 16:36:00 GMT+0200 (CEST)","2022","9","8","16","36","0","dlg05","75","25","female","right","64","55","33","8","1","Working, Studying","{""Q0"":""25""}","","",""
"9969","","","survey-multi-choice","4","117790","0.0-4.0","bdmal6","Thu Sep 08 2022 16:36:00 GMT+0200 (CEST)","2022","9","8","16","36","0","dlg05","75","25","female","right","64","55","33","8","1","Working, Studying","{""Gender"":""female"",""Hand"":""right""}","[0,1]","",""
"217031.00000000006","<p>How Sad/Angry or Happy are you right now?</p>","","html-slider-response","5","334821","0.0-5.0","bdmal6","Thu Sep 08 2022 16:36:00 GMT+0200 (CEST)","2022","9","8","16","36","0","dlg05","75","25","female","right","64","55","33","8","1","Working, Studying","","","50","64"
"8678","<p>How Tired/Sleepy/Distracted or Fresh/Awake/Alert are you right now?</p>","","html-slider-response","6","343502","0.0-6.0","bdmal6","Thu Sep 08 2022 16:36:00 GMT+0200 (CEST)","2022","9","8","16","36","0","dlg05","75","25","female","right","64","55","33","8","1","Working, Studying","","","50","55"
"7066.000000000058","<p>How Hungry or Satiated are you right now?</p>","","html-slider-response","7","350570","0.0-7.0","bdmal6","Thu Sep 08 2022 16:36:00 GMT+0200 (CEST)","2022","9","8","16","36","0","dlg05","75","25","female","right","64","55","33","8","1","Working, Studying","","","50","33"
"41665","","","survey-multi-choice","8","392239","0.0-8.0","bdmal6","Thu Sep 08 2022 16:36:00 GMT+0200 (CEST)","2022","9","8","16","36","0","dlg05","75","25","female","right","64","55","33","8","1","Working, Studying","{""Sleep"":""8"",""Eat"":""1""}","[0,1]","",""
"28745","","","survey-multi-choice","9","420986","0.0-9.0","bdmal6","Thu Sep 08 2022 16:36:00 GMT+0200 (CEST)","2022","9","8","16","36","0","dlg05","75","25","female","right","64","55","33","8","1","Working, Studying","{""Activity"":""Working, Studying""}","[0]","",""
