"rt","stimulus","key_press","trial_type","trial_index","time_elapsed","internal_node_id","exp_id","Time","year","month","date","hour","minute","seconds","id","Activity","MentalActivity","HeartRate","age","Gender","Handedness","mood","fresh","hunger","H_since_Sleep","H_since_Eat","responses","question_order","slider_start","response"
"null","<p>Welcome to this 1 min. survey on daily rhythms, body and mood.</p><p>You will be asked to report your heart-rate</p><p>and given some questions about yourself.</p><p>Take the test when prompted and/or at different times of the day/night.</p><p>Please make a personal ID (three letters+ two numbers, e.g. ept23).</p><p>Write it down and use this ID whenever taking the test.</p>","null","html-keyboard-response","0","10021","0.0-0.0","k5q880","Sun Oct 02 2022 13:15:39 GMT+0200 (Central European Summer Time)","2022","10","2","13","15","39","eeg339","Commuting","Sensory awareness","66","21","male","right","78","59","71","3","2","","","",""
"60643.30000001192","","","survey-text","1","70714","0.0-1.0","k5q880","Sun Oct 02 2022 13:15:39 GMT+0200 (Central European Summer Time)","2022","10","2","13","15","39","eeg339","Commuting","Sensory awareness","66","21","male","right","78","59","71","3","2","{""Q0"":""eeg339""}","","",""
"6595.699999988079","","","survey-multi-choice","2","77321","0.0-2.0","k5q880","Sun Oct 02 2022 13:15:39 GMT+0200 (Central European Summer Time)","2022","10","2","13","15","39","eeg339","Commuting","Sensory awareness","66","21","male","right","78","59","71","3","2","{""Activity"":""Commuting""}","[0]","",""
"9606.600000023842","","","survey-multi-choice","3","86939","0.0-3.0","k5q880","Sun Oct 02 2022 13:15:39 GMT+0200 (Central European Summer Time)","2022","10","2","13","15","39","eeg339","Commuting","Sensory awareness","66","21","male","right","78","59","71","3","2","{""MentalActivity"":""Sensory awareness""}","[0]","",""
"70762","","","survey-multi-choice","4","157728","0.0-4.0","k5q880","Sun Oct 02 2022 13:15:39 GMT+0200 (Central European Summer Time)","2022","10","2","13","15","39","eeg339","Commuting","Sensory awareness","66","21","male","right","78","59","71","3","2","{""HeartRate"":""66""}","[0]","",""
"3170.900000035763","","","survey-text","5","160915","0.0-5.0","k5q880","Sun Oct 02 2022 13:15:39 GMT+0200 (Central European Summer Time)","2022","10","2","13","15","39","eeg339","Commuting","Sensory awareness","66","21","male","right","78","59","71","3","2","{""Q0"":""21""}","","",""
"2305.7000000476837","","","survey-multi-choice","6","163231","0.0-6.0","k5q880","Sun Oct 02 2022 13:15:39 GMT+0200 (Central European Summer Time)","2022","10","2","13","15","39","eeg339","Commuting","Sensory awareness","66","21","male","right","78","59","71","3","2","{""Gender"":""male"",""Hand"":""right""}","[0,1]","",""
"5801.300000011921","<p>How Sad/Angry or Happy are you right now?</p>","","html-slider-response","7","169045","0.0-7.0","k5q880","Sun Oct 02 2022 13:15:39 GMT+0200 (Central European Summer Time)","2022","10","2","13","15","39","eeg339","Commuting","Sensory awareness","66","21","male","right","78","59","71","3","2","","","50","78"
"7422","<p>How Tired/Sleepy/Distracted or Fresh/Awake/Alert are you right now?</p>","","html-slider-response","8","176474","0.0-8.0","k5q880","Sun Oct 02 2022 13:15:39 GMT+0200 (Central European Summer Time)","2022","10","2","13","15","39","eeg339","Commuting","Sensory awareness","66","21","male","right","78","59","71","3","2","","","50","59"
"5093","<p>How Hungry or Satiated are you right now?</p>","","html-slider-response","9","181576","0.0-9.0","k5q880","Sun Oct 02 2022 13:15:39 GMT+0200 (Central European Summer Time)","2022","10","2","13","15","39","eeg339","Commuting","Sensory awareness","66","21","male","right","78","59","71","3","2","","","50","71"
"20007.30000001192","","","survey-multi-choice","10","201600","0.0-10.0","k5q880","Sun Oct 02 2022 13:15:39 GMT+0200 (Central European Summer Time)","2022","10","2","13","15","39","eeg339","Commuting","Sensory awareness","66","21","male","right","78","59","71","3","2","{""Sleep"":""3"",""Eat"":""2""}","[0,1]","",""
