"rt","stimulus","key_press","trial_type","trial_index","time_elapsed","internal_node_id","exp_id","Time","year","month","date","hour","minute","seconds","id","Activity","MentalActivity","HeartRate","age","Gender","Handedness","mood","fresh","hunger","H_since_Sleep","H_since_Eat","responses","question_order","slider_start","response"
"null","<p>Welcome to this 1 min. survey on daily rhythms, body and mood.</p><p>You will be asked to report your heart-rate</p><p>and given some questions about yourself.</p><p>Take the test when prompted and/or at different times of the day/night.</p><p>Please make a personal ID (three letters+ two numbers, e.g. ept23).</p><p>Write it down and use this ID whenever taking the test.</p>","null","html-keyboard-response","0","10020","0.0-0.0","09x9d5","Sat Sep 17 2022 13:04:59 GMT+0200 (Centraleuropæisk sommertid)","2022","9","17","13","4","59","Mis27","Shopping","Unsymbolized thinking","84","21","female","left","77","78","44","4","1","","","",""
"25519.900000035763","","","survey-text","1","35573","0.0-1.0","09x9d5","Sat Sep 17 2022 13:04:59 GMT+0200 (Centraleuropæisk sommertid)","2022","9","17","13","4","59","Mis27","Shopping","Unsymbolized thinking","84","21","female","left","77","78","44","4","1","{""Q0"":""Mis27""}","","",""
"41189.700000047684","","","survey-multi-choice","2","76777","0.0-2.0","09x9d5","Sat Sep 17 2022 13:04:59 GMT+0200 (Centraleuropæisk sommertid)","2022","9","17","13","4","59","Mis27","Shopping","Unsymbolized thinking","84","21","female","left","77","78","44","4","1","{""Activity"":""Shopping""}","[0]","",""
"11372.100000023842","","","survey-multi-choice","3","88155","0.0-3.0","09x9d5","Sat Sep 17 2022 13:04:59 GMT+0200 (Centraleuropæisk sommertid)","2022","9","17","13","4","59","Mis27","Shopping","Unsymbolized thinking","84","21","female","left","77","78","44","4","1","{""MentalActivity"":""Unsymbolized thinking""}","[0]","",""
"5121.600000023842","","","survey-multi-choice","4","93289","0.0-4.0","09x9d5","Sat Sep 17 2022 13:04:59 GMT+0200 (Centraleuropæisk sommertid)","2022","9","17","13","4","59","Mis27","Shopping","Unsymbolized thinking","84","21","female","left","77","78","44","4","1","{""HeartRate"":""84""}","[0]","",""
"3416.399999976158","","","survey-text","5","96714","0.0-5.0","09x9d5","Sat Sep 17 2022 13:04:59 GMT+0200 (Centraleuropæisk sommertid)","2022","9","17","13","4","59","Mis27","Shopping","Unsymbolized thinking","84","21","female","left","77","78","44","4","1","{""Q0"":""21""}","","",""
"2537","","","survey-multi-choice","6","99259","0.0-6.0","09x9d5","Sat Sep 17 2022 13:04:59 GMT+0200 (Centraleuropæisk sommertid)","2022","9","17","13","4","59","Mis27","Shopping","Unsymbolized thinking","84","21","female","left","77","78","44","4","1","{""Gender"":""female"",""Hand"":""left""}","[0,1]","",""
"3514.7000000476837","<p>How Sad/Angry or Happy are you right now?</p>","","html-slider-response","7","102783","0.0-7.0","09x9d5","Sat Sep 17 2022 13:04:59 GMT+0200 (Centraleuropæisk sommertid)","2022","9","17","13","4","59","Mis27","Shopping","Unsymbolized thinking","84","21","female","left","77","78","44","4","1","","","50","77"
"3054.899999976158","<p>How Tired/Sleepy/Distracted or Fresh/Awake/Alert are you right now?</p>","","html-slider-response","8","105846","0.0-8.0","09x9d5","Sat Sep 17 2022 13:04:59 GMT+0200 (Centraleuropæisk sommertid)","2022","9","17","13","4","59","Mis27","Shopping","Unsymbolized thinking","84","21","female","left","77","78","44","4","1","","","50","78"
"4528","<p>How Hungry or Satiated are you right now?</p>","","html-slider-response","9","110381","0.0-9.0","09x9d5","Sat Sep 17 2022 13:04:59 GMT+0200 (Centraleuropæisk sommertid)","2022","9","17","13","4","59","Mis27","Shopping","Unsymbolized thinking","84","21","female","left","77","78","44","4","1","","","50","44"
"21590.200000047684","","","survey-multi-choice","10","131985","0.0-10.0","09x9d5","Sat Sep 17 2022 13:04:59 GMT+0200 (Centraleuropæisk sommertid)","2022","9","17","13","4","59","Mis27","Shopping","Unsymbolized thinking","84","21","female","left","77","78","44","4","1","{""Sleep"":""4"",""Eat"":""1""}","[0,1]","",""
