"rt","stimulus","key_press","trial_type","trial_index","time_elapsed","internal_node_id","exp_id","Time","year","month","date","hour","minute","seconds","id","Activity","MentalActivity","HeartRate","age","Gender","Handedness","mood","fresh","hunger","H_since_Sleep","H_since_Eat","responses","question_order","slider_start","response"
"null","<p>Welcome to this 1 min. survey on daily rhythms, body and mood.</p><p>You will be asked to report your heart-rate</p><p>and given some questions about yourself.</p><p>Take the test when prompted and/or at different times of the day/night.</p><p>Please make a personal ID (three letters+ two numbers, e.g. ept23).</p><p>Write it down and use this ID whenever taking the test.</p>","null","html-keyboard-response","0","10391","0.0-0.0","k5peyx","Fri Nov 18 2022 08:47:07 GMT+0100 (Central European Standard Time)","2022","11","18","8","47","7","pol12","Commuting","Inner voice","70","25","female","right","50","38","77","2","1","","","",""
"2437.7999999821186","","","survey-text","1","12833","0.0-1.0","k5peyx","Fri Nov 18 2022 08:47:07 GMT+0100 (Central European Standard Time)","2022","11","18","8","47","7","pol12","Commuting","Inner voice","70","25","female","right","50","38","77","2","1","{""Q0"":""pol12""}","","",""
"2810","","","survey-multi-choice","2","15646","0.0-2.0","k5peyx","Fri Nov 18 2022 08:47:07 GMT+0100 (Central European Standard Time)","2022","11","18","8","47","7","pol12","Commuting","Inner voice","70","25","female","right","50","38","77","2","1","{""Activity"":""Commuting""}","[0]","",""
"2660.199999988079","","","survey-multi-choice","3","18311","0.0-3.0","k5peyx","Fri Nov 18 2022 08:47:07 GMT+0100 (Central European Standard Time)","2022","11","18","8","47","7","pol12","Commuting","Inner voice","70","25","female","right","50","38","77","2","1","{""MentalActivity"":""Inner voice""}","[0]","",""
"6945.399999976158","","","survey-multi-choice","4","25264","0.0-4.0","k5peyx","Fri Nov 18 2022 08:47:07 GMT+0100 (Central European Standard Time)","2022","11","18","8","47","7","pol12","Commuting","Inner voice","70","25","female","right","50","38","77","2","1","{""HeartRate"":""70""}","[0]","",""
"2008.4000000059605","","","survey-text","5","27278","0.0-5.0","k5peyx","Fri Nov 18 2022 08:47:07 GMT+0100 (Central European Standard Time)","2022","11","18","8","47","7","pol12","Commuting","Inner voice","70","25","female","right","50","38","77","2","1","{""Q0"":""25""}","","",""
"2664.199999988079","","","survey-multi-choice","6","29945","0.0-6.0","k5peyx","Fri Nov 18 2022 08:47:07 GMT+0100 (Central European Standard Time)","2022","11","18","8","47","7","pol12","Commuting","Inner voice","70","25","female","right","50","38","77","2","1","{""Gender"":""female"",""Hand"":""right""}","[0,1]","",""
"2310.399999976158","<p>How Sad/Angry or Happy are you right now?</p>","","html-slider-response","7","32262","0.0-7.0","k5peyx","Fri Nov 18 2022 08:47:07 GMT+0100 (Central European Standard Time)","2022","11","18","8","47","7","pol12","Commuting","Inner voice","70","25","female","right","50","38","77","2","1","","","50","50"
"2463.300000011921","<p>How Tired/Sleepy/Distracted or Fresh/Awake/Alert are you right now?</p>","","html-slider-response","8","34728","0.0-8.0","k5peyx","Fri Nov 18 2022 08:47:07 GMT+0100 (Central European Standard Time)","2022","11","18","8","47","7","pol12","Commuting","Inner voice","70","25","female","right","50","38","77","2","1","","","50","38"
"2214","<p>How Hungry or Satiated are you right now?</p>","","html-slider-response","9","36945","0.0-9.0","k5peyx","Fri Nov 18 2022 08:47:07 GMT+0100 (Central European Standard Time)","2022","11","18","8","47","7","pol12","Commuting","Inner voice","70","25","female","right","50","38","77","2","1","","","50","77"
"5647.799999982119","","","survey-multi-choice","10","42596","0.0-10.0","k5peyx","Fri Nov 18 2022 08:47:07 GMT+0100 (Central European Standard Time)","2022","11","18","8","47","7","pol12","Commuting","Inner voice","70","25","female","right","50","38","77","2","1","{""Sleep"":""2"",""Eat"":""1""}","[0,1]","",""
