"rt","stimulus","key_press","trial_type","trial_index","time_elapsed","internal_node_id","exp_id","Time","year","month","date","hour","minute","seconds","id","Activity","MentalActivity","HeartRate","age","Gender","Handedness","mood","fresh","hunger","H_since_Sleep","H_since_Eat","responses","question_order","slider_start","response"
"null","<p>Welcome to this 1 min. survey on daily rhythms, body and mood.</p><p>You will be asked to report your heart-rate</p><p>and given some questions about yourself.</p><p>Take the test when prompted and/or at different times of the day/night.</p><p>Please make a personal ID (three letters+ two numbers, e.g. ept23).</p><p>Write it down and use this ID whenever taking the test.</p>","null","html-keyboard-response","0","10013","0.0-0.0","1xkgpp","Fri Sep 09 2022 06:40:38 GMT+0200 (CEST)","2022","9","9","6","40","38","www123","Sleeping, Resting","Inner voice","48","25","male","right","50","15","57","0","8","","","",""
"10261","","","survey-text","1","20302","0.0-1.0","1xkgpp","Fri Sep 09 2022 06:40:38 GMT+0200 (CEST)","2022","9","9","6","40","38","www123","Sleeping, Resting","Inner voice","48","25","male","right","50","15","57","0","8","{""Q0"":""www123""}","","",""
"18860","","","survey-multi-choice","2","39170","0.0-2.0","1xkgpp","Fri Sep 09 2022 06:40:38 GMT+0200 (CEST)","2022","9","9","6","40","38","www123","Sleeping, Resting","Inner voice","48","25","male","right","50","15","57","0","8","{""Activity"":""Sleeping, Resting""}","[0]","",""
"5986.000000000007","","","survey-multi-choice","3","45161","0.0-3.0","1xkgpp","Fri Sep 09 2022 06:40:38 GMT+0200 (CEST)","2022","9","9","6","40","38","www123","Sleeping, Resting","Inner voice","48","25","male","right","50","15","57","0","8","{""MentalActivity"":""Inner voice""}","[0]","",""
"13566","","","survey-multi-choice","4","58738","0.0-4.0","1xkgpp","Fri Sep 09 2022 06:40:38 GMT+0200 (CEST)","2022","9","9","6","40","38","www123","Sleeping, Resting","Inner voice","48","25","male","right","50","15","57","0","8","{""HeartRate"":""48""}","[0]","",""
"6487","","","survey-text","5","65236","0.0-5.0","1xkgpp","Fri Sep 09 2022 06:40:38 GMT+0200 (CEST)","2022","9","9","6","40","38","www123","Sleeping, Resting","Inner voice","48","25","male","right","50","15","57","0","8","{""Q0"":""25""}","","",""
"4817","","","survey-multi-choice","6","70059","0.0-6.0","1xkgpp","Fri Sep 09 2022 06:40:38 GMT+0200 (CEST)","2022","9","9","6","40","38","www123","Sleeping, Resting","Inner voice","48","25","male","right","50","15","57","0","8","{""Gender"":""male"",""Hand"":""right""}","[0,1]","",""
"6628","<p>How Sad/Angry or Happy are you right now?</p>","","html-slider-response","7","76696","0.0-7.0","1xkgpp","Fri Sep 09 2022 06:40:38 GMT+0200 (CEST)","2022","9","9","6","40","38","www123","Sleeping, Resting","Inner voice","48","25","male","right","50","15","57","0","8","","","50","50"
"6363","<p>How Tired/Sleepy/Distracted or Fresh/Awake/Alert are you right now?</p>","","html-slider-response","8","83064","0.0-8.0","1xkgpp","Fri Sep 09 2022 06:40:38 GMT+0200 (CEST)","2022","9","9","6","40","38","www123","Sleeping, Resting","Inner voice","48","25","male","right","50","15","57","0","8","","","50","15"
"4894.000000000015","<p>How Hungry or Satiated are you right now?</p>","","html-slider-response","9","87963","0.0-9.0","1xkgpp","Fri Sep 09 2022 06:40:38 GMT+0200 (CEST)","2022","9","9","6","40","38","www123","Sleeping, Resting","Inner voice","48","25","male","right","50","15","57","0","8","","","50","57"
"14698","","","survey-multi-choice","10","102670","0.0-10.0","1xkgpp","Fri Sep 09 2022 06:40:38 GMT+0200 (CEST)","2022","9","9","6","40","38","www123","Sleeping, Resting","Inner voice","48","25","male","right","50","15","57","0","8","{""Sleep"":""0"",""Eat"":""8""}","[0,1]","",""
