"rt","stimulus","key_press","trial_type","trial_index","time_elapsed","internal_node_id","exp_id","Time","year","month","date","hour","minute","seconds","id","Activity","MentalActivity","HeartRate","age","Gender","Handedness","mood","fresh","hunger","H_since_Sleep","H_since_Eat","responses","question_order","slider_start","response"
"null","<p>Welcome to this 1 min. survey on daily rhythms, body and mood.</p><p>You will be asked to report your heart-rate</p><p>and given some questions about yourself.</p><p>Take the test when prompted and/or at different times of the day/night.</p><p>Please make a personal ID (three letters+ two numbers, e.g. ept23).</p><p>Write it down and use this ID whenever taking the test.</p>","null","html-keyboard-response","0","10005","0.0-0.0","3ad2hx","Thu Nov 03 2022 06:33:43 GMT+0100 (Centraleuropæisk normaltid)","2022","11","3","6","33","43","qwe12","Sleeping, Resting","Sensory awareness","55","49","male","right","68","47","48","0","11","","","",""
"9779","","","survey-text","1","19800","0.0-1.0","3ad2hx","Thu Nov 03 2022 06:33:43 GMT+0100 (Centraleuropæisk normaltid)","2022","11","3","6","33","43","qwe12","Sleeping, Resting","Sensory awareness","55","49","male","right","68","47","48","0","11","{""Q0"":""qwe12""}","","",""
"12625.999999999996","","","survey-multi-choice","2","32429","0.0-2.0","3ad2hx","Thu Nov 03 2022 06:33:43 GMT+0100 (Centraleuropæisk normaltid)","2022","11","3","6","33","43","qwe12","Sleeping, Resting","Sensory awareness","55","49","male","right","68","47","48","0","11","{""Activity"":""Sleeping, Resting""}","[0]","",""
"11001","","","survey-multi-choice","3","43433","0.0-3.0","3ad2hx","Thu Nov 03 2022 06:33:43 GMT+0100 (Centraleuropæisk normaltid)","2022","11","3","6","33","43","qwe12","Sleeping, Resting","Sensory awareness","55","49","male","right","68","47","48","0","11","{""MentalActivity"":""Sensory awareness""}","[0]","",""
"19575","","","survey-multi-choice","4","63014","0.0-4.0","3ad2hx","Thu Nov 03 2022 06:33:43 GMT+0100 (Centraleuropæisk normaltid)","2022","11","3","6","33","43","qwe12","Sleeping, Resting","Sensory awareness","55","49","male","right","68","47","48","0","11","{""HeartRate"":""55""}","[0]","",""
"6632","","","survey-text","5","69654","0.0-5.0","3ad2hx","Thu Nov 03 2022 06:33:43 GMT+0100 (Centraleuropæisk normaltid)","2022","11","3","6","33","43","qwe12","Sleeping, Resting","Sensory awareness","55","49","male","right","68","47","48","0","11","{""Q0"":""49""}","","",""
"4835","","","survey-multi-choice","6","74491","0.0-6.0","3ad2hx","Thu Nov 03 2022 06:33:43 GMT+0100 (Centraleuropæisk normaltid)","2022","11","3","6","33","43","qwe12","Sleeping, Resting","Sensory awareness","55","49","male","right","68","47","48","0","11","{""Gender"":""male"",""Hand"":""right""}","[0,1]","",""
"5561","<p>How Sad/Angry or Happy are you right now?</p>","","html-slider-response","7","80056","0.0-7.0","3ad2hx","Thu Nov 03 2022 06:33:43 GMT+0100 (Centraleuropæisk normaltid)","2022","11","3","6","33","43","qwe12","Sleeping, Resting","Sensory awareness","55","49","male","right","68","47","48","0","11","","","50","68"
"9437","<p>How Tired/Sleepy/Distracted or Fresh/Awake/Alert are you right now?</p>","","html-slider-response","8","89496","0.0-8.0","3ad2hx","Thu Nov 03 2022 06:33:43 GMT+0100 (Centraleuropæisk normaltid)","2022","11","3","6","33","43","qwe12","Sleeping, Resting","Sensory awareness","55","49","male","right","68","47","48","0","11","","","50","47"
"5368","<p>How Hungry or Satiated are you right now?</p>","","html-slider-response","9","94867","0.0-9.0","3ad2hx","Thu Nov 03 2022 06:33:43 GMT+0100 (Centraleuropæisk normaltid)","2022","11","3","6","33","43","qwe12","Sleeping, Resting","Sensory awareness","55","49","male","right","68","47","48","0","11","","","50","48"
"35414.999999999985","","","survey-multi-choice","10","130285","0.0-10.0","3ad2hx","Thu Nov 03 2022 06:33:43 GMT+0100 (Centraleuropæisk normaltid)","2022","11","3","6","33","43","qwe12","Sleeping, Resting","Sensory awareness","55","49","male","right","68","47","48","0","11","{""Sleep"":""0"",""Eat"":""11""}","[0,1]","",""
