"rt","stimulus","key_press","trial_type","trial_index","time_elapsed","internal_node_id","exp_id","Time","year","month","date","hour","minute","seconds","id","HeartRate","age","Gender","Handedness","mood","fresh","hunger","H_since_Sleep","H_since_Eat","Activity","MentalActivity","responses","question_order","slider_start","response"
"null","<p>Welcome to this 1 min. survey on daily rhythms, body and mood.</p><p>You will be asked to report your heart-rate</p><p>and given some questions about yourself.</p><p>Take the test when prompted and/or at different times of the day/night.</p><p>Please make a personal ID (three letters+ two numbers, e.g. ept23).</p><p>Write it down and use this ID whenever taking the test.</p>","null","html-keyboard-response","0","10314","0.0-0.0","zv6lug","Thu Sep 08 2022 16:34:01 GMT+0200 (Centraleuropæisk sommertid)","2022","9","8","16","34","1","Kri21","63","23","male","right","58","27","72","9","0","Working, Studying","Sensory awareness","","","",""
"31610","","","survey-text","1","41932","0.0-1.0","zv6lug","Thu Sep 08 2022 16:34:01 GMT+0200 (Centraleuropæisk sommertid)","2022","9","8","16","34","1","Kri21","63","23","male","right","58","27","72","9","0","Working, Studying","Sensory awareness","{""Q0"":""Kri21""}","","",""
"91912.90000000596","","","survey-multi-choice","2","133850","0.0-2.0","zv6lug","Thu Sep 08 2022 16:34:01 GMT+0200 (Centraleuropæisk sommertid)","2022","9","8","16","34","1","Kri21","63","23","male","right","58","27","72","9","0","Working, Studying","Sensory awareness","{""HeartRate"":""63""}","[0]","",""
"7587.800000011921","","","survey-text","3","141445","0.0-3.0","zv6lug","Thu Sep 08 2022 16:34:01 GMT+0200 (Centraleuropæisk sommertid)","2022","9","8","16","34","1","Kri21","63","23","male","right","58","27","72","9","0","Working, Studying","Sensory awareness","{""Q0"":""23""}","","",""
"4300.5999999940395","","","survey-multi-choice","4","145748","0.0-4.0","zv6lug","Thu Sep 08 2022 16:34:01 GMT+0200 (Centraleuropæisk sommertid)","2022","9","8","16","34","1","Kri21","63","23","male","right","58","27","72","9","0","Working, Studying","Sensory awareness","{""Gender"":""male"",""Hand"":""right""}","[0,1]","",""
"4223.299999982119","<p>How Sad/Angry or Happy are you right now?</p>","","html-slider-response","5","149978","0.0-5.0","zv6lug","Thu Sep 08 2022 16:34:01 GMT+0200 (Centraleuropæisk sommertid)","2022","9","8","16","34","1","Kri21","63","23","male","right","58","27","72","9","0","Working, Studying","Sensory awareness","","","50","58"
"5433.200000017881","<p>How Tired/Sleepy/Distracted or Fresh/Awake/Alert are you right now?</p>","","html-slider-response","6","155414","0.0-6.0","zv6lug","Thu Sep 08 2022 16:34:01 GMT+0200 (Centraleuropæisk sommertid)","2022","9","8","16","34","1","Kri21","63","23","male","right","58","27","72","9","0","Working, Studying","Sensory awareness","","","50","27"
"3930.9000000059605","<p>How Hungry or Satiated are you right now?</p>","","html-slider-response","7","159347","0.0-7.0","zv6lug","Thu Sep 08 2022 16:34:01 GMT+0200 (Centraleuropæisk sommertid)","2022","9","8","16","34","1","Kri21","63","23","male","right","58","27","72","9","0","Working, Studying","Sensory awareness","","","50","72"
"15770.59999999404","","","survey-multi-choice","8","175120","0.0-8.0","zv6lug","Thu Sep 08 2022 16:34:01 GMT+0200 (Centraleuropæisk sommertid)","2022","9","8","16","34","1","Kri21","63","23","male","right","58","27","72","9","0","Working, Studying","Sensory awareness","{""Sleep"":""9"",""Eat"":""0""}","[0,1]","",""
"5490.5","","","survey-multi-choice","9","180617","0.0-9.0","zv6lug","Thu Sep 08 2022 16:34:01 GMT+0200 (Centraleuropæisk sommertid)","2022","9","8","16","34","1","Kri21","63","23","male","right","58","27","72","9","0","Working, Studying","Sensory awareness","{""Activity"":""Working, Studying""}","[0]","",""
"14700.199999988079","","","survey-multi-choice","10","195327","0.0-10.0","zv6lug","Thu Sep 08 2022 16:34:01 GMT+0200 (Centraleuropæisk sommertid)","2022","9","8","16","34","1","Kri21","63","23","male","right","58","27","72","9","0","Working, Studying","Sensory awareness","{""MentalActivity"":""Sensory awareness""}","[0]","",""
