"rt","stimulus","key_press","trial_type","trial_index","time_elapsed","internal_node_id","exp_id","Time","year","month","date","hour","minute","seconds","id","Activity","MentalActivity","HeartRate","age","Gender","Handedness","mood","fresh","hunger","H_since_Sleep","H_since_Eat","responses","question_order","slider_start","response"
"null","<p>Welcome to this 1 min. survey on daily rhythms, body and mood.</p><p>You will be asked to report your heart-rate</p><p>and given some questions about yourself.</p><p>Take the test when prompted and/or at different times of the day/night.</p><p>Please make a personal ID (three letters+ two numbers, e.g. ept23).</p><p>Write it down and use this ID whenever taking the test.</p>","null","html-keyboard-response","0","10005","0.0-0.0","c462f2","Tue Oct 11 2022 22:18:00 GMT+0200 (CEST)","2022","10","11","22","18","0","qwe12","Sleeping, Resting","Inner voice","61","49","male","right","81","22","60","16","2","","","",""
"9380","","","survey-text","1","19394","0.0-1.0","c462f2","Tue Oct 11 2022 22:18:00 GMT+0200 (CEST)","2022","10","11","22","18","0","qwe12","Sleeping, Resting","Inner voice","61","49","male","right","81","22","60","16","2","{""Q0"":""qwe12""}","","",""
"6502","","","survey-multi-choice","2","25900","0.0-2.0","c462f2","Tue Oct 11 2022 22:18:00 GMT+0200 (CEST)","2022","10","11","22","18","0","qwe12","Sleeping, Resting","Inner voice","61","49","male","right","81","22","60","16","2","{""Activity"":""Sleeping, Resting""}","[0]","",""
"3607.9999999999964","","","survey-multi-choice","3","29510","0.0-3.0","c462f2","Tue Oct 11 2022 22:18:00 GMT+0200 (CEST)","2022","10","11","22","18","0","qwe12","Sleeping, Resting","Inner voice","61","49","male","right","81","22","60","16","2","{""MentalActivity"":""Inner voice""}","[0]","",""
"9879","","","survey-multi-choice","4","39396","0.0-4.0","c462f2","Tue Oct 11 2022 22:18:00 GMT+0200 (CEST)","2022","10","11","22","18","0","qwe12","Sleeping, Resting","Inner voice","61","49","male","right","81","22","60","16","2","{""HeartRate"":""61""}","[0]","",""
"6110","","","survey-text","5","45515","0.0-5.0","c462f2","Tue Oct 11 2022 22:18:00 GMT+0200 (CEST)","2022","10","11","22","18","0","qwe12","Sleeping, Resting","Inner voice","61","49","male","right","81","22","60","16","2","{""Q0"":""49""}","","",""
"4016","","","survey-multi-choice","6","49534","0.0-6.0","c462f2","Tue Oct 11 2022 22:18:00 GMT+0200 (CEST)","2022","10","11","22","18","0","qwe12","Sleeping, Resting","Inner voice","61","49","male","right","81","22","60","16","2","{""Gender"":""male"",""Hand"":""right""}","[0,1]","",""
"7059","<p>How Sad/Angry or Happy are you right now?</p>","","html-slider-response","7","56597","0.0-7.0","c462f2","Tue Oct 11 2022 22:18:00 GMT+0200 (CEST)","2022","10","11","22","18","0","qwe12","Sleeping, Resting","Inner voice","61","49","male","right","81","22","60","16","2","","","50","81"
"9083.000000000015","<p>How Tired/Sleepy/Distracted or Fresh/Awake/Alert are you right now?</p>","","html-slider-response","8","65683","0.0-8.0","c462f2","Tue Oct 11 2022 22:18:00 GMT+0200 (CEST)","2022","10","11","22","18","0","qwe12","Sleeping, Resting","Inner voice","61","49","male","right","81","22","60","16","2","","","50","22"
"5481.999999999985","<p>How Hungry or Satiated are you right now?</p>","","html-slider-response","9","71167","0.0-9.0","c462f2","Tue Oct 11 2022 22:18:00 GMT+0200 (CEST)","2022","10","11","22","18","0","qwe12","Sleeping, Resting","Inner voice","61","49","male","right","81","22","60","16","2","","","50","60"
"28966","","","survey-multi-choice","10","100137","0.0-10.0","c462f2","Tue Oct 11 2022 22:18:00 GMT+0200 (CEST)","2022","10","11","22","18","0","qwe12","Sleeping, Resting","Inner voice","61","49","male","right","81","22","60","16","2","{""Sleep"":""16"",""Eat"":""2""}","[0,1]","",""
