"rt","stimulus","key_press","trial_type","trial_index","time_elapsed","internal_node_id","exp_id","Time","year","month","date","hour","minute","seconds","id","Activity","MentalActivity","HeartRate","age","Gender","Handedness","mood","fresh","hunger","H_since_Sleep","H_since_Eat","responses","question_order","slider_start","response"
"null","<p>Welcome to this 1 min. survey on daily rhythms, body and mood.</p><p>You will be asked to report your heart-rate</p><p>and given some questions about yourself.</p><p>Take the test when prompted and/or at different times of the day/night.</p><p>Please make a personal ID (three letters+ two numbers, e.g. ept23).</p><p>Write it down and use this ID whenever taking the test.</p>","null","html-keyboard-response","0","10010","0.0-0.0","1m5505","Wed Oct 26 2022 22:32:13 GMT+0200 (CEST)","2022","10","26","22","32","13","qwe12","Other","Inner voice","77","49","male","right","82","78","59","16","4","","","",""
"6844.000000000004","","","survey-text","1","16875","0.0-1.0","1m5505","Wed Oct 26 2022 22:32:13 GMT+0200 (CEST)","2022","10","26","22","32","13","qwe12","Other","Inner voice","77","49","male","right","82","78","59","16","4","{""Q0"":""qwe12""}","","",""
"18794.000000000007","","","survey-multi-choice","2","35682","0.0-2.0","1m5505","Wed Oct 26 2022 22:32:13 GMT+0200 (CEST)","2022","10","26","22","32","13","qwe12","Other","Inner voice","77","49","male","right","82","78","59","16","4","{""Activity"":""Other""}","[0]","",""
"4925.999999999993","","","survey-multi-choice","3","40611","0.0-3.0","1m5505","Wed Oct 26 2022 22:32:13 GMT+0200 (CEST)","2022","10","26","22","32","13","qwe12","Other","Inner voice","77","49","male","right","82","78","59","16","4","{""MentalActivity"":""Inner voice""}","[0]","",""
"7512","","","survey-multi-choice","4","48131","0.0-4.0","1m5505","Wed Oct 26 2022 22:32:13 GMT+0200 (CEST)","2022","10","26","22","32","13","qwe12","Other","Inner voice","77","49","male","right","82","78","59","16","4","{""HeartRate"":""77""}","[0]","",""
"4025.9999999999927","","","survey-text","5","52166","0.0-5.0","1m5505","Wed Oct 26 2022 22:32:13 GMT+0200 (CEST)","2022","10","26","22","32","13","qwe12","Other","Inner voice","77","49","male","right","82","78","59","16","4","{""Q0"":""49""}","","",""
"5128","","","survey-multi-choice","6","57297","0.0-6.0","1m5505","Wed Oct 26 2022 22:32:13 GMT+0200 (CEST)","2022","10","26","22","32","13","qwe12","Other","Inner voice","77","49","male","right","82","78","59","16","4","{""Gender"":""male"",""Hand"":""right""}","[0,1]","",""
"5006.000000000007","<p>How Sad/Angry or Happy are you right now?</p>","","html-slider-response","7","62309","0.0-7.0","1m5505","Wed Oct 26 2022 22:32:13 GMT+0200 (CEST)","2022","10","26","22","32","13","qwe12","Other","Inner voice","77","49","male","right","82","78","59","16","4","","","50","82"
"10233.000000000007","<p>How Tired/Sleepy/Distracted or Fresh/Awake/Alert are you right now?</p>","","html-slider-response","8","72545","0.0-8.0","1m5505","Wed Oct 26 2022 22:32:13 GMT+0200 (CEST)","2022","10","26","22","32","13","qwe12","Other","Inner voice","77","49","male","right","82","78","59","16","4","","","50","78"
"7265.999999999985","<p>How Hungry or Satiated are you right now?</p>","","html-slider-response","9","79814","0.0-9.0","1m5505","Wed Oct 26 2022 22:32:13 GMT+0200 (CEST)","2022","10","26","22","32","13","qwe12","Other","Inner voice","77","49","male","right","82","78","59","16","4","","","50","59"
"25180","","","survey-multi-choice","10","105000","0.0-10.0","1m5505","Wed Oct 26 2022 22:32:13 GMT+0200 (CEST)","2022","10","26","22","32","13","qwe12","Other","Inner voice","77","49","male","right","82","78","59","16","4","{""Sleep"":""16"",""Eat"":""4""}","[0,1]","",""
