"rt","stimulus","key_press","trial_type","trial_index","time_elapsed","internal_node_id","exp_id","Time","year","month","date","hour","minute","seconds","id","Activity","MentalActivity","HeartRate","age","Gender","Handedness","mood","fresh","hunger","H_since_Sleep","H_since_Eat","responses","question_order","slider_start","response"
"null","<p>Welcome to this 1 min. survey on daily rhythms, body and mood.</p><p>You will be asked to report your heart-rate</p><p>and given some questions about yourself.</p><p>Take the test when prompted and/or at different times of the day/night.</p><p>Please make a personal ID (three letters+ two numbers, e.g. ept23).</p><p>Write it down and use this ID whenever taking the test.</p>","null","html-keyboard-response","0","10026","0.0-0.0","flpsoy","Tue Oct 25 2022 18:07:04 GMT+0200 (Central European Summer Time)","2022","10","25","18","7","4","eeg339","Sleeping, Resting","Inner voice","78","22","male","right","23","26","17","7","0","","","",""
"5619.29999999702","","","survey-text","1","15701","0.0-1.0","flpsoy","Tue Oct 25 2022 18:07:04 GMT+0200 (Central European Summer Time)","2022","10","25","18","7","4","eeg339","Sleeping, Resting","Inner voice","78","22","male","right","23","26","17","7","0","{""Q0"":""eeg339""}","","",""
"9831.10000000894","","","survey-multi-choice","2","25559","0.0-2.0","flpsoy","Tue Oct 25 2022 18:07:04 GMT+0200 (Central European Summer Time)","2022","10","25","18","7","4","eeg339","Sleeping, Resting","Inner voice","78","22","male","right","23","26","17","7","0","{""Activity"":""Sleeping, Resting""}","[0]","",""
"10191.60000000894","","","survey-multi-choice","3","35756","0.0-3.0","flpsoy","Tue Oct 25 2022 18:07:04 GMT+0200 (Central European Summer Time)","2022","10","25","18","7","4","eeg339","Sleeping, Resting","Inner voice","78","22","male","right","23","26","17","7","0","{""MentalActivity"":""Inner voice""}","[0]","",""
"58319.70000000298","","","survey-multi-choice","4","94102","0.0-4.0","flpsoy","Tue Oct 25 2022 18:07:04 GMT+0200 (Central European Summer Time)","2022","10","25","18","7","4","eeg339","Sleeping, Resting","Inner voice","78","22","male","right","23","26","17","7","0","{""HeartRate"":""78""}","[0]","",""
"3442.7000000029802","","","survey-text","5","97556","0.0-5.0","flpsoy","Tue Oct 25 2022 18:07:04 GMT+0200 (Central European Summer Time)","2022","10","25","18","7","4","eeg339","Sleeping, Resting","Inner voice","78","22","male","right","23","26","17","7","0","{""Q0"":""22""}","","",""
"3064.9000000059605","","","survey-multi-choice","6","100633","0.0-6.0","flpsoy","Tue Oct 25 2022 18:07:04 GMT+0200 (Central European Summer Time)","2022","10","25","18","7","4","eeg339","Sleeping, Resting","Inner voice","78","22","male","right","23","26","17","7","0","{""Gender"":""male"",""Hand"":""right""}","[0,1]","",""
"5019.199999988079","<p>How Sad/Angry or Happy are you right now?</p>","","html-slider-response","7","105691","0.0-7.0","flpsoy","Tue Oct 25 2022 18:07:04 GMT+0200 (Central European Summer Time)","2022","10","25","18","7","4","eeg339","Sleeping, Resting","Inner voice","78","22","male","right","23","26","17","7","0","","","50","23"
"3951.300000011921","<p>How Tired/Sleepy/Distracted or Fresh/Awake/Alert are you right now?</p>","","html-slider-response","8","109651","0.0-8.0","flpsoy","Tue Oct 25 2022 18:07:04 GMT+0200 (Central European Summer Time)","2022","10","25","18","7","4","eeg339","Sleeping, Resting","Inner voice","78","22","male","right","23","26","17","7","0","","","50","26"
"3777.2000000029802","<p>How Hungry or Satiated are you right now?</p>","","html-slider-response","9","113438","0.0-9.0","flpsoy","Tue Oct 25 2022 18:07:04 GMT+0200 (Central European Summer Time)","2022","10","25","18","7","4","eeg339","Sleeping, Resting","Inner voice","78","22","male","right","23","26","17","7","0","","","50","17"
"31919","","","survey-multi-choice","10","145373","0.0-10.0","flpsoy","Tue Oct 25 2022 18:07:04 GMT+0200 (Central European Summer Time)","2022","10","25","18","7","4","eeg339","Sleeping, Resting","Inner voice","78","22","male","right","23","26","17","7","0","{""Sleep"":""7"",""Eat"":""0""}","[0,1]","",""
