"rt","stimulus","key_press","trial_type","trial_index","time_elapsed","internal_node_id","exp_id","Time","year","month","date","hour","minute","seconds","id","Activity","MentalActivity","HeartRate","age","Gender","Handedness","mood","fresh","hunger","H_since_Sleep","H_since_Eat","responses","question_order","slider_start","response"
"null","<p>Welcome to this 1 min. survey on daily rhythms, body and mood.</p><p>You will be asked to report your heart-rate</p><p>and given some questions about yourself.</p><p>Take the test when prompted and/or at different times of the day/night.</p><p>Please make a personal ID (three letters+ two numbers, e.g. ept23).</p><p>Write it down and use this ID whenever taking the test.</p>","null","html-keyboard-response","0","10008","0.0-0.0","aglhu9","Thu Oct 27 2022 12:35:12 GMT+0200 (CEST)","2022","10","27","12","35","12","pid10","Eating","Inner voice","84","23","female","right","61","75","35","4","0","","","",""
"6219.000000000004","","","survey-text","1","16242","0.0-1.0","aglhu9","Thu Oct 27 2022 12:35:12 GMT+0200 (CEST)","2022","10","27","12","35","12","pid10","Eating","Inner voice","84","23","female","right","61","75","35","4","0","{""Q0"":""pid10""}","","",""
"6953","","","survey-multi-choice","2","23198","0.0-2.0","aglhu9","Thu Oct 27 2022 12:35:12 GMT+0200 (CEST)","2022","10","27","12","35","12","pid10","Eating","Inner voice","84","23","female","right","61","75","35","4","0","{""Activity"":""Eating""}","[0]","",""
"9316.000000000007","","","survey-multi-choice","3","32516","0.0-3.0","aglhu9","Thu Oct 27 2022 12:35:12 GMT+0200 (CEST)","2022","10","27","12","35","12","pid10","Eating","Inner voice","84","23","female","right","61","75","35","4","0","{""MentalActivity"":""Inner voice""}","[0]","",""
"4781","","","survey-multi-choice","4","37304","0.0-4.0","aglhu9","Thu Oct 27 2022 12:35:12 GMT+0200 (CEST)","2022","10","27","12","35","12","pid10","Eating","Inner voice","84","23","female","right","61","75","35","4","0","{""HeartRate"":""84""}","[0]","",""
"5666","","","survey-text","5","42979","0.0-5.0","aglhu9","Thu Oct 27 2022 12:35:12 GMT+0200 (CEST)","2022","10","27","12","35","12","pid10","Eating","Inner voice","84","23","female","right","61","75","35","4","0","{""Q0"":""23""}","","",""
"2851","","","survey-multi-choice","6","45832","0.0-6.0","aglhu9","Thu Oct 27 2022 12:35:12 GMT+0200 (CEST)","2022","10","27","12","35","12","pid10","Eating","Inner voice","84","23","female","right","61","75","35","4","0","{""Gender"":""female"",""Hand"":""right""}","[0,1]","",""
"3502.0000000000073","<p>How Sad/Angry or Happy are you right now?</p>","","html-slider-response","7","49339","0.0-7.0","aglhu9","Thu Oct 27 2022 12:35:12 GMT+0200 (CEST)","2022","10","27","12","35","12","pid10","Eating","Inner voice","84","23","female","right","61","75","35","4","0","","","50","61"
"2874","<p>How Tired/Sleepy/Distracted or Fresh/Awake/Alert are you right now?</p>","","html-slider-response","8","52216","0.0-8.0","aglhu9","Thu Oct 27 2022 12:35:12 GMT+0200 (CEST)","2022","10","27","12","35","12","pid10","Eating","Inner voice","84","23","female","right","61","75","35","4","0","","","50","75"
"4135","<p>How Hungry or Satiated are you right now?</p>","","html-slider-response","9","56353","0.0-9.0","aglhu9","Thu Oct 27 2022 12:35:12 GMT+0200 (CEST)","2022","10","27","12","35","12","pid10","Eating","Inner voice","84","23","female","right","61","75","35","4","0","","","50","35"
"10301","","","survey-multi-choice","10","66659","0.0-10.0","aglhu9","Thu Oct 27 2022 12:35:12 GMT+0200 (CEST)","2022","10","27","12","35","12","pid10","Eating","Inner voice","84","23","female","right","61","75","35","4","0","{""Sleep"":""4"",""Eat"":""0""}","[0,1]","",""
