"rt","stimulus","key_press","trial_type","trial_index","time_elapsed","internal_node_id","exp_id","Time","year","month","date","hour","minute","seconds","id","Activity","MentalActivity","HeartRate","age","Gender","Handedness","mood","fresh","hunger","H_since_Sleep","H_since_Eat","responses","question_order","slider_start","response"
"null","<p>Welcome to this 1 min. survey on daily rhythms, body and mood.</p><p>You will be asked to report your heart-rate</p><p>and given some questions about yourself.</p><p>Take the test when prompted and/or at different times of the day/night.</p><p>Please make a personal ID (three letters+ two numbers, e.g. ept23).</p><p>Write it down and use this ID whenever taking the test.</p>","null","html-keyboard-response","0","10017","0.0-0.0","spunlr","Fri Sep 23 2022 08:21:52 GMT+0200 (CEST)","2022","9","23","8","21","52","dlg05","Doing sport","Inner voice","90","25","female","right","81","73","68","1","0","","","",""
"20185","","","survey-text","1","30235","0.0-1.0","spunlr","Fri Sep 23 2022 08:21:52 GMT+0200 (CEST)","2022","9","23","8","21","52","dlg05","Doing sport","Inner voice","90","25","female","right","81","73","68","1","0","{""Q0"":""dlg05""}","","",""
"42562","","","survey-multi-choice","2","72806","0.0-2.0","spunlr","Fri Sep 23 2022 08:21:52 GMT+0200 (CEST)","2022","9","23","8","21","52","dlg05","Doing sport","Inner voice","90","25","female","right","81","73","68","1","0","{""Activity"":""Doing sport""}","[0]","",""
"2928","","","survey-multi-choice","3","75740","0.0-3.0","spunlr","Fri Sep 23 2022 08:21:52 GMT+0200 (CEST)","2022","9","23","8","21","52","dlg05","Doing sport","Inner voice","90","25","female","right","81","73","68","1","0","{""MentalActivity"":""Inner voice""}","[0]","",""
"3512","","","survey-multi-choice","4","79259","0.0-4.0","spunlr","Fri Sep 23 2022 08:21:52 GMT+0200 (CEST)","2022","9","23","8","21","52","dlg05","Doing sport","Inner voice","90","25","female","right","81","73","68","1","0","{""HeartRate"":""90""}","[0]","",""
"3863","","","survey-text","5","83133","0.0-5.0","spunlr","Fri Sep 23 2022 08:21:52 GMT+0200 (CEST)","2022","9","23","8","21","52","dlg05","Doing sport","Inner voice","90","25","female","right","81","73","68","1","0","{""Q0"":""25""}","","",""
"3537","","","survey-multi-choice","6","86673","0.0-6.0","spunlr","Fri Sep 23 2022 08:21:52 GMT+0200 (CEST)","2022","9","23","8","21","52","dlg05","Doing sport","Inner voice","90","25","female","right","81","73","68","1","0","{""Gender"":""female"",""Hand"":""right""}","[0,1]","",""
"8028","<p>How Sad/Angry or Happy are you right now?</p>","","html-slider-response","7","94710","0.0-7.0","spunlr","Fri Sep 23 2022 08:21:52 GMT+0200 (CEST)","2022","9","23","8","21","52","dlg05","Doing sport","Inner voice","90","25","female","right","81","73","68","1","0","","","50","81"
"2475","<p>How Tired/Sleepy/Distracted or Fresh/Awake/Alert are you right now?</p>","","html-slider-response","8","97193","0.0-8.0","spunlr","Fri Sep 23 2022 08:21:52 GMT+0200 (CEST)","2022","9","23","8","21","52","dlg05","Doing sport","Inner voice","90","25","female","right","81","73","68","1","0","","","50","73"
"5373","<p>How Hungry or Satiated are you right now?</p>","","html-slider-response","9","102568","0.0-9.0","spunlr","Fri Sep 23 2022 08:21:52 GMT+0200 (CEST)","2022","9","23","8","21","52","dlg05","Doing sport","Inner voice","90","25","female","right","81","73","68","1","0","","","50","68"
"9653","","","survey-multi-choice","10","112224","0.0-10.0","spunlr","Fri Sep 23 2022 08:21:52 GMT+0200 (CEST)","2022","9","23","8","21","52","dlg05","Doing sport","Inner voice","90","25","female","right","81","73","68","1","0","{""Sleep"":""1"",""Eat"":""0""}","[0,1]","",""
