"rt","stimulus","key_press","trial_type","trial_index","time_elapsed","internal_node_id","exp_id","Time","year","month","date","hour","minute","seconds","id","Activity","MentalActivity","HeartRate","age","Gender","Handedness","mood","fresh","hunger","H_since_Sleep","H_since_Eat","responses","question_order","slider_start","response"
"null","<p>Welcome to this 1 min. survey on daily rhythms, body and mood.</p><p>You will be asked to report your heart-rate</p><p>and given some questions about yourself.</p><p>Take the test when prompted and/or at different times of the day/night.</p><p>Please make a personal ID (three letters+ two numbers, e.g. ept23).</p><p>Write it down and use this ID whenever taking the test.</p>","null","html-keyboard-response","0","10011","0.0-0.0","7fbudp","Thu Nov 17 2022 19:48:21 GMT+0100 (Central European Standard Time)","2022","11","17","19","48","21","jqi11","Eating","Unsymbolized thinking","81","28","female","right","98","32","100","12","0","","","",""
"13351.899999976158","","","survey-text","1","23389","0.0-1.0","7fbudp","Thu Nov 17 2022 19:48:21 GMT+0100 (Central European Standard Time)","2022","11","17","19","48","21","jqi11","Eating","Unsymbolized thinking","81","28","female","right","98","32","100","12","0","{""Q0"":""jqi11""}","","",""
"13326.800000011921","","","survey-multi-choice","2","36731","0.0-2.0","7fbudp","Thu Nov 17 2022 19:48:21 GMT+0100 (Central European Standard Time)","2022","11","17","19","48","21","jqi11","Eating","Unsymbolized thinking","81","28","female","right","98","32","100","12","0","{""Activity"":""Eating""}","[0]","",""
"10315.300000011921","","","survey-multi-choice","3","47058","0.0-3.0","7fbudp","Thu Nov 17 2022 19:48:21 GMT+0100 (Central European Standard Time)","2022","11","17","19","48","21","jqi11","Eating","Unsymbolized thinking","81","28","female","right","98","32","100","12","0","{""MentalActivity"":""Unsymbolized thinking""}","[0]","",""
"4531.599999964237","","","survey-multi-choice","4","51624","0.0-4.0","7fbudp","Thu Nov 17 2022 19:48:21 GMT+0100 (Central European Standard Time)","2022","11","17","19","48","21","jqi11","Eating","Unsymbolized thinking","81","28","female","right","98","32","100","12","0","{""HeartRate"":""81""}","[0]","",""
"3670.7000000476837","","","survey-text","5","55306","0.0-5.0","7fbudp","Thu Nov 17 2022 19:48:21 GMT+0100 (Central European Standard Time)","2022","11","17","19","48","21","jqi11","Eating","Unsymbolized thinking","81","28","female","right","98","32","100","12","0","{""Q0"":""28""}","","",""
"5017","","","survey-multi-choice","6","60336","0.0-6.0","7fbudp","Thu Nov 17 2022 19:48:21 GMT+0100 (Central European Standard Time)","2022","11","17","19","48","21","jqi11","Eating","Unsymbolized thinking","81","28","female","right","98","32","100","12","0","{""Gender"":""female"",""Hand"":""right""}","[0,1]","",""
"7505","<p>How Sad/Angry or Happy are you right now?</p>","","html-slider-response","7","67860","0.0-7.0","7fbudp","Thu Nov 17 2022 19:48:21 GMT+0100 (Central European Standard Time)","2022","11","17","19","48","21","jqi11","Eating","Unsymbolized thinking","81","28","female","right","98","32","100","12","0","","","50","98"
"8987.800000011921","<p>How Tired/Sleepy/Distracted or Fresh/Awake/Alert are you right now?</p>","","html-slider-response","8","76858","0.0-8.0","7fbudp","Thu Nov 17 2022 19:48:21 GMT+0100 (Central European Standard Time)","2022","11","17","19","48","21","jqi11","Eating","Unsymbolized thinking","81","28","female","right","98","32","100","12","0","","","50","32"
"3892","<p>How Hungry or Satiated are you right now?</p>","","html-slider-response","9","80761","0.0-9.0","7fbudp","Thu Nov 17 2022 19:48:21 GMT+0100 (Central European Standard Time)","2022","11","17","19","48","21","jqi11","Eating","Unsymbolized thinking","81","28","female","right","98","32","100","12","0","","","50","100"
"18776","","","survey-multi-choice","10","99574","0.0-10.0","7fbudp","Thu Nov 17 2022 19:48:21 GMT+0100 (Central European Standard Time)","2022","11","17","19","48","21","jqi11","Eating","Unsymbolized thinking","81","28","female","right","98","32","100","12","0","{""Sleep"":""12"",""Eat"":""0""}","[0,1]","",""
