"rt","stimulus","key_press","trial_type","trial_index","time_elapsed","internal_node_id","exp_id","Time","year","month","date","hour","minute","seconds","id","HeartRate","age","Gender","Handedness","mood","fresh","hunger","H_since_Sleep","H_since_Eat","Activity","MentalActivity","responses","question_order","slider_start","response"
"null","<p>Welcome to this 1 min. survey on daily rhythms, body and mood.</p><p>You will be asked to report your heart-rate</p><p>and given some questions about yourself.</p><p>Take the test when prompted and/or at different times of the day/night.</p><p>Please make a personal ID (three letters+ two numbers, e.g. ept23).</p><p>Write it down and use this ID whenever taking the test.</p>","null","html-keyboard-response","0","10006","0.0-0.0","h2tbx0","Thu Sep 08 2022 18:08:55 GMT+0200 (CEST)","2022","9","8","18","8","55","qwe12","99","49","male","right","81","73","13","11","6","Commuting","Inner voice","","","",""
"12193","","","survey-text","1","22209","0.0-1.0","h2tbx0","Thu Sep 08 2022 18:08:55 GMT+0200 (CEST)","2022","9","8","18","8","55","qwe12","99","49","male","right","81","73","13","11","6","Commuting","Inner voice","{""Q0"":""qwe12""}","","",""
"13105","","","survey-multi-choice","2","35320","0.0-2.0","h2tbx0","Thu Sep 08 2022 18:08:55 GMT+0200 (CEST)","2022","9","8","18","8","55","qwe12","99","49","male","right","81","73","13","11","6","Commuting","Inner voice","{""HeartRate"":""99""}","[0]","",""
"6330","","","survey-text","3","41657","0.0-3.0","h2tbx0","Thu Sep 08 2022 18:08:55 GMT+0200 (CEST)","2022","9","8","18","8","55","qwe12","99","49","male","right","81","73","13","11","6","Commuting","Inner voice","{""Q0"":""49""}","","",""
"4468.000000000007","","","survey-multi-choice","4","46128","0.0-4.0","h2tbx0","Thu Sep 08 2022 18:08:55 GMT+0200 (CEST)","2022","9","8","18","8","55","qwe12","99","49","male","right","81","73","13","11","6","Commuting","Inner voice","{""Gender"":""male"",""Hand"":""right""}","[0,1]","",""
"4728","<p>How Sad/Angry or Happy are you right now?</p>","","html-slider-response","5","50860","0.0-5.0","h2tbx0","Thu Sep 08 2022 18:08:55 GMT+0200 (CEST)","2022","9","8","18","8","55","qwe12","99","49","male","right","81","73","13","11","6","Commuting","Inner voice","","","50","81"
"3968.9999999999927","<p>How Tired/Sleepy/Distracted or Fresh/Awake/Alert are you right now?</p>","","html-slider-response","6","54832","0.0-6.0","h2tbx0","Thu Sep 08 2022 18:08:55 GMT+0200 (CEST)","2022","9","8","18","8","55","qwe12","99","49","male","right","81","73","13","11","6","Commuting","Inner voice","","","50","73"
"7048","<p>How Hungry or Satiated are you right now?</p>","","html-slider-response","7","61882","0.0-7.0","h2tbx0","Thu Sep 08 2022 18:08:55 GMT+0200 (CEST)","2022","9","8","18","8","55","qwe12","99","49","male","right","81","73","13","11","6","Commuting","Inner voice","","","50","13"
"51117.99999999999","","","survey-multi-choice","8","113005","0.0-8.0","h2tbx0","Thu Sep 08 2022 18:08:55 GMT+0200 (CEST)","2022","9","8","18","8","55","qwe12","99","49","male","right","81","73","13","11","6","Commuting","Inner voice","{""Sleep"":""11"",""Eat"":""6""}","[0,1]","",""
"4844","","","survey-multi-choice","9","117853","0.0-9.0","h2tbx0","Thu Sep 08 2022 18:08:55 GMT+0200 (CEST)","2022","9","8","18","8","55","qwe12","99","49","male","right","81","73","13","11","6","Commuting","Inner voice","{""Activity"":""Commuting""}","[0]","",""
"5560","","","survey-multi-choice","10","123427","0.0-10.0","h2tbx0","Thu Sep 08 2022 18:08:55 GMT+0200 (CEST)","2022","9","8","18","8","55","qwe12","99","49","male","right","81","73","13","11","6","Commuting","Inner voice","{""MentalActivity"":""Inner voice""}","[0]","",""
