"rt","stimulus","key_press","trial_type","trial_index","time_elapsed","internal_node_id","exp_id","Time","year","month","date","hour","minute","seconds","id","Activity","MentalActivity","HeartRate","age","Gender","Handedness","mood","fresh","hunger","H_since_Sleep","H_since_Eat","responses","question_order","slider_start","response"
"null","<p>Welcome to this 1 min. survey on daily rhythms, body and mood.</p><p>You will be asked to report your heart-rate</p><p>and given some questions about yourself.</p><p>Take the test when prompted and/or at different times of the day/night.</p><p>Please make a personal ID (three letters+ two numbers, e.g. ept23).</p><p>Write it down and use this ID whenever taking the test.</p>","null","html-keyboard-response","0","10137","0.0-0.0","muxl1v","Wed Nov 02 2022 22:48:17 GMT+0100 (Centraleuropæisk normaltid)","2022","11","2","22","48","17","kau00","Chatting","Sensory awareness","75","23","female","right","98","11","43","17","3","","","",""
"2219240","","","survey-text","1","2229498","0.0-1.0","muxl1v","Wed Nov 02 2022 22:48:17 GMT+0100 (Centraleuropæisk normaltid)","2022","11","2","22","48","17","kau00","Chatting","Sensory awareness","75","23","female","right","98","11","43","17","3","{""Q0"":""kau00""}","","",""
"10473","","","survey-multi-choice","2","2239990","0.0-2.0","muxl1v","Wed Nov 02 2022 22:48:17 GMT+0100 (Centraleuropæisk normaltid)","2022","11","2","22","48","17","kau00","Chatting","Sensory awareness","75","23","female","right","98","11","43","17","3","{""Activity"":""Chatting""}","[0]","",""
"3492","","","survey-multi-choice","3","2243489","0.0-3.0","muxl1v","Wed Nov 02 2022 22:48:17 GMT+0100 (Centraleuropæisk normaltid)","2022","11","2","22","48","17","kau00","Chatting","Sensory awareness","75","23","female","right","98","11","43","17","3","{""MentalActivity"":""Sensory awareness""}","[0]","",""
"52277.000000000466","","","survey-multi-choice","4","2295775","0.0-4.0","muxl1v","Wed Nov 02 2022 22:48:17 GMT+0100 (Centraleuropæisk normaltid)","2022","11","2","22","48","17","kau00","Chatting","Sensory awareness","75","23","female","right","98","11","43","17","3","{""HeartRate"":""75""}","[0]","",""
"2432","","","survey-text","5","2298224","0.0-5.0","muxl1v","Wed Nov 02 2022 22:48:17 GMT+0100 (Centraleuropæisk normaltid)","2022","11","2","22","48","17","kau00","Chatting","Sensory awareness","75","23","female","right","98","11","43","17","3","{""Q0"":""23""}","","",""
"2980.9999999995343","","","survey-multi-choice","6","2301208","0.0-6.0","muxl1v","Wed Nov 02 2022 22:48:17 GMT+0100 (Centraleuropæisk normaltid)","2022","11","2","22","48","17","kau00","Chatting","Sensory awareness","75","23","female","right","98","11","43","17","3","{""Gender"":""female"",""Hand"":""right""}","[0,1]","",""
"3086","<p>How Sad/Angry or Happy are you right now?</p>","","html-slider-response","7","2304305","0.0-7.0","muxl1v","Wed Nov 02 2022 22:48:17 GMT+0100 (Centraleuropæisk normaltid)","2022","11","2","22","48","17","kau00","Chatting","Sensory awareness","75","23","female","right","98","11","43","17","3","","","50","98"
"3560","<p>How Tired/Sleepy/Distracted or Fresh/Awake/Alert are you right now?</p>","","html-slider-response","8","2307867","0.0-8.0","muxl1v","Wed Nov 02 2022 22:48:17 GMT+0100 (Centraleuropæisk normaltid)","2022","11","2","22","48","17","kau00","Chatting","Sensory awareness","75","23","female","right","98","11","43","17","3","","","50","11"
"2980","<p>How Hungry or Satiated are you right now?</p>","","html-slider-response","9","2310850","0.0-9.0","muxl1v","Wed Nov 02 2022 22:48:17 GMT+0100 (Centraleuropæisk normaltid)","2022","11","2","22","48","17","kau00","Chatting","Sensory awareness","75","23","female","right","98","11","43","17","3","","","50","43"
"21761","","","survey-multi-choice","10","2332617","0.0-10.0","muxl1v","Wed Nov 02 2022 22:48:17 GMT+0100 (Centraleuropæisk normaltid)","2022","11","2","22","48","17","kau00","Chatting","Sensory awareness","75","23","female","right","98","11","43","17","3","{""Sleep"":""17"",""Eat"":""3""}","[0,1]","",""
