"rt","stimulus","key_press","trial_type","trial_index","time_elapsed","internal_node_id","exp_id","Time","year","month","date","hour","minute","seconds","id","Activity","MentalActivity","HeartRate","age","Gender","Handedness","mood","fresh","hunger","H_since_Sleep","H_since_Eat","responses","question_order","slider_start","response"
"null","<p>Welcome to this 1 min. survey on daily rhythms, body and mood.</p><p>You will be asked to report your heart-rate</p><p>and given some questions about yourself.</p><p>Take the test when prompted and/or at different times of the day/night.</p><p>Please make a personal ID (three letters+ two numbers, e.g. ept23).</p><p>Write it down and use this ID whenever taking the test.</p>","null","html-keyboard-response","0","10017","0.0-0.0","lngdkx","Fri Sep 23 2022 11:57:07 GMT+0200 (Central European Summer Time)","2022","9","23","11","57","7","ESG44","Working, Studying","Unsymbolized thinking","80","25","female","right","60","77","74","4","0","","","",""
"8426.200000047684","","","survey-text","1","18510","0.0-1.0","lngdkx","Fri Sep 23 2022 11:57:07 GMT+0200 (Central European Summer Time)","2022","9","23","11","57","7","ESG44","Working, Studying","Unsymbolized thinking","80","25","female","right","60","77","74","4","0","{""Q0"":""ESG44""}","","",""
"7696.199999988079","","","survey-multi-choice","2","26230","0.0-2.0","lngdkx","Fri Sep 23 2022 11:57:07 GMT+0200 (Central European Summer Time)","2022","9","23","11","57","7","ESG44","Working, Studying","Unsymbolized thinking","80","25","female","right","60","77","74","4","0","{""Activity"":""Working, Studying""}","[0]","",""
"25642.80000001192","","","survey-multi-choice","3","51880","0.0-3.0","lngdkx","Fri Sep 23 2022 11:57:07 GMT+0200 (Central European Summer Time)","2022","9","23","11","57","7","ESG44","Working, Studying","Unsymbolized thinking","80","25","female","right","60","77","74","4","0","{""MentalActivity"":""Unsymbolized thinking""}","[0]","",""
"7153.899999976158","","","survey-multi-choice","4","59055","0.0-4.0","lngdkx","Fri Sep 23 2022 11:57:07 GMT+0200 (Central European Summer Time)","2022","9","23","11","57","7","ESG44","Working, Studying","Unsymbolized thinking","80","25","female","right","60","77","74","4","0","{""HeartRate"":""80""}","[0]","",""
"5467.699999988079","","","survey-text","5","64538","0.0-5.0","lngdkx","Fri Sep 23 2022 11:57:07 GMT+0200 (Central European Summer Time)","2022","9","23","11","57","7","ESG44","Working, Studying","Unsymbolized thinking","80","25","female","right","60","77","74","4","0","{""Q0"":""25""}","","",""
"8652.099999964237","","","survey-multi-choice","6","73206","0.0-6.0","lngdkx","Fri Sep 23 2022 11:57:07 GMT+0200 (Central European Summer Time)","2022","9","23","11","57","7","ESG44","Working, Studying","Unsymbolized thinking","80","25","female","right","60","77","74","4","0","{""Gender"":""female"",""Hand"":""right""}","[0,1]","",""
"6363.399999976158","<p>How Sad/Angry or Happy are you right now?</p>","","html-slider-response","7","79580","0.0-7.0","lngdkx","Fri Sep 23 2022 11:57:07 GMT+0200 (Central European Summer Time)","2022","9","23","11","57","7","ESG44","Working, Studying","Unsymbolized thinking","80","25","female","right","60","77","74","4","0","","","50","60"
"6608.600000023842","<p>How Tired/Sleepy/Distracted or Fresh/Awake/Alert are you right now?</p>","","html-slider-response","8","86194","0.0-8.0","lngdkx","Fri Sep 23 2022 11:57:07 GMT+0200 (Central European Summer Time)","2022","9","23","11","57","7","ESG44","Working, Studying","Unsymbolized thinking","80","25","female","right","60","77","74","4","0","","","50","77"
"8000.5","<p>How Hungry or Satiated are you right now?</p>","","html-slider-response","9","94200","0.0-9.0","lngdkx","Fri Sep 23 2022 11:57:07 GMT+0200 (Central European Summer Time)","2022","9","23","11","57","7","ESG44","Working, Studying","Unsymbolized thinking","80","25","female","right","60","77","74","4","0","","","50","74"
"26736","","","survey-multi-choice","10","120948","0.0-10.0","lngdkx","Fri Sep 23 2022 11:57:07 GMT+0200 (Central European Summer Time)","2022","9","23","11","57","7","ESG44","Working, Studying","Unsymbolized thinking","80","25","female","right","60","77","74","4","0","{""Sleep"":""4"",""Eat"":""0""}","[0,1]","",""
