"rt","stimulus","key_press","trial_type","trial_index","time_elapsed","internal_node_id","exp_id","Time","year","month","date","hour","minute","seconds","id","HeartRate","age","Gender","Handedness","mood","fresh","hunger","H_since_Sleep","H_since_Eat","Activity","MentalActivity","responses","question_order","slider_start","response"
"null","<p>Welcome to this 1 min. survey on daily rhythms, body and mood.</p><p>You will be asked to report your heart-rate</p><p>and given some questions about yourself.</p><p>Take the test when prompted and/or at different times of the day/night.</p><p>Please make a personal ID (three letters+ two numbers, e.g. ept23).</p><p>Write it down and use this ID whenever taking the test.</p>","null","html-keyboard-response","0","10009","0.0-0.0","6o1gkh","Thu Sep 08 2022 16:31:26 GMT+0200 (Midden-Europese zomertijd)","2022","9","8","16","31","26","ufo88","69","22","female","right","78","50","66","9","1","Working, Studying","Sensory awareness","","","",""
"25987.5","","","survey-text","1","36005","0.0-1.0","6o1gkh","Thu Sep 08 2022 16:31:26 GMT+0200 (Midden-Europese zomertijd)","2022","9","8","16","31","26","ufo88","69","22","female","right","78","50","66","9","1","Working, Studying","Sensory awareness","{""Q0"":""ufo88""}","","",""
"328573.60000002384","","","survey-multi-choice","2","364597","0.0-2.0","6o1gkh","Thu Sep 08 2022 16:31:26 GMT+0200 (Midden-Europese zomertijd)","2022","9","8","16","31","26","ufo88","69","22","female","right","78","50","66","9","1","Working, Studying","Sensory awareness","{""HeartRate"":""69""}","[0]","",""
"4895","","","survey-text","3","369496","0.0-3.0","6o1gkh","Thu Sep 08 2022 16:31:26 GMT+0200 (Midden-Europese zomertijd)","2022","9","8","16","31","26","ufo88","69","22","female","right","78","50","66","9","1","Working, Studying","Sensory awareness","{""Q0"":""22""}","","",""
"9469.100000023842","","","survey-multi-choice","4","378968","0.0-4.0","6o1gkh","Thu Sep 08 2022 16:31:26 GMT+0200 (Midden-Europese zomertijd)","2022","9","8","16","31","26","ufo88","69","22","female","right","78","50","66","9","1","Working, Studying","Sensory awareness","{""Gender"":""female"",""Hand"":""right""}","[0,1]","",""
"15400.399999976158","<p>How Sad/Angry or Happy are you right now?</p>","","html-slider-response","5","394373","0.0-5.0","6o1gkh","Thu Sep 08 2022 16:31:26 GMT+0200 (Midden-Europese zomertijd)","2022","9","8","16","31","26","ufo88","69","22","female","right","78","50","66","9","1","Working, Studying","Sensory awareness","","","50","78"
"9477.300000011921","<p>How Tired/Sleepy/Distracted or Fresh/Awake/Alert are you right now?</p>","","html-slider-response","6","403852","0.0-6.0","6o1gkh","Thu Sep 08 2022 16:31:26 GMT+0200 (Midden-Europese zomertijd)","2022","9","8","16","31","26","ufo88","69","22","female","right","78","50","66","9","1","Working, Studying","Sensory awareness","","","50","50"
"9326","<p>How Hungry or Satiated are you right now?</p>","","html-slider-response","7","413181","0.0-7.0","6o1gkh","Thu Sep 08 2022 16:31:26 GMT+0200 (Midden-Europese zomertijd)","2022","9","8","16","31","26","ufo88","69","22","female","right","78","50","66","9","1","Working, Studying","Sensory awareness","","","50","66"
"111629.69999998808","","","survey-multi-choice","8","524817","0.0-8.0","6o1gkh","Thu Sep 08 2022 16:31:26 GMT+0200 (Midden-Europese zomertijd)","2022","9","8","16","31","26","ufo88","69","22","female","right","78","50","66","9","1","Working, Studying","Sensory awareness","{""Sleep"":""9"",""Eat"":""1""}","[0,1]","",""
"23698.5","","","survey-multi-choice","9","548520","0.0-9.0","6o1gkh","Thu Sep 08 2022 16:31:26 GMT+0200 (Midden-Europese zomertijd)","2022","9","8","16","31","26","ufo88","69","22","female","right","78","50","66","9","1","Working, Studying","Sensory awareness","{""Activity"":""Working, Studying""}","[0]","",""
"427088.90000003576","","","survey-multi-choice","10","962927","0.0-10.0","6o1gkh","Thu Sep 08 2022 16:31:26 GMT+0200 (Midden-Europese zomertijd)","2022","9","8","16","31","26","ufo88","69","22","female","right","78","50","66","9","1","Working, Studying","Sensory awareness","{""MentalActivity"":""Sensory awareness""}","[0]","",""
