"rt","stimulus","key_press","trial_type","trial_index","time_elapsed","internal_node_id","exp_id","Time","year","month","date","hour","minute","seconds","id","Activity","MentalActivity","HeartRate","age","Gender","Handedness","mood","fresh","hunger","H_since_Sleep","H_since_Eat","responses","question_order","slider_start","response"
"null","<p>Welcome to this 1 min. survey on daily rhythms, body and mood.</p><p>You will be asked to report your heart-rate</p><p>and given some questions about yourself.</p><p>Take the test when prompted and/or at different times of the day/night.</p><p>Please make a personal ID (three letters+ two numbers, e.g. ept23).</p><p>Write it down and use this ID whenever taking the test.</p>","null","html-keyboard-response","0","10025","0.0-0.0","6ab1wo","Sun Sep 25 2022 19:56:34 GMT+0200 (Centraleuropæisk sommertid)","2022","9","25","19","56","34","kau00","Watching TV","Unsymbolized thinking","69","23","female","right","60","59","93","10","0","","","",""
"11073","","","survey-text","1","21136","0.0-1.0","6ab1wo","Sun Sep 25 2022 19:56:34 GMT+0200 (Centraleuropæisk sommertid)","2022","9","25","19","56","34","kau00","Watching TV","Unsymbolized thinking","69","23","female","right","60","59","93","10","0","{""Q0"":""kau00""}","","",""
"6552","","","survey-multi-choice","2","27693","0.0-2.0","6ab1wo","Sun Sep 25 2022 19:56:34 GMT+0200 (Centraleuropæisk sommertid)","2022","9","25","19","56","34","kau00","Watching TV","Unsymbolized thinking","69","23","female","right","60","59","93","10","0","{""Activity"":""Watching TV""}","[0]","",""
"22366","","","survey-multi-choice","3","50062","0.0-3.0","6ab1wo","Sun Sep 25 2022 19:56:34 GMT+0200 (Centraleuropæisk sommertid)","2022","9","25","19","56","34","kau00","Watching TV","Unsymbolized thinking","69","23","female","right","60","59","93","10","0","{""MentalActivity"":""Unsymbolized thinking""}","[0]","",""
"48327","","","survey-multi-choice","4","98397","0.0-4.0","6ab1wo","Sun Sep 25 2022 19:56:34 GMT+0200 (Centraleuropæisk sommertid)","2022","9","25","19","56","34","kau00","Watching TV","Unsymbolized thinking","69","23","female","right","60","59","93","10","0","{""HeartRate"":""69""}","[0]","",""
"2473","","","survey-text","5","100881","0.0-5.0","6ab1wo","Sun Sep 25 2022 19:56:34 GMT+0200 (Centraleuropæisk sommertid)","2022","9","25","19","56","34","kau00","Watching TV","Unsymbolized thinking","69","23","female","right","60","59","93","10","0","{""Q0"":""23""}","","",""
"3448","","","survey-multi-choice","6","104332","0.0-6.0","6ab1wo","Sun Sep 25 2022 19:56:34 GMT+0200 (Centraleuropæisk sommertid)","2022","9","25","19","56","34","kau00","Watching TV","Unsymbolized thinking","69","23","female","right","60","59","93","10","0","{""Gender"":""female"",""Hand"":""right""}","[0,1]","",""
"4021","<p>How Sad/Angry or Happy are you right now?</p>","","html-slider-response","7","108359","0.0-7.0","6ab1wo","Sun Sep 25 2022 19:56:34 GMT+0200 (Centraleuropæisk sommertid)","2022","9","25","19","56","34","kau00","Watching TV","Unsymbolized thinking","69","23","female","right","60","59","93","10","0","","","50","60"
"2879","<p>How Tired/Sleepy/Distracted or Fresh/Awake/Alert are you right now?</p>","","html-slider-response","8","111242","0.0-8.0","6ab1wo","Sun Sep 25 2022 19:56:34 GMT+0200 (Centraleuropæisk sommertid)","2022","9","25","19","56","34","kau00","Watching TV","Unsymbolized thinking","69","23","female","right","60","59","93","10","0","","","50","59"
"3347","<p>How Hungry or Satiated are you right now?</p>","","html-slider-response","9","114591","0.0-9.0","6ab1wo","Sun Sep 25 2022 19:56:34 GMT+0200 (Centraleuropæisk sommertid)","2022","9","25","19","56","34","kau00","Watching TV","Unsymbolized thinking","69","23","female","right","60","59","93","10","0","","","50","93"
"14694.000000000015","","","survey-multi-choice","10","129291","0.0-10.0","6ab1wo","Sun Sep 25 2022 19:56:34 GMT+0200 (Centraleuropæisk sommertid)","2022","9","25","19","56","34","kau00","Watching TV","Unsymbolized thinking","69","23","female","right","60","59","93","10","0","{""Sleep"":""10"",""Eat"":""0""}","[0,1]","",""
