"rt","stimulus","key_press","trial_type","trial_index","time_elapsed","internal_node_id","exp_id","Time","year","month","date","hour","minute","seconds","id","Activity","MentalActivity","HeartRate","age","Gender","Handedness","mood","fresh","hunger","H_since_Sleep","H_since_Eat","responses","question_order","slider_start","response"
"null","<p>Welcome to this 1 min. survey on daily rhythms, body and mood.</p><p>You will be asked to report your heart-rate</p><p>and given some questions about yourself.</p><p>Take the test when prompted and/or at different times of the day/night.</p><p>Please make a personal ID (three letters+ two numbers, e.g. ept23).</p><p>Write it down and use this ID whenever taking the test.</p>","null","html-keyboard-response","0","10009","0.0-0.0","v6379f","Tue Sep 20 2022 09:24:07 GMT+0200 (CEST)","2022","9","20","9","24","7","pid10","Working, Studying","Feelings","66","23","female","right","13","37","44","2","2","","","",""
"4720","","","survey-text","1","14743","0.0-1.0","v6379f","Tue Sep 20 2022 09:24:07 GMT+0200 (CEST)","2022","9","20","9","24","7","pid10","Working, Studying","Feelings","66","23","female","right","13","37","44","2","2","{""Q0"":""pid10""}","","",""
"4023","","","survey-multi-choice","2","18769","0.0-2.0","v6379f","Tue Sep 20 2022 09:24:07 GMT+0200 (CEST)","2022","9","20","9","24","7","pid10","Working, Studying","Feelings","66","23","female","right","13","37","44","2","2","{""Activity"":""Working, Studying""}","[0]","",""
"8880","","","survey-multi-choice","3","27651","0.0-3.0","v6379f","Tue Sep 20 2022 09:24:07 GMT+0200 (CEST)","2022","9","20","9","24","7","pid10","Working, Studying","Feelings","66","23","female","right","13","37","44","2","2","{""MentalActivity"":""Feelings""}","[0]","",""
"5485","","","survey-multi-choice","4","33142","0.0-4.0","v6379f","Tue Sep 20 2022 09:24:07 GMT+0200 (CEST)","2022","9","20","9","24","7","pid10","Working, Studying","Feelings","66","23","female","right","13","37","44","2","2","{""HeartRate"":""66""}","[0]","",""
"3138","","","survey-text","5","36289","0.0-5.0","v6379f","Tue Sep 20 2022 09:24:07 GMT+0200 (CEST)","2022","9","20","9","24","7","pid10","Working, Studying","Feelings","66","23","female","right","13","37","44","2","2","{""Q0"":""23""}","","",""
"2700","","","survey-multi-choice","6","38992","0.0-6.0","v6379f","Tue Sep 20 2022 09:24:07 GMT+0200 (CEST)","2022","9","20","9","24","7","pid10","Working, Studying","Feelings","66","23","female","right","13","37","44","2","2","{""Gender"":""female"",""Hand"":""right""}","[0,1]","",""
"3517.0000000000073","<p>How Sad/Angry or Happy are you right now?</p>","","html-slider-response","7","42513","0.0-7.0","v6379f","Tue Sep 20 2022 09:24:07 GMT+0200 (CEST)","2022","9","20","9","24","7","pid10","Working, Studying","Feelings","66","23","female","right","13","37","44","2","2","","","50","13"
"9896","<p>How Tired/Sleepy/Distracted or Fresh/Awake/Alert are you right now?</p>","","html-slider-response","8","52411","0.0-8.0","v6379f","Tue Sep 20 2022 09:24:07 GMT+0200 (CEST)","2022","9","20","9","24","7","pid10","Working, Studying","Feelings","66","23","female","right","13","37","44","2","2","","","50","37"
"4585","<p>How Hungry or Satiated are you right now?</p>","","html-slider-response","9","56998","0.0-9.0","v6379f","Tue Sep 20 2022 09:24:07 GMT+0200 (CEST)","2022","9","20","9","24","7","pid10","Working, Studying","Feelings","66","23","female","right","13","37","44","2","2","","","50","44"
"12068.999999999993","","","survey-multi-choice","10","69073","0.0-10.0","v6379f","Tue Sep 20 2022 09:24:07 GMT+0200 (CEST)","2022","9","20","9","24","7","pid10","Working, Studying","Feelings","66","23","female","right","13","37","44","2","2","{""Sleep"":""2"",""Eat"":""2""}","[0,1]","",""
