"rt","stimulus","key_press","trial_type","trial_index","time_elapsed","internal_node_id","exp_id","Time","year","month","date","hour","minute","seconds","id","Activity","MentalActivity","HeartRate","age","Gender","Handedness","mood","fresh","hunger","H_since_Sleep","H_since_Eat","responses","question_order","slider_start","response"
"null","<p>Welcome to this 1 min. survey on daily rhythms, body and mood.</p><p>You will be asked to report your heart-rate</p><p>and given some questions about yourself.</p><p>Take the test when prompted and/or at different times of the day/night.</p><p>Please make a personal ID (three letters+ two numbers, e.g. ept23).</p><p>Write it down and use this ID whenever taking the test.</p>","null","html-keyboard-response","0","10009","0.0-0.0","2tsj7z","Tue Sep 20 2022 07:08:49 GMT+0200 (CEST)","2022","9","20","7","8","49","pid10","Showering, Getting Ready","Inner voice","60","23","female","right","20","26","33","0","12","","","",""
"6954","","","survey-text","1","16978","0.0-1.0","2tsj7z","Tue Sep 20 2022 07:08:49 GMT+0200 (CEST)","2022","9","20","7","8","49","pid10","Showering, Getting Ready","Inner voice","60","23","female","right","20","26","33","0","12","{""Q0"":""pid10""}","","",""
"14139","","","survey-multi-choice","2","31120","0.0-2.0","2tsj7z","Tue Sep 20 2022 07:08:49 GMT+0200 (CEST)","2022","9","20","7","8","49","pid10","Showering, Getting Ready","Inner voice","60","23","female","right","20","26","33","0","12","{""Activity"":""Showering, Getting Ready""}","[0]","",""
"12184","","","survey-multi-choice","3","43307","0.0-3.0","2tsj7z","Tue Sep 20 2022 07:08:49 GMT+0200 (CEST)","2022","9","20","7","8","49","pid10","Showering, Getting Ready","Inner voice","60","23","female","right","20","26","33","0","12","{""MentalActivity"":""Inner voice""}","[0]","",""
"5385","","","survey-multi-choice","4","48699","0.0-4.0","2tsj7z","Tue Sep 20 2022 07:08:49 GMT+0200 (CEST)","2022","9","20","7","8","49","pid10","Showering, Getting Ready","Inner voice","60","23","female","right","20","26","33","0","12","{""HeartRate"":""60""}","[0]","",""
"2932","","","survey-text","5","51640","0.0-5.0","2tsj7z","Tue Sep 20 2022 07:08:49 GMT+0200 (CEST)","2022","9","20","7","8","49","pid10","Showering, Getting Ready","Inner voice","60","23","female","right","20","26","33","0","12","{""Q0"":""23""}","","",""
"3516","","","survey-multi-choice","6","55158","0.0-6.0","2tsj7z","Tue Sep 20 2022 07:08:49 GMT+0200 (CEST)","2022","9","20","7","8","49","pid10","Showering, Getting Ready","Inner voice","60","23","female","right","20","26","33","0","12","{""Gender"":""female"",""Hand"":""right""}","[0,1]","",""
"5529.999999999993","<p>How Sad/Angry or Happy are you right now?</p>","","html-slider-response","7","60693","0.0-7.0","2tsj7z","Tue Sep 20 2022 07:08:49 GMT+0200 (CEST)","2022","9","20","7","8","49","pid10","Showering, Getting Ready","Inner voice","60","23","female","right","20","26","33","0","12","","","50","20"
"5688","<p>How Tired/Sleepy/Distracted or Fresh/Awake/Alert are you right now?</p>","","html-slider-response","8","66383","0.0-8.0","2tsj7z","Tue Sep 20 2022 07:08:49 GMT+0200 (CEST)","2022","9","20","7","8","49","pid10","Showering, Getting Ready","Inner voice","60","23","female","right","20","26","33","0","12","","","50","26"
"5087","<p>How Hungry or Satiated are you right now?</p>","","html-slider-response","9","71473","0.0-9.0","2tsj7z","Tue Sep 20 2022 07:08:49 GMT+0200 (CEST)","2022","9","20","7","8","49","pid10","Showering, Getting Ready","Inner voice","60","23","female","right","20","26","33","0","12","","","50","33"
"15227","","","survey-multi-choice","10","86705","0.0-10.0","2tsj7z","Tue Sep 20 2022 07:08:49 GMT+0200 (CEST)","2022","9","20","7","8","49","pid10","Showering, Getting Ready","Inner voice","60","23","female","right","20","26","33","0","12","{""Sleep"":""0"",""Eat"":""12""}","[0,1]","",""
