"rt","stimulus","key_press","trial_type","trial_index","time_elapsed","internal_node_id","exp_id","Time","year","month","date","hour","minute","seconds","id","Activity","MentalActivity","HeartRate","age","Gender","Handedness","mood","fresh","hunger","H_since_Sleep","H_since_Eat","responses","question_order","slider_start","response"
"null","<p>Welcome to this 1 min. survey on daily rhythms, body and mood.</p><p>You will be asked to report your heart-rate</p><p>and given some questions about yourself.</p><p>Take the test when prompted and/or at different times of the day/night.</p><p>Please make a personal ID (three letters+ two numbers, e.g. ept23).</p><p>Write it down and use this ID whenever taking the test.</p>","null","html-keyboard-response","0","10027","0.0-0.0","1ras6b","Fri Sep 09 2022 06:41:46 GMT+0200 (CEST)","2022","9","9","6","41","46","woo55","Sleeping, Resting","Feelings","69","","female","right","31","7","28","0","6","","","",""
"13799","","","survey-text","1","23889","0.0-1.0","1ras6b","Fri Sep 09 2022 06:41:46 GMT+0200 (CEST)","2022","9","9","6","41","46","woo55","Sleeping, Resting","Feelings","69","","female","right","31","7","28","0","6","{""Q0"":""woo55""}","","",""
"18517","","","survey-multi-choice","2","42418","0.0-2.0","1ras6b","Fri Sep 09 2022 06:41:46 GMT+0200 (CEST)","2022","9","9","6","41","46","woo55","Sleeping, Resting","Feelings","69","","female","right","31","7","28","0","6","{""Activity"":""Sleeping, Resting""}","[0]","",""
"11573","","","survey-multi-choice","3","53999","0.0-3.0","1ras6b","Fri Sep 09 2022 06:41:46 GMT+0200 (CEST)","2022","9","9","6","41","46","woo55","Sleeping, Resting","Feelings","69","","female","right","31","7","28","0","6","{""MentalActivity"":""Feelings""}","[0]","",""
"9450.000000000007","","","survey-multi-choice","4","63459","0.0-4.0","1ras6b","Fri Sep 09 2022 06:41:46 GMT+0200 (CEST)","2022","9","9","6","41","46","woo55","Sleeping, Resting","Feelings","69","","female","right","31","7","28","0","6","{""HeartRate"":""69""}","[0]","",""
"1985","","","survey-text","5","65454","0.0-5.0","1ras6b","Fri Sep 09 2022 06:41:46 GMT+0200 (CEST)","2022","9","9","6","41","46","woo55","Sleeping, Resting","Feelings","69","","female","right","31","7","28","0","6","{""Q0"":""""}","","",""
"12029","","","survey-multi-choice","6","77486","0.0-6.0","1ras6b","Fri Sep 09 2022 06:41:46 GMT+0200 (CEST)","2022","9","9","6","41","46","woo55","Sleeping, Resting","Feelings","69","","female","right","31","7","28","0","6","{""Gender"":""female"",""Hand"":""right""}","[0,1]","",""
"6654","<p>How Sad/Angry or Happy are you right now?</p>","","html-slider-response","7","84149","0.0-7.0","1ras6b","Fri Sep 09 2022 06:41:46 GMT+0200 (CEST)","2022","9","9","6","41","46","woo55","Sleeping, Resting","Feelings","69","","female","right","31","7","28","0","6","","","50","31"
"10160","<p>How Tired/Sleepy/Distracted or Fresh/Awake/Alert are you right now?</p>","","html-slider-response","8","94312","0.0-8.0","1ras6b","Fri Sep 09 2022 06:41:46 GMT+0200 (CEST)","2022","9","9","6","41","46","woo55","Sleeping, Resting","Feelings","69","","female","right","31","7","28","0","6","","","50","7"
"10451","<p>How Hungry or Satiated are you right now?</p>","","html-slider-response","9","104765","0.0-9.0","1ras6b","Fri Sep 09 2022 06:41:46 GMT+0200 (CEST)","2022","9","9","6","41","46","woo55","Sleeping, Resting","Feelings","69","","female","right","31","7","28","0","6","","","50","28"
"15118","","","survey-multi-choice","10","119888","0.0-10.0","1ras6b","Fri Sep 09 2022 06:41:46 GMT+0200 (CEST)","2022","9","9","6","41","46","woo55","Sleeping, Resting","Feelings","69","","female","right","31","7","28","0","6","{""Sleep"":""0"",""Eat"":""6""}","[0,1]","",""
