"rt","stimulus","key_press","trial_type","trial_index","time_elapsed","internal_node_id","exp_id","Time","year","month","date","hour","minute","seconds","id","Activity","MentalActivity","HeartRate","age","Gender","Handedness","mood","fresh","hunger","H_since_Sleep","H_since_Eat","responses","question_order","slider_start","response"
"null","<p>Welcome to this 1 min. survey on daily rhythms, body and mood.</p><p>You will be asked to report your heart-rate</p><p>and given some questions about yourself.</p><p>Take the test when prompted and/or at different times of the day/night.</p><p>Please make a personal ID (three letters+ two numbers, e.g. ept23).</p><p>Write it down and use this ID whenever taking the test.</p>","null","html-keyboard-response","0","10011","0.0-0.0","zw67pz","Sat Sep 10 2022 22:57:32 GMT+0200 (CEST)","2022","9","10","22","57","32","pid10","Texting, Emailing, Social Networking","Inner voice","54","23","female","right","66","40","38","15","4","","","",""
"8315","","","survey-text","1","18347","0.0-1.0","zw67pz","Sat Sep 10 2022 22:57:32 GMT+0200 (CEST)","2022","9","10","22","57","32","pid10","Texting, Emailing, Social Networking","Inner voice","54","23","female","right","66","40","38","15","4","{""Q0"":""pid10""}","","",""
"29825","","","survey-multi-choice","2","48176","0.0-2.0","zw67pz","Sat Sep 10 2022 22:57:32 GMT+0200 (CEST)","2022","9","10","22","57","32","pid10","Texting, Emailing, Social Networking","Inner voice","54","23","female","right","66","40","38","15","4","{""Activity"":""Texting, Emailing, Social Networking""}","[0]","",""
"7947","","","survey-multi-choice","3","56126","0.0-3.0","zw67pz","Sat Sep 10 2022 22:57:32 GMT+0200 (CEST)","2022","9","10","22","57","32","pid10","Texting, Emailing, Social Networking","Inner voice","54","23","female","right","66","40","38","15","4","{""MentalActivity"":""Inner voice""}","[0]","",""
"3885","","","survey-multi-choice","4","60018","0.0-4.0","zw67pz","Sat Sep 10 2022 22:57:32 GMT+0200 (CEST)","2022","9","10","22","57","32","pid10","Texting, Emailing, Social Networking","Inner voice","54","23","female","right","66","40","38","15","4","{""HeartRate"":""54""}","[0]","",""
"4570","","","survey-text","5","64595","0.0-5.0","zw67pz","Sat Sep 10 2022 22:57:32 GMT+0200 (CEST)","2022","9","10","22","57","32","pid10","Texting, Emailing, Social Networking","Inner voice","54","23","female","right","66","40","38","15","4","{""Q0"":""23""}","","",""
"3111.0000000000073","","","survey-multi-choice","6","67710","0.0-6.0","zw67pz","Sat Sep 10 2022 22:57:32 GMT+0200 (CEST)","2022","9","10","22","57","32","pid10","Texting, Emailing, Social Networking","Inner voice","54","23","female","right","66","40","38","15","4","{""Gender"":""female"",""Hand"":""right""}","[0,1]","",""
"5315","<p>How Sad/Angry or Happy are you right now?</p>","","html-slider-response","7","73029","0.0-7.0","zw67pz","Sat Sep 10 2022 22:57:32 GMT+0200 (CEST)","2022","9","10","22","57","32","pid10","Texting, Emailing, Social Networking","Inner voice","54","23","female","right","66","40","38","15","4","","","50","66"
"8472","<p>How Tired/Sleepy/Distracted or Fresh/Awake/Alert are you right now?</p>","","html-slider-response","8","81504","0.0-8.0","zw67pz","Sat Sep 10 2022 22:57:32 GMT+0200 (CEST)","2022","9","10","22","57","32","pid10","Texting, Emailing, Social Networking","Inner voice","54","23","female","right","66","40","38","15","4","","","50","40"
"8992","<p>How Hungry or Satiated are you right now?</p>","","html-slider-response","9","90499","0.0-9.0","zw67pz","Sat Sep 10 2022 22:57:32 GMT+0200 (CEST)","2022","9","10","22","57","32","pid10","Texting, Emailing, Social Networking","Inner voice","54","23","female","right","66","40","38","15","4","","","50","38"
"31130","","","survey-multi-choice","10","121634","0.0-10.0","zw67pz","Sat Sep 10 2022 22:57:32 GMT+0200 (CEST)","2022","9","10","22","57","32","pid10","Texting, Emailing, Social Networking","Inner voice","54","23","female","right","66","40","38","15","4","{""Sleep"":""15"",""Eat"":""4""}","[0,1]","",""
