"rt","stimulus","key_press","trial_type","trial_index","time_elapsed","internal_node_id","exp_id","Time","year","month","date","hour","minute","seconds","id","Activity","MentalActivity","HeartRate","age","Gender","Handedness","mood","fresh","hunger","H_since_Sleep","H_since_Eat","responses","question_order","slider_start","response"
"null","<p>Welcome to this 1 min. survey on daily rhythms, body and mood.</p><p>You will be asked to report your heart-rate</p><p>and given some questions about yourself.</p><p>Take the test when prompted and/or at different times of the day/night.</p><p>Please make a personal ID (three letters+ two numbers, e.g. ept23).</p><p>Write it down and use this ID whenever taking the test.</p>","null","html-keyboard-response","0","10017","0.0-0.0","b7t2o4","Fri Oct 14 2022 22:53:43 GMT+0200 (Central European Summer Time)","2022","10","14","22","53","43","ESG44","Watching TV","Sensory awareness","71","25","female","right","85","22","88","16","2","","","",""
"7704.70000000298","","","survey-text","1","17769","0.0-1.0","b7t2o4","Fri Oct 14 2022 22:53:43 GMT+0200 (Central European Summer Time)","2022","10","14","22","53","43","ESG44","Watching TV","Sensory awareness","71","25","female","right","85","22","88","16","2","{""Q0"":""ESG44""}","","",""
"5445.89999999851","","","survey-multi-choice","2","23237","0.0-2.0","b7t2o4","Fri Oct 14 2022 22:53:43 GMT+0200 (Central European Summer Time)","2022","10","14","22","53","43","ESG44","Watching TV","Sensory awareness","71","25","female","right","85","22","88","16","2","{""Activity"":""Watching TV""}","[0]","",""
"60438.89999999851","","","survey-multi-choice","3","83684","0.0-3.0","b7t2o4","Fri Oct 14 2022 22:53:43 GMT+0200 (Central European Summer Time)","2022","10","14","22","53","43","ESG44","Watching TV","Sensory awareness","71","25","female","right","85","22","88","16","2","{""MentalActivity"":""Sensory awareness""}","[0]","",""
"6079","","","survey-multi-choice","4","89786","0.0-4.0","b7t2o4","Fri Oct 14 2022 22:53:43 GMT+0200 (Central European Summer Time)","2022","10","14","22","53","43","ESG44","Watching TV","Sensory awareness","71","25","female","right","85","22","88","16","2","{""HeartRate"":""71""}","[0]","",""
"3598.10000000149","","","survey-text","5","93399","0.0-5.0","b7t2o4","Fri Oct 14 2022 22:53:43 GMT+0200 (Central European Summer Time)","2022","10","14","22","53","43","ESG44","Watching TV","Sensory awareness","71","25","female","right","85","22","88","16","2","{""Q0"":""25""}","","",""
"6844.5","","","survey-multi-choice","6","100261","0.0-6.0","b7t2o4","Fri Oct 14 2022 22:53:43 GMT+0200 (Central European Summer Time)","2022","10","14","22","53","43","ESG44","Watching TV","Sensory awareness","71","25","female","right","85","22","88","16","2","{""Gender"":""female"",""Hand"":""right""}","[0,1]","",""
"3100.39999999851","<p>How Sad/Angry or Happy are you right now?</p>","","html-slider-response","7","103372","0.0-7.0","b7t2o4","Fri Oct 14 2022 22:53:43 GMT+0200 (Central European Summer Time)","2022","10","14","22","53","43","ESG44","Watching TV","Sensory awareness","71","25","female","right","85","22","88","16","2","","","50","85"
"3070.10000000149","<p>How Tired/Sleepy/Distracted or Fresh/Awake/Alert are you right now?</p>","","html-slider-response","8","106448","0.0-8.0","b7t2o4","Fri Oct 14 2022 22:53:43 GMT+0200 (Central European Summer Time)","2022","10","14","22","53","43","ESG44","Watching TV","Sensory awareness","71","25","female","right","85","22","88","16","2","","","50","22"
"3615.39999999851","<p>How Hungry or Satiated are you right now?</p>","","html-slider-response","9","110069","0.0-9.0","b7t2o4","Fri Oct 14 2022 22:53:43 GMT+0200 (Central European Summer Time)","2022","10","14","22","53","43","ESG44","Watching TV","Sensory awareness","71","25","female","right","85","22","88","16","2","","","50","88"
"26739.5","","","survey-multi-choice","10","136820","0.0-10.0","b7t2o4","Fri Oct 14 2022 22:53:43 GMT+0200 (Central European Summer Time)","2022","10","14","22","53","43","ESG44","Watching TV","Sensory awareness","71","25","female","right","85","22","88","16","2","{""Sleep"":""16"",""Eat"":""2""}","[0,1]","",""
