"rt","stimulus","key_press","trial_type","trial_index","time_elapsed","internal_node_id","exp_id","Time","year","month","date","hour","minute","seconds","id","Activity","MentalActivity","HeartRate","age","Gender","Handedness","mood","fresh","hunger","H_since_Sleep","H_since_Eat","responses","question_order","slider_start","response"
"null","<p>Welcome to this 1 min. survey on daily rhythms, body and mood.</p><p>You will be asked to report your heart-rate</p><p>and given some questions about yourself.</p><p>Take the test when prompted and/or at different times of the day/night.</p><p>Please make a personal ID (three letters+ two numbers, e.g. ept23).</p><p>Write it down and use this ID whenever taking the test.</p>","null","html-keyboard-response","0","10941","0.0-0.0","fmx2o6","Mon Nov 07 2022 10:55:44 GMT+0100 (Central European Standard Time)","2022","11","7","10","55","44","jqi11","Texting, Emailing, Social Networking","Unsymbolized thinking","90","28","female","right","94","67","100","4","0","","","",""
"42720.69999998808","","","survey-text","1","53692","0.0-1.0","fmx2o6","Mon Nov 07 2022 10:55:44 GMT+0100 (Central European Standard Time)","2022","11","7","10","55","44","jqi11","Texting, Emailing, Social Networking","Unsymbolized thinking","90","28","female","right","94","67","100","4","0","{""Q0"":""jqi11""}","","",""
"17252.60000000894","","","survey-multi-choice","2","70957","0.0-2.0","fmx2o6","Mon Nov 07 2022 10:55:44 GMT+0100 (Central European Standard Time)","2022","11","7","10","55","44","jqi11","Texting, Emailing, Social Networking","Unsymbolized thinking","90","28","female","right","94","67","100","4","0","{""Activity"":""Texting, Emailing, Social Networking""}","[0]","",""
"29174.09999999404","","","survey-multi-choice","3","100142","0.0-3.0","fmx2o6","Mon Nov 07 2022 10:55:44 GMT+0100 (Central European Standard Time)","2022","11","7","10","55","44","jqi11","Texting, Emailing, Social Networking","Unsymbolized thinking","90","28","female","right","94","67","100","4","0","{""MentalActivity"":""Unsymbolized thinking""}","[0]","",""
"5300.20000000298","","","survey-multi-choice","4","105476","0.0-4.0","fmx2o6","Mon Nov 07 2022 10:55:44 GMT+0100 (Central European Standard Time)","2022","11","7","10","55","44","jqi11","Texting, Emailing, Social Networking","Unsymbolized thinking","90","28","female","right","94","67","100","4","0","{""HeartRate"":""90""}","[0]","",""
"4166.399999991059","","","survey-text","5","109656","0.0-5.0","fmx2o6","Mon Nov 07 2022 10:55:44 GMT+0100 (Central European Standard Time)","2022","11","7","10","55","44","jqi11","Texting, Emailing, Social Networking","Unsymbolized thinking","90","28","female","right","94","67","100","4","0","{""Q0"":""28""}","","",""
"6316.29999999702","","","survey-multi-choice","6","115983","0.0-6.0","fmx2o6","Mon Nov 07 2022 10:55:44 GMT+0100 (Central European Standard Time)","2022","11","7","10","55","44","jqi11","Texting, Emailing, Social Networking","Unsymbolized thinking","90","28","female","right","94","67","100","4","0","{""Gender"":""female"",""Hand"":""right""}","[0,1]","",""
"7921.5","<p>How Sad/Angry or Happy are you right now?</p>","","html-slider-response","7","123919","0.0-7.0","fmx2o6","Mon Nov 07 2022 10:55:44 GMT+0100 (Central European Standard Time)","2022","11","7","10","55","44","jqi11","Texting, Emailing, Social Networking","Unsymbolized thinking","90","28","female","right","94","67","100","4","0","","","50","94"
"3679.5999999940395","<p>How Tired/Sleepy/Distracted or Fresh/Awake/Alert are you right now?</p>","","html-slider-response","8","127613","0.0-8.0","fmx2o6","Mon Nov 07 2022 10:55:44 GMT+0100 (Central European Standard Time)","2022","11","7","10","55","44","jqi11","Texting, Emailing, Social Networking","Unsymbolized thinking","90","28","female","right","94","67","100","4","0","","","50","67"
"5616.5999999940395","<p>How Hungry or Satiated are you right now?</p>","","html-slider-response","9","133238","0.0-9.0","fmx2o6","Mon Nov 07 2022 10:55:44 GMT+0100 (Central European Standard Time)","2022","11","7","10","55","44","jqi11","Texting, Emailing, Social Networking","Unsymbolized thinking","90","28","female","right","94","67","100","4","0","","","50","100"
"16790.10000000894","","","survey-multi-choice","10","150058","0.0-10.0","fmx2o6","Mon Nov 07 2022 10:55:44 GMT+0100 (Central European Standard Time)","2022","11","7","10","55","44","jqi11","Texting, Emailing, Social Networking","Unsymbolized thinking","90","28","female","right","94","67","100","4","0","{""Sleep"":""4"",""Eat"":""0""}","[0,1]","",""
