"rt","stimulus","key_press","trial_type","trial_index","time_elapsed","internal_node_id","exp_id","Time","year","month","date","hour","minute","seconds","id","Activity","MentalActivity","HeartRate","age","Gender","Handedness","mood","fresh","hunger","H_since_Sleep","H_since_Eat","responses","question_order","slider_start","response"
"null","<p>Welcome to this 1 min. survey on daily rhythms, body and mood.</p><p>You will be asked to report your heart-rate</p><p>and given some questions about yourself.</p><p>Take the test when prompted and/or at different times of the day/night.</p><p>Please make a personal ID (three letters+ two numbers, e.g. ept23).</p><p>Write it down and use this ID whenever taking the test.</p>","null","html-keyboard-response","0","10013","0.0-0.0","6totyh","Thu Sep 22 2022 22:17:15 GMT+0200 (Central European Summer Time)","2022","9","22","22","17","15","jqi11","Texting, Emailing, Social Networking","Unsymbolized thinking","69","28","female","right","90","1","33","6","3","","","",""
"8991.599999904633","","","survey-text","1","19025","0.0-1.0","6totyh","Thu Sep 22 2022 22:17:15 GMT+0200 (Central European Summer Time)","2022","9","22","22","17","15","jqi11","Texting, Emailing, Social Networking","Unsymbolized thinking","69","28","female","right","90","1","33","6","3","{""Q0"":""jqi11""}","","",""
"67575.80000007153","","","survey-multi-choice","2","86617","0.0-2.0","6totyh","Thu Sep 22 2022 22:17:15 GMT+0200 (Central European Summer Time)","2022","9","22","22","17","15","jqi11","Texting, Emailing, Social Networking","Unsymbolized thinking","69","28","female","right","90","1","33","6","3","{""Activity"":""Texting, Emailing, Social Networking""}","[0]","",""
"11491.899999976158","","","survey-multi-choice","3","98123","0.0-3.0","6totyh","Thu Sep 22 2022 22:17:15 GMT+0200 (Central European Summer Time)","2022","9","22","22","17","15","jqi11","Texting, Emailing, Social Networking","Unsymbolized thinking","69","28","female","right","90","1","33","6","3","{""MentalActivity"":""Unsymbolized thinking""}","[0]","",""
"6409.299999952316","","","survey-multi-choice","4","104576","0.0-4.0","6totyh","Thu Sep 22 2022 22:17:15 GMT+0200 (Central European Summer Time)","2022","9","22","22","17","15","jqi11","Texting, Emailing, Social Networking","Unsymbolized thinking","69","28","female","right","90","1","33","6","3","{""HeartRate"":""69""}","[0]","",""
"4154","","","survey-text","5","108742","0.0-5.0","6totyh","Thu Sep 22 2022 22:17:15 GMT+0200 (Central European Summer Time)","2022","9","22","22","17","15","jqi11","Texting, Emailing, Social Networking","Unsymbolized thinking","69","28","female","right","90","1","33","6","3","{""Q0"":""28""}","","",""
"4924.199999928474","","","survey-multi-choice","6","113681","0.0-6.0","6totyh","Thu Sep 22 2022 22:17:15 GMT+0200 (Central European Summer Time)","2022","9","22","22","17","15","jqi11","Texting, Emailing, Social Networking","Unsymbolized thinking","69","28","female","right","90","1","33","6","3","{""Gender"":""female"",""Hand"":""right""}","[0,1]","",""
"7149.699999928474","<p>How Sad/Angry or Happy are you right now?</p>","","html-slider-response","7","120849","0.0-7.0","6totyh","Thu Sep 22 2022 22:17:15 GMT+0200 (Central European Summer Time)","2022","9","22","22","17","15","jqi11","Texting, Emailing, Social Networking","Unsymbolized thinking","69","28","female","right","90","1","33","6","3","","","50","90"
"17721.699999928474","<p>How Tired/Sleepy/Distracted or Fresh/Awake/Alert are you right now?</p>","","html-slider-response","8","138582","0.0-8.0","6totyh","Thu Sep 22 2022 22:17:15 GMT+0200 (Central European Summer Time)","2022","9","22","22","17","15","jqi11","Texting, Emailing, Social Networking","Unsymbolized thinking","69","28","female","right","90","1","33","6","3","","","50","1"
"5288.5","<p>How Hungry or Satiated are you right now?</p>","","html-slider-response","9","143887","0.0-9.0","6totyh","Thu Sep 22 2022 22:17:15 GMT+0200 (Central European Summer Time)","2022","9","22","22","17","15","jqi11","Texting, Emailing, Social Networking","Unsymbolized thinking","69","28","female","right","90","1","33","6","3","","","50","33"
"59784.800000071526","","","survey-multi-choice","10","203702","0.0-10.0","6totyh","Thu Sep 22 2022 22:17:15 GMT+0200 (Central European Summer Time)","2022","9","22","22","17","15","jqi11","Texting, Emailing, Social Networking","Unsymbolized thinking","69","28","female","right","90","1","33","6","3","{""Sleep"":""6"",""Eat"":""3""}","[0,1]","",""
