"rt","stimulus","key_press","trial_type","trial_index","time_elapsed","internal_node_id","exp_id","Time","year","month","date","hour","minute","seconds","id","Activity","MentalActivity","HeartRate","age","Gender","Handedness","mood","fresh","hunger","H_since_Sleep","H_since_Eat","responses","question_order","slider_start","response"
"null","<p>Welcome to this 1 min. survey on daily rhythms, body and mood.</p><p>You will be asked to report your heart-rate</p><p>and given some questions about yourself.</p><p>Take the test when prompted and/or at different times of the day/night.</p><p>Please make a personal ID (three letters+ two numbers, e.g. ept23).</p><p>Write it down and use this ID whenever taking the test.</p>","null","html-keyboard-response","0","13637","0.0-0.0","hbqs2b","Fri Sep 23 2022 08:14:43 GMT+0200 (CEST)","2022","9","23","8","14","43","qwe12","Thinking, Praying","Inner voice","69","49","male","right","84","95","92","2","1","","","",""
"5514","","","survey-text","1","19160","0.0-1.0","hbqs2b","Fri Sep 23 2022 08:14:43 GMT+0200 (CEST)","2022","9","23","8","14","43","qwe12","Thinking, Praying","Inner voice","69","49","male","right","84","95","92","2","1","{""Q0"":""qwe12""}","","",""
"33380","","","survey-multi-choice","2","52543","0.0-2.0","hbqs2b","Fri Sep 23 2022 08:14:43 GMT+0200 (CEST)","2022","9","23","8","14","43","qwe12","Thinking, Praying","Inner voice","69","49","male","right","84","95","92","2","1","{""Activity"":""Thinking, Praying""}","[0]","",""
"3846","","","survey-multi-choice","3","56391","0.0-3.0","hbqs2b","Fri Sep 23 2022 08:14:43 GMT+0200 (CEST)","2022","9","23","8","14","43","qwe12","Thinking, Praying","Inner voice","69","49","male","right","84","95","92","2","1","{""MentalActivity"":""Inner voice""}","[0]","",""
"88552","","","survey-multi-choice","4","144949","0.0-4.0","hbqs2b","Fri Sep 23 2022 08:14:43 GMT+0200 (CEST)","2022","9","23","8","14","43","qwe12","Thinking, Praying","Inner voice","69","49","male","right","84","95","92","2","1","{""HeartRate"":""69""}","[0]","",""
"4881","","","survey-text","5","149839","0.0-5.0","hbqs2b","Fri Sep 23 2022 08:14:43 GMT+0200 (CEST)","2022","9","23","8","14","43","qwe12","Thinking, Praying","Inner voice","69","49","male","right","84","95","92","2","1","{""Q0"":""49""}","","",""
"4617","","","survey-multi-choice","6","154458","0.0-6.0","hbqs2b","Fri Sep 23 2022 08:14:43 GMT+0200 (CEST)","2022","9","23","8","14","43","qwe12","Thinking, Praying","Inner voice","69","49","male","right","84","95","92","2","1","{""Gender"":""male"",""Hand"":""right""}","[0,1]","",""
"7727","<p>How Sad/Angry or Happy are you right now?</p>","","html-slider-response","7","162189","0.0-7.0","hbqs2b","Fri Sep 23 2022 08:14:43 GMT+0200 (CEST)","2022","9","23","8","14","43","qwe12","Thinking, Praying","Inner voice","69","49","male","right","84","95","92","2","1","","","50","84"
"7963","<p>How Tired/Sleepy/Distracted or Fresh/Awake/Alert are you right now?</p>","","html-slider-response","8","170155","0.0-8.0","hbqs2b","Fri Sep 23 2022 08:14:43 GMT+0200 (CEST)","2022","9","23","8","14","43","qwe12","Thinking, Praying","Inner voice","69","49","male","right","84","95","92","2","1","","","50","95"
"8183.000000000029","<p>How Hungry or Satiated are you right now?</p>","","html-slider-response","9","178341","0.0-9.0","hbqs2b","Fri Sep 23 2022 08:14:43 GMT+0200 (CEST)","2022","9","23","8","14","43","qwe12","Thinking, Praying","Inner voice","69","49","male","right","84","95","92","2","1","","","50","92"
"14240","","","survey-multi-choice","10","192586","0.0-10.0","hbqs2b","Fri Sep 23 2022 08:14:43 GMT+0200 (CEST)","2022","9","23","8","14","43","qwe12","Thinking, Praying","Inner voice","69","49","male","right","84","95","92","2","1","{""Sleep"":""2"",""Eat"":""1""}","[0,1]","",""
