"rt","stimulus","key_press","trial_type","trial_index","time_elapsed","internal_node_id","exp_id","Time","year","month","date","hour","minute","seconds","id","Activity","MentalActivity","HeartRate","age","Gender","Handedness","mood","fresh","hunger","H_since_Sleep","H_since_Eat","responses","question_order","slider_start","response"
"null","<p>Welcome to this 1 min. survey on daily rhythms, body and mood.</p><p>You will be asked to report your heart-rate</p><p>and given some questions about yourself.</p><p>Take the test when prompted and/or at different times of the day/night.</p><p>Please make a personal ID (three letters+ two numbers, e.g. ept23).</p><p>Write it down and use this ID whenever taking the test.</p>","null","html-keyboard-response","0","10032","0.0-0.0","cbvz03","Thu Sep 08 2022 21:29:14 GMT+0200 (Centraleuropæisk sommertid)","2022","9","8","21","29","14","rex13","Leisure","Inner voice","78","24","male","right","56","7","100","13","2","","","",""
"7925.5","","","survey-text","1","18083","0.0-1.0","cbvz03","Thu Sep 08 2022 21:29:14 GMT+0200 (Centraleuropæisk sommertid)","2022","9","8","21","29","14","rex13","Leisure","Inner voice","78","24","male","right","56","7","100","13","2","{""Q0"":""rex13""}","","",""
"6770.60000000149","","","survey-multi-choice","2","24872","0.0-2.0","cbvz03","Thu Sep 08 2022 21:29:14 GMT+0200 (Centraleuropæisk sommertid)","2022","9","8","21","29","14","rex13","Leisure","Inner voice","78","24","male","right","56","7","100","13","2","{""Activity"":""Leisure""}","[0]","",""
"8919.5","","","survey-multi-choice","3","33801","0.0-3.0","cbvz03","Thu Sep 08 2022 21:29:14 GMT+0200 (Centraleuropæisk sommertid)","2022","9","8","21","29","14","rex13","Leisure","Inner voice","78","24","male","right","56","7","100","13","2","{""MentalActivity"":""Inner voice""}","[0]","",""
"72674.79999999702","","","survey-multi-choice","4","106499","0.0-4.0","cbvz03","Thu Sep 08 2022 21:29:14 GMT+0200 (Centraleuropæisk sommertid)","2022","9","8","21","29","14","rex13","Leisure","Inner voice","78","24","male","right","56","7","100","13","2","{""HeartRate"":""78""}","[0]","",""
"3760.7999999970198","","","survey-text","5","110274","0.0-5.0","cbvz03","Thu Sep 08 2022 21:29:14 GMT+0200 (Centraleuropæisk sommertid)","2022","9","8","21","29","14","rex13","Leisure","Inner voice","78","24","male","right","56","7","100","13","2","{""Q0"":""24""}","","",""
"4430","","","survey-multi-choice","6","114718","0.0-6.0","cbvz03","Thu Sep 08 2022 21:29:14 GMT+0200 (Centraleuropæisk sommertid)","2022","9","8","21","29","14","rex13","Leisure","Inner voice","78","24","male","right","56","7","100","13","2","{""Gender"":""male"",""Hand"":""right""}","[0,1]","",""
"4481.60000000149","<p>How Sad/Angry or Happy are you right now?</p>","","html-slider-response","7","119213","0.0-7.0","cbvz03","Thu Sep 08 2022 21:29:14 GMT+0200 (Centraleuropæisk sommertid)","2022","9","8","21","29","14","rex13","Leisure","Inner voice","78","24","male","right","56","7","100","13","2","","","50","56"
"6627.39999999851","<p>How Tired/Sleepy/Distracted or Fresh/Awake/Alert are you right now?</p>","","html-slider-response","8","125847","0.0-8.0","cbvz03","Thu Sep 08 2022 21:29:14 GMT+0200 (Centraleuropæisk sommertid)","2022","9","8","21","29","14","rex13","Leisure","Inner voice","78","24","male","right","56","7","100","13","2","","","50","7"
"2892.10000000149","<p>How Hungry or Satiated are you right now?</p>","","html-slider-response","9","128747","0.0-9.0","cbvz03","Thu Sep 08 2022 21:29:14 GMT+0200 (Centraleuropæisk sommertid)","2022","9","8","21","29","14","rex13","Leisure","Inner voice","78","24","male","right","56","7","100","13","2","","","50","100"
"17475.5","","","survey-multi-choice","10","146235","0.0-10.0","cbvz03","Thu Sep 08 2022 21:29:14 GMT+0200 (Centraleuropæisk sommertid)","2022","9","8","21","29","14","rex13","Leisure","Inner voice","78","24","male","right","56","7","100","13","2","{""Sleep"":""13"",""Eat"":""2""}","[0,1]","",""
