"rt","stimulus","key_press","trial_type","trial_index","time_elapsed","internal_node_id","exp_id","Time","year","month","date","hour","minute","seconds","id","Activity","MentalActivity","HeartRate","age","Gender","Handedness","mood","fresh","hunger","H_since_Sleep","H_since_Eat","responses","question_order","slider_start","response"
"null","<p>Welcome to this 1 min. survey on daily rhythms, body and mood.</p><p>You will be asked to report your heart-rate</p><p>and given some questions about yourself.</p><p>Take the test when prompted and/or at different times of the day/night.</p><p>Please make a personal ID (three letters+ two numbers, e.g. ept23).</p><p>Write it down and use this ID whenever taking the test.</p>","null","html-keyboard-response","0","10004","0.0-0.0","voyc6q","Mon Sep 12 2022 11:05:45 GMT+0200 (CEST)","2022","9","12","11","5","45","qwe12","Working, Studying","Inner voice","66","49","male","right","83","96","25","5","4","","","",""
"8343","","","survey-text","1","18355","0.0-1.0","voyc6q","Mon Sep 12 2022 11:05:45 GMT+0200 (CEST)","2022","9","12","11","5","45","qwe12","Working, Studying","Inner voice","66","49","male","right","83","96","25","5","4","{""Q0"":""qwe12""}","","",""
"21657","","","survey-multi-choice","2","40017","0.0-2.0","voyc6q","Mon Sep 12 2022 11:05:45 GMT+0200 (CEST)","2022","9","12","11","5","45","qwe12","Working, Studying","Inner voice","66","49","male","right","83","96","25","5","4","{""Activity"":""Working, Studying""}","[0]","",""
"13471","","","survey-multi-choice","3","53491","0.0-3.0","voyc6q","Mon Sep 12 2022 11:05:45 GMT+0200 (CEST)","2022","9","12","11","5","45","qwe12","Working, Studying","Inner voice","66","49","male","right","83","96","25","5","4","{""MentalActivity"":""Inner voice""}","[0]","",""
"8595","","","survey-multi-choice","4","62093","0.0-4.0","voyc6q","Mon Sep 12 2022 11:05:45 GMT+0200 (CEST)","2022","9","12","11","5","45","qwe12","Working, Studying","Inner voice","66","49","male","right","83","96","25","5","4","{""HeartRate"":""66""}","[0]","",""
"3975","","","survey-text","5","66077","0.0-5.0","voyc6q","Mon Sep 12 2022 11:05:45 GMT+0200 (CEST)","2022","9","12","11","5","45","qwe12","Working, Studying","Inner voice","66","49","male","right","83","96","25","5","4","{""Q0"":""49""}","","",""
"3820","","","survey-multi-choice","6","69900","0.0-6.0","voyc6q","Mon Sep 12 2022 11:05:45 GMT+0200 (CEST)","2022","9","12","11","5","45","qwe12","Working, Studying","Inner voice","66","49","male","right","83","96","25","5","4","{""Gender"":""male"",""Hand"":""right""}","[0,1]","",""
"10091","<p>How Sad/Angry or Happy are you right now?</p>","","html-slider-response","7","79996","0.0-7.0","voyc6q","Mon Sep 12 2022 11:05:45 GMT+0200 (CEST)","2022","9","12","11","5","45","qwe12","Working, Studying","Inner voice","66","49","male","right","83","96","25","5","4","","","50","83"
"12247","<p>How Tired/Sleepy/Distracted or Fresh/Awake/Alert are you right now?</p>","","html-slider-response","8","92245","0.0-8.0","voyc6q","Mon Sep 12 2022 11:05:45 GMT+0200 (CEST)","2022","9","12","11","5","45","qwe12","Working, Studying","Inner voice","66","49","male","right","83","96","25","5","4","","","50","96"
"10817","<p>How Hungry or Satiated are you right now?</p>","","html-slider-response","9","103063","0.0-9.0","voyc6q","Mon Sep 12 2022 11:05:45 GMT+0200 (CEST)","2022","9","12","11","5","45","qwe12","Working, Studying","Inner voice","66","49","male","right","83","96","25","5","4","","","50","25"
"19682","","","survey-multi-choice","10","122750","0.0-10.0","voyc6q","Mon Sep 12 2022 11:05:45 GMT+0200 (CEST)","2022","9","12","11","5","45","qwe12","Working, Studying","Inner voice","66","49","male","right","83","96","25","5","4","{""Sleep"":""5"",""Eat"":""4""}","[0,1]","",""
