"rt","stimulus","key_press","trial_type","trial_index","time_elapsed","internal_node_id","exp_id","Time","year","month","date","hour","minute","seconds","id","Activity","MentalActivity","HeartRate","age","Gender","Handedness","mood","fresh","hunger","H_since_Sleep","H_since_Eat","responses","question_order","slider_start","response"
"null","<p>Welcome to this 1 min. survey on daily rhythms, body and mood.</p><p>You will be asked to report your heart-rate</p><p>and given some questions about yourself.</p><p>Take the test when prompted and/or at different times of the day/night.</p><p>Please make a personal ID (three letters+ two numbers, e.g. ept23).</p><p>Write it down and use this ID whenever taking the test.</p>","null","html-keyboard-response","0","10018","0.0-0.0","hjgjj1","Wed Nov 16 2022 08:39:01 GMT+0100 (CET)","2022","11","16","8","39","1","dlg05","Sleeping, Resting","Unsymbolized thinking","60","25","female","right","70","16","45","0","13","","","",""
"14076","","","survey-text","1","24117","0.0-1.0","hjgjj1","Wed Nov 16 2022 08:39:01 GMT+0100 (CET)","2022","11","16","8","39","1","dlg05","Sleeping, Resting","Unsymbolized thinking","60","25","female","right","70","16","45","0","13","{""Q0"":""dlg05""}","","",""
"5890","","","survey-multi-choice","2","30011","0.0-2.0","hjgjj1","Wed Nov 16 2022 08:39:01 GMT+0100 (CET)","2022","11","16","8","39","1","dlg05","Sleeping, Resting","Unsymbolized thinking","60","25","female","right","70","16","45","0","13","{""Activity"":""Sleeping, Resting""}","[0]","",""
"12116.999999999996","","","survey-multi-choice","3","42129","0.0-3.0","hjgjj1","Wed Nov 16 2022 08:39:01 GMT+0100 (CET)","2022","11","16","8","39","1","dlg05","Sleeping, Resting","Unsymbolized thinking","60","25","female","right","70","16","45","0","13","{""MentalActivity"":""Unsymbolized thinking""}","[0]","",""
"13228","","","survey-multi-choice","4","55367","0.0-4.0","hjgjj1","Wed Nov 16 2022 08:39:01 GMT+0100 (CET)","2022","11","16","8","39","1","dlg05","Sleeping, Resting","Unsymbolized thinking","60","25","female","right","70","16","45","0","13","{""HeartRate"":""60""}","[0]","",""
"3023","","","survey-text","5","58402","0.0-5.0","hjgjj1","Wed Nov 16 2022 08:39:01 GMT+0100 (CET)","2022","11","16","8","39","1","dlg05","Sleeping, Resting","Unsymbolized thinking","60","25","female","right","70","16","45","0","13","{""Q0"":""25""}","","",""
"3002.0000000000073","","","survey-multi-choice","6","61406","0.0-6.0","hjgjj1","Wed Nov 16 2022 08:39:01 GMT+0100 (CET)","2022","11","16","8","39","1","dlg05","Sleeping, Resting","Unsymbolized thinking","60","25","female","right","70","16","45","0","13","{""Gender"":""female"",""Hand"":""right""}","[0,1]","",""
"4385","<p>How Sad/Angry or Happy are you right now?</p>","","html-slider-response","7","65799","0.0-7.0","hjgjj1","Wed Nov 16 2022 08:39:01 GMT+0100 (CET)","2022","11","16","8","39","1","dlg05","Sleeping, Resting","Unsymbolized thinking","60","25","female","right","70","16","45","0","13","","","50","70"
"7257","<p>How Tired/Sleepy/Distracted or Fresh/Awake/Alert are you right now?</p>","","html-slider-response","8","73059","0.0-8.0","hjgjj1","Wed Nov 16 2022 08:39:01 GMT+0100 (CET)","2022","11","16","8","39","1","dlg05","Sleeping, Resting","Unsymbolized thinking","60","25","female","right","70","16","45","0","13","","","50","16"
"4113","<p>How Hungry or Satiated are you right now?</p>","","html-slider-response","9","77175","0.0-9.0","hjgjj1","Wed Nov 16 2022 08:39:01 GMT+0100 (CET)","2022","11","16","8","39","1","dlg05","Sleeping, Resting","Unsymbolized thinking","60","25","female","right","70","16","45","0","13","","","50","45"
"32510.000000000015","","","survey-multi-choice","10","109692","0.0-10.0","hjgjj1","Wed Nov 16 2022 08:39:01 GMT+0100 (CET)","2022","11","16","8","39","1","dlg05","Sleeping, Resting","Unsymbolized thinking","60","25","female","right","70","16","45","0","13","{""Sleep"":""0"",""Eat"":""13""}","[0,1]","",""
