"rt","stimulus","key_press","trial_type","trial_index","time_elapsed","internal_node_id","exp_id","Time","year","month","date","hour","minute","seconds","id","Activity","MentalActivity","HeartRate","age","Gender","Handedness","mood","fresh","hunger","H_since_Sleep","H_since_Eat","responses","question_order","slider_start","response"
"null","<p>Welcome to this 1 min. survey on daily rhythms, body and mood.</p><p>You will be asked to report your heart-rate</p><p>and given some questions about yourself.</p><p>Take the test when prompted and/or at different times of the day/night.</p><p>Please make a personal ID (three letters+ two numbers, e.g. ept23).</p><p>Write it down and use this ID whenever taking the test.</p>","null","html-keyboard-response","0","10033","0.0-0.0","ujuudg","Wed Sep 14 2022 11:29:57 GMT+0200 (CEST)","2022","9","14","11","29","57","yfg54","Chatting","Inner voice","81","23","female","right","85","98","38","4","3","","","",""
"12094","","","survey-text","1","22379","0.0-1.0","ujuudg","Wed Sep 14 2022 11:29:57 GMT+0200 (CEST)","2022","9","14","11","29","57","yfg54","Chatting","Inner voice","81","23","female","right","85","98","38","4","3","{""Q0"":""yfg54""}","","",""
"36881","","","survey-multi-choice","2","59279","0.0-2.0","ujuudg","Wed Sep 14 2022 11:29:57 GMT+0200 (CEST)","2022","9","14","11","29","57","yfg54","Chatting","Inner voice","81","23","female","right","85","98","38","4","3","{""Activity"":""Chatting""}","[0]","",""
"3482","","","survey-multi-choice","3","62766","0.0-3.0","ujuudg","Wed Sep 14 2022 11:29:57 GMT+0200 (CEST)","2022","9","14","11","29","57","yfg54","Chatting","Inner voice","81","23","female","right","85","98","38","4","3","{""MentalActivity"":""Inner voice""}","[0]","",""
"41038.99999999999","","","survey-multi-choice","4","103817","0.0-4.0","ujuudg","Wed Sep 14 2022 11:29:57 GMT+0200 (CEST)","2022","9","14","11","29","57","yfg54","Chatting","Inner voice","81","23","female","right","85","98","38","4","3","{""HeartRate"":""81""}","[0]","",""
"3971","","","survey-text","5","107804","0.0-5.0","ujuudg","Wed Sep 14 2022 11:29:57 GMT+0200 (CEST)","2022","9","14","11","29","57","yfg54","Chatting","Inner voice","81","23","female","right","85","98","38","4","3","{""Q0"":""23""}","","",""
"4665.999999999985","","","survey-multi-choice","6","112474","0.0-6.0","ujuudg","Wed Sep 14 2022 11:29:57 GMT+0200 (CEST)","2022","9","14","11","29","57","yfg54","Chatting","Inner voice","81","23","female","right","85","98","38","4","3","{""Gender"":""female"",""Hand"":""right""}","[0,1]","",""
"9242","<p>How Sad/Angry or Happy are you right now?</p>","","html-slider-response","7","121728","0.0-7.0","ujuudg","Wed Sep 14 2022 11:29:57 GMT+0200 (CEST)","2022","9","14","11","29","57","yfg54","Chatting","Inner voice","81","23","female","right","85","98","38","4","3","","","50","85"
"3364.9999999999854","<p>How Tired/Sleepy/Distracted or Fresh/Awake/Alert are you right now?</p>","","html-slider-response","8","125096","0.0-8.0","ujuudg","Wed Sep 14 2022 11:29:57 GMT+0200 (CEST)","2022","9","14","11","29","57","yfg54","Chatting","Inner voice","81","23","female","right","85","98","38","4","3","","","50","98"
"5000","<p>How Hungry or Satiated are you right now?</p>","","html-slider-response","9","130101","0.0-9.0","ujuudg","Wed Sep 14 2022 11:29:57 GMT+0200 (CEST)","2022","9","14","11","29","57","yfg54","Chatting","Inner voice","81","23","female","right","85","98","38","4","3","","","50","38"
"22953","","","survey-multi-choice","10","153063","0.0-10.0","ujuudg","Wed Sep 14 2022 11:29:57 GMT+0200 (CEST)","2022","9","14","11","29","57","yfg54","Chatting","Inner voice","81","23","female","right","85","98","38","4","3","{""Sleep"":""4"",""Eat"":""3""}","[0,1]","",""
