"rt","stimulus","key_press","trial_type","trial_index","time_elapsed","internal_node_id","exp_id","Time","year","month","date","hour","minute","seconds","id","Activity","MentalActivity","HeartRate","age","Gender","Handedness","mood","fresh","hunger","H_since_Sleep","H_since_Eat","responses","question_order","slider_start","response"
"null","<p>Welcome to this 1 min. survey on daily rhythms, body and mood.</p><p>You will be asked to report your heart-rate</p><p>and given some questions about yourself.</p><p>Take the test when prompted and/or at different times of the day/night.</p><p>Please make a personal ID (three letters+ two numbers, e.g. ept23).</p><p>Write it down and use this ID whenever taking the test.</p>","null","html-keyboard-response","0","10193","0.0-0.0","6j54ms","Sun Oct 23 2022 09:01:20 GMT+0200 (Central European Summer Time)","2022","10","23","9","1","20","ESG44","Sleeping, Resting","Feelings","62","25","female","right","67","36","36","0","9","","","",""
"49693.30000001192","","","survey-text","1","59919","0.0-1.0","6j54ms","Sun Oct 23 2022 09:01:20 GMT+0200 (Central European Summer Time)","2022","10","23","9","1","20","ESG44","Sleeping, Resting","Feelings","62","25","female","right","67","36","36","0","9","{""Q0"":""ESG44""}","","",""
"7752.200000017881","","","survey-multi-choice","2","67694","0.0-2.0","6j54ms","Sun Oct 23 2022 09:01:20 GMT+0200 (Central European Summer Time)","2022","10","23","9","1","20","ESG44","Sleeping, Resting","Feelings","62","25","female","right","67","36","36","0","9","{""Activity"":""Sleeping, Resting""}","[0]","",""
"7338.5","","","survey-multi-choice","3","75040","0.0-3.0","6j54ms","Sun Oct 23 2022 09:01:20 GMT+0200 (Central European Summer Time)","2022","10","23","9","1","20","ESG44","Sleeping, Resting","Feelings","62","25","female","right","67","36","36","0","9","{""MentalActivity"":""Feelings""}","[0]","",""
"5269","","","survey-multi-choice","4","80330","0.0-4.0","6j54ms","Sun Oct 23 2022 09:01:20 GMT+0200 (Central European Summer Time)","2022","10","23","9","1","20","ESG44","Sleeping, Resting","Feelings","62","25","female","right","67","36","36","0","9","{""HeartRate"":""62""}","[0]","",""
"3249.699999988079","","","survey-text","5","83593","0.0-5.0","6j54ms","Sun Oct 23 2022 09:01:20 GMT+0200 (Central European Summer Time)","2022","10","23","9","1","20","ESG44","Sleeping, Resting","Feelings","62","25","female","right","67","36","36","0","9","{""Q0"":""25""}","","",""
"3127.800000011921","","","survey-multi-choice","6","86747","0.0-6.0","6j54ms","Sun Oct 23 2022 09:01:20 GMT+0200 (Central European Summer Time)","2022","10","23","9","1","20","ESG44","Sleeping, Resting","Feelings","62","25","female","right","67","36","36","0","9","{""Gender"":""female"",""Hand"":""right""}","[0,1]","",""
"6324.699999988079","<p>How Sad/Angry or Happy are you right now?</p>","","html-slider-response","7","93084","0.0-7.0","6j54ms","Sun Oct 23 2022 09:01:20 GMT+0200 (Central European Summer Time)","2022","10","23","9","1","20","ESG44","Sleeping, Resting","Feelings","62","25","female","right","67","36","36","0","9","","","50","67"
"3680.199999988079","<p>How Tired/Sleepy/Distracted or Fresh/Awake/Alert are you right now?</p>","","html-slider-response","8","96770","0.0-8.0","6j54ms","Sun Oct 23 2022 09:01:20 GMT+0200 (Central European Summer Time)","2022","10","23","9","1","20","ESG44","Sleeping, Resting","Feelings","62","25","female","right","67","36","36","0","9","","","50","36"
"3907.0999999940395","<p>How Hungry or Satiated are you right now?</p>","","html-slider-response","9","100682","0.0-9.0","6j54ms","Sun Oct 23 2022 09:01:20 GMT+0200 (Central European Summer Time)","2022","10","23","9","1","20","ESG44","Sleeping, Resting","Feelings","62","25","female","right","67","36","36","0","9","","","50","36"
"9129.800000011921","","","survey-multi-choice","10","109824","0.0-10.0","6j54ms","Sun Oct 23 2022 09:01:20 GMT+0200 (Central European Summer Time)","2022","10","23","9","1","20","ESG44","Sleeping, Resting","Feelings","62","25","female","right","67","36","36","0","9","{""Sleep"":""0"",""Eat"":""9""}","[0,1]","",""
