"rt","stimulus","key_press","trial_type","trial_index","time_elapsed","internal_node_id","exp_id","Time","year","month","date","hour","minute","seconds","id","Activity","MentalActivity","HeartRate","age","Gender","Handedness","mood","fresh","hunger","H_since_Sleep","H_since_Eat","responses","question_order","slider_start","response"
"null","<p>Welcome to this 1 min. survey on daily rhythms, body and mood.</p><p>You will be asked to report your heart-rate</p><p>and given some questions about yourself.</p><p>Take the test when prompted and/or at different times of the day/night.</p><p>Please make a personal ID (three letters+ two numbers, e.g. ept23).</p><p>Write it down and use this ID whenever taking the test.</p>","null","html-keyboard-response","0","10016","0.0-0.0","xmanb2","Thu Oct 06 2022 20:10:51 GMT+0200 (Central European Summer Time)","2022","10","6","20","10","51","eeg339","Other","Inner voice","78","21","male","right","52","22","34","12","6","","","",""
"7889.599999964237","","","survey-text","1","17943","0.0-1.0","xmanb2","Thu Oct 06 2022 20:10:51 GMT+0200 (Central European Summer Time)","2022","10","6","20","10","51","eeg339","Other","Inner voice","78","21","male","right","52","22","34","12","6","{""Q0"":""eeg339""}","","",""
"24071.19999998808","","","survey-multi-choice","2","42027","0.0-2.0","xmanb2","Thu Oct 06 2022 20:10:51 GMT+0200 (Central European Summer Time)","2022","10","6","20","10","51","eeg339","Other","Inner voice","78","21","male","right","52","22","34","12","6","{""Activity"":""Other""}","[0]","",""
"25010.69999998808","","","survey-multi-choice","3","67050","0.0-3.0","xmanb2","Thu Oct 06 2022 20:10:51 GMT+0200 (Central European Summer Time)","2022","10","6","20","10","51","eeg339","Other","Inner voice","78","21","male","right","52","22","34","12","6","{""MentalActivity"":""Inner voice""}","[0]","",""
"60491.200000047684","","","survey-multi-choice","4","127572","0.0-4.0","xmanb2","Thu Oct 06 2022 20:10:51 GMT+0200 (Central European Summer Time)","2022","10","6","20","10","51","eeg339","Other","Inner voice","78","21","male","right","52","22","34","12","6","{""HeartRate"":""78""}","[0]","",""
"4044.400000035763","","","survey-text","5","131637","0.0-5.0","xmanb2","Thu Oct 06 2022 20:10:51 GMT+0200 (Central European Summer Time)","2022","10","6","20","10","51","eeg339","Other","Inner voice","78","21","male","right","52","22","34","12","6","{""Q0"":""21""}","","",""
"2778.800000011921","","","survey-multi-choice","6","134426","0.0-6.0","xmanb2","Thu Oct 06 2022 20:10:51 GMT+0200 (Central European Summer Time)","2022","10","6","20","10","51","eeg339","Other","Inner voice","78","21","male","right","52","22","34","12","6","{""Gender"":""male"",""Hand"":""right""}","[0,1]","",""
"6813.399999976158","<p>How Sad/Angry or Happy are you right now?</p>","","html-slider-response","7","141252","0.0-7.0","xmanb2","Thu Oct 06 2022 20:10:51 GMT+0200 (Central European Summer Time)","2022","10","6","20","10","51","eeg339","Other","Inner voice","78","21","male","right","52","22","34","12","6","","","50","52"
"9190.300000011921","<p>How Tired/Sleepy/Distracted or Fresh/Awake/Alert are you right now?</p>","","html-slider-response","8","150450","0.0-8.0","xmanb2","Thu Oct 06 2022 20:10:51 GMT+0200 (Central European Summer Time)","2022","10","6","20","10","51","eeg339","Other","Inner voice","78","21","male","right","52","22","34","12","6","","","50","22"
"4331.599999964237","<p>How Hungry or Satiated are you right now?</p>","","html-slider-response","9","154790","0.0-9.0","xmanb2","Thu Oct 06 2022 20:10:51 GMT+0200 (Central European Summer Time)","2022","10","6","20","10","51","eeg339","Other","Inner voice","78","21","male","right","52","22","34","12","6","","","50","34"
"43014.30000001192","","","survey-multi-choice","10","197822","0.0-10.0","xmanb2","Thu Oct 06 2022 20:10:51 GMT+0200 (Central European Summer Time)","2022","10","6","20","10","51","eeg339","Other","Inner voice","78","21","male","right","52","22","34","12","6","{""Sleep"":""12"",""Eat"":""6""}","[0,1]","",""
