"rt","stimulus","key_press","trial_type","trial_index","time_elapsed","internal_node_id","exp_id","Time","year","month","date","hour","minute","seconds","id","Activity","MentalActivity","HeartRate","age","Gender","Handedness","mood","fresh","hunger","H_since_Sleep","H_since_Eat","responses","question_order","slider_start","response"
"null","<p>Welcome to this 1 min. survey on daily rhythms, body and mood.</p><p>You will be asked to report your heart-rate</p><p>and given some questions about yourself.</p><p>Take the test when prompted and/or at different times of the day/night.</p><p>Please make a personal ID (three letters+ two numbers, e.g. ept23).</p><p>Write it down and use this ID whenever taking the test.</p>","null","html-keyboard-response","0","10009","0.0-0.0","e4bjc2","Mon Nov 07 2022 09:33:24 GMT+0100 (Central European Standard Time)","2022","11","7","9","33","24","pol12","Working, Studying","Unsymbolized thinking","55","25","female","right","60","30","80","2","2","","","",""
"5813.29999999702","","","survey-text","1","15829","0.0-1.0","e4bjc2","Mon Nov 07 2022 09:33:24 GMT+0100 (Central European Standard Time)","2022","11","7","9","33","24","pol12","Working, Studying","Unsymbolized thinking","55","25","female","right","60","30","80","2","2","{""Q0"":""pol12""}","","",""
"10036.79999999702","","","survey-multi-choice","2","25868","0.0-2.0","e4bjc2","Mon Nov 07 2022 09:33:24 GMT+0100 (Central European Standard Time)","2022","11","7","9","33","24","pol12","Working, Studying","Unsymbolized thinking","55","25","female","right","60","30","80","2","2","{""Activity"":""Working, Studying""}","[0]","",""
"8258.5","","","survey-multi-choice","3","34130","0.0-3.0","e4bjc2","Mon Nov 07 2022 09:33:24 GMT+0100 (Central European Standard Time)","2022","11","7","9","33","24","pol12","Working, Studying","Unsymbolized thinking","55","25","female","right","60","30","80","2","2","{""MentalActivity"":""Unsymbolized thinking""}","[0]","",""
"9274.10000000149","","","survey-multi-choice","4","43411","0.0-4.0","e4bjc2","Mon Nov 07 2022 09:33:24 GMT+0100 (Central European Standard Time)","2022","11","7","9","33","24","pol12","Working, Studying","Unsymbolized thinking","55","25","female","right","60","30","80","2","2","{""HeartRate"":""55""}","[0]","",""
"2836.7000000029802","","","survey-text","5","46253","0.0-5.0","e4bjc2","Mon Nov 07 2022 09:33:24 GMT+0100 (Central European Standard Time)","2022","11","7","9","33","24","pol12","Working, Studying","Unsymbolized thinking","55","25","female","right","60","30","80","2","2","{""Q0"":""25""}","","",""
"3241.5","","","survey-multi-choice","6","49497","0.0-6.0","e4bjc2","Mon Nov 07 2022 09:33:24 GMT+0100 (Central European Standard Time)","2022","11","7","9","33","24","pol12","Working, Studying","Unsymbolized thinking","55","25","female","right","60","30","80","2","2","{""Gender"":""female"",""Hand"":""right""}","[0,1]","",""
"4076.7999999970198","<p>How Sad/Angry or Happy are you right now?</p>","","html-slider-response","7","53580","0.0-7.0","e4bjc2","Mon Nov 07 2022 09:33:24 GMT+0100 (Central European Standard Time)","2022","11","7","9","33","24","pol12","Working, Studying","Unsymbolized thinking","55","25","female","right","60","30","80","2","2","","","50","60"
"12446","<p>How Tired/Sleepy/Distracted or Fresh/Awake/Alert are you right now?</p>","","html-slider-response","8","66027","0.0-8.0","e4bjc2","Mon Nov 07 2022 09:33:24 GMT+0100 (Central European Standard Time)","2022","11","7","9","33","24","pol12","Working, Studying","Unsymbolized thinking","55","25","female","right","60","30","80","2","2","","","50","30"
"7751.10000000149","<p>How Hungry or Satiated are you right now?</p>","","html-slider-response","9","73779","0.0-9.0","e4bjc2","Mon Nov 07 2022 09:33:24 GMT+0100 (Central European Standard Time)","2022","11","7","9","33","24","pol12","Working, Studying","Unsymbolized thinking","55","25","female","right","60","30","80","2","2","","","50","80"
"16164.79999999702","","","survey-multi-choice","10","89946","0.0-10.0","e4bjc2","Mon Nov 07 2022 09:33:24 GMT+0100 (Central European Standard Time)","2022","11","7","9","33","24","pol12","Working, Studying","Unsymbolized thinking","55","25","female","right","60","30","80","2","2","{""Sleep"":""2"",""Eat"":""2""}","[0,1]","",""
