"rt","stimulus","key_press","trial_type","trial_index","time_elapsed","internal_node_id","exp_id","Time","year","month","date","hour","minute","seconds","id","Activity","MentalActivity","HeartRate","age","Gender","Handedness","mood","fresh","hunger","H_since_Sleep","H_since_Eat","responses","question_order","slider_start","response"
"null","<p>Welcome to this 1 min. survey on daily rhythms, body and mood.</p><p>You will be asked to report your heart-rate</p><p>and given some questions about yourself.</p><p>Take the test when prompted and/or at different times of the day/night.</p><p>Please make a personal ID (three letters+ two numbers, e.g. ept23).</p><p>Write it down and use this ID whenever taking the test.</p>","null","html-keyboard-response","0","10022","0.0-0.0","e90kgl","Mon Sep 12 2022 12:12:32 GMT+0200 (Central European Summer Time)","2022","9","12","12","12","32","POP33","Waiting, Being in line","Unsymbolized thinking","69","25","female","right","59","42","35","6","2","","","",""
"9810","","","survey-text","1","19919","0.0-1.0","e90kgl","Mon Sep 12 2022 12:12:32 GMT+0200 (Central European Summer Time)","2022","9","12","12","12","32","POP33","Waiting, Being in line","Unsymbolized thinking","69","25","female","right","59","42","35","6","2","{""Q0"":""POP33""}","","",""
"27828.19999998808","","","survey-multi-choice","2","47769","0.0-2.0","e90kgl","Mon Sep 12 2022 12:12:32 GMT+0200 (Central European Summer Time)","2022","9","12","12","12","32","POP33","Waiting, Being in line","Unsymbolized thinking","69","25","female","right","59","42","35","6","2","{""Activity"":""Waiting, Being in line""}","[0]","",""
"6440.099999964237","","","survey-multi-choice","3","54217","0.0-3.0","e90kgl","Mon Sep 12 2022 12:12:32 GMT+0200 (Central European Summer Time)","2022","9","12","12","12","32","POP33","Waiting, Being in line","Unsymbolized thinking","69","25","female","right","59","42","35","6","2","{""MentalActivity"":""Unsymbolized thinking""}","[0]","",""
"5425.800000011921","","","survey-multi-choice","4","59665","0.0-4.0","e90kgl","Mon Sep 12 2022 12:12:32 GMT+0200 (Central European Summer Time)","2022","9","12","12","12","32","POP33","Waiting, Being in line","Unsymbolized thinking","69","25","female","right","59","42","35","6","2","{""HeartRate"":""69""}","[0]","",""
"3034","","","survey-text","5","62711","0.0-5.0","e90kgl","Mon Sep 12 2022 12:12:32 GMT+0200 (Central European Summer Time)","2022","9","12","12","12","32","POP33","Waiting, Being in line","Unsymbolized thinking","69","25","female","right","59","42","35","6","2","{""Q0"":""25""}","","",""
"4271.400000035763","","","survey-multi-choice","6","66991","0.0-6.0","e90kgl","Mon Sep 12 2022 12:12:32 GMT+0200 (Central European Summer Time)","2022","9","12","12","12","32","POP33","Waiting, Being in line","Unsymbolized thinking","69","25","female","right","59","42","35","6","2","{""Gender"":""female"",""Hand"":""right""}","[0,1]","",""
"9473.5","<p>How Sad/Angry or Happy are you right now?</p>","","html-slider-response","7","76473","0.0-7.0","e90kgl","Mon Sep 12 2022 12:12:32 GMT+0200 (Central European Summer Time)","2022","9","12","12","12","32","POP33","Waiting, Being in line","Unsymbolized thinking","69","25","female","right","59","42","35","6","2","","","50","59"
"9168.400000035763","<p>How Tired/Sleepy/Distracted or Fresh/Awake/Alert are you right now?</p>","","html-slider-response","8","85648","0.0-8.0","e90kgl","Mon Sep 12 2022 12:12:32 GMT+0200 (Central European Summer Time)","2022","9","12","12","12","32","POP33","Waiting, Being in line","Unsymbolized thinking","69","25","female","right","59","42","35","6","2","","","50","42"
"4189.299999952316","<p>How Hungry or Satiated are you right now?</p>","","html-slider-response","9","89843","0.0-9.0","e90kgl","Mon Sep 12 2022 12:12:32 GMT+0200 (Central European Summer Time)","2022","9","12","12","12","32","POP33","Waiting, Being in line","Unsymbolized thinking","69","25","female","right","59","42","35","6","2","","","50","35"
"15303.399999976158","","","survey-multi-choice","10","105157","0.0-10.0","e90kgl","Mon Sep 12 2022 12:12:32 GMT+0200 (Central European Summer Time)","2022","9","12","12","12","32","POP33","Waiting, Being in line","Unsymbolized thinking","69","25","female","right","59","42","35","6","2","{""Sleep"":""6"",""Eat"":""2""}","[0,1]","",""
