"rt","stimulus","key_press","trial_type","trial_index","time_elapsed","internal_node_id","exp_id","Time","year","month","date","hour","minute","seconds","id","Activity","MentalActivity","HeartRate","age","Gender","Handedness","mood","fresh","hunger","H_since_Sleep","H_since_Eat","responses","question_order","slider_start","response"
"null","<p>Welcome to this 1 min. survey on daily rhythms, body and mood.</p><p>You will be asked to report your heart-rate</p><p>and given some questions about yourself.</p><p>Take the test when prompted and/or at different times of the day/night.</p><p>Please make a personal ID (three letters+ two numbers, e.g. ept23).</p><p>Write it down and use this ID whenever taking the test.</p>","null","html-keyboard-response","0","10041","0.0-0.0","0sqdoc","Tue Sep 27 2022 07:22:40 GMT+0200 (CEST)","2022","9","27","7","22","40","qwe12","Sleeping, Resting","Sensory awareness","63","49","male","right","96","75","20","0","12","","","",""
"20163.000000000004","","","survey-text","1","30234","0.0-1.0","0sqdoc","Tue Sep 27 2022 07:22:40 GMT+0200 (CEST)","2022","9","27","7","22","40","qwe12","Sleeping, Resting","Sensory awareness","63","49","male","right","96","75","20","0","12","{""Q0"":""qwe12""}","","",""
"13738","","","survey-multi-choice","2","43976","0.0-2.0","0sqdoc","Tue Sep 27 2022 07:22:40 GMT+0200 (CEST)","2022","9","27","7","22","40","qwe12","Sleeping, Resting","Sensory awareness","63","49","male","right","96","75","20","0","12","{""Activity"":""Sleeping, Resting""}","[0]","",""
"7704","","","survey-multi-choice","3","51682","0.0-3.0","0sqdoc","Tue Sep 27 2022 07:22:40 GMT+0200 (CEST)","2022","9","27","7","22","40","qwe12","Sleeping, Resting","Sensory awareness","63","49","male","right","96","75","20","0","12","{""MentalActivity"":""Sensory awareness""}","[0]","",""
"10554","","","survey-multi-choice","4","62243","0.0-4.0","0sqdoc","Tue Sep 27 2022 07:22:40 GMT+0200 (CEST)","2022","9","27","7","22","40","qwe12","Sleeping, Resting","Sensory awareness","63","49","male","right","96","75","20","0","12","{""HeartRate"":""63""}","[0]","",""
"4658","","","survey-text","5","66910","0.0-5.0","0sqdoc","Tue Sep 27 2022 07:22:40 GMT+0200 (CEST)","2022","9","27","7","22","40","qwe12","Sleeping, Resting","Sensory awareness","63","49","male","right","96","75","20","0","12","{""Q0"":""49""}","","",""
"3301","","","survey-multi-choice","6","70213","0.0-6.0","0sqdoc","Tue Sep 27 2022 07:22:40 GMT+0200 (CEST)","2022","9","27","7","22","40","qwe12","Sleeping, Resting","Sensory awareness","63","49","male","right","96","75","20","0","12","{""Gender"":""male"",""Hand"":""right""}","[0,1]","",""
"6943","<p>How Sad/Angry or Happy are you right now?</p>","","html-slider-response","7","77162","0.0-7.0","0sqdoc","Tue Sep 27 2022 07:22:40 GMT+0200 (CEST)","2022","9","27","7","22","40","qwe12","Sleeping, Resting","Sensory awareness","63","49","male","right","96","75","20","0","12","","","50","96"
"4764","<p>How Tired/Sleepy/Distracted or Fresh/Awake/Alert are you right now?</p>","","html-slider-response","8","81929","0.0-8.0","0sqdoc","Tue Sep 27 2022 07:22:40 GMT+0200 (CEST)","2022","9","27","7","22","40","qwe12","Sleeping, Resting","Sensory awareness","63","49","male","right","96","75","20","0","12","","","50","75"
"6218.000000000015","<p>How Hungry or Satiated are you right now?</p>","","html-slider-response","9","88149","0.0-9.0","0sqdoc","Tue Sep 27 2022 07:22:40 GMT+0200 (CEST)","2022","9","27","7","22","40","qwe12","Sleeping, Resting","Sensory awareness","63","49","male","right","96","75","20","0","12","","","50","20"
"41765.000000000015","","","survey-multi-choice","10","129919","0.0-10.0","0sqdoc","Tue Sep 27 2022 07:22:40 GMT+0200 (CEST)","2022","9","27","7","22","40","qwe12","Sleeping, Resting","Sensory awareness","63","49","male","right","96","75","20","0","12","{""Sleep"":""0"",""Eat"":""12""}","[0,1]","",""
