"rt","stimulus","key_press","trial_type","trial_index","time_elapsed","internal_node_id","exp_id","Time","year","month","date","hour","minute","seconds","id","Activity","MentalActivity","HeartRate","age","Gender","Handedness","mood","fresh","hunger","H_since_Sleep","H_since_Eat","responses","question_order","slider_start","response"
"null","<p>Welcome to this 1 min. survey on daily rhythms, body and mood.</p><p>You will be asked to report your heart-rate</p><p>and given some questions about yourself.</p><p>Take the test when prompted and/or at different times of the day/night.</p><p>Please make a personal ID (three letters+ two numbers, e.g. ept23).</p><p>Write it down and use this ID whenever taking the test.</p>","null","html-keyboard-response","0","10036","0.0-0.0","6k3sjq","Fri Sep 09 2022 14:21:26 GMT+0200 (Centraleuropæisk sommertid)","2022","9","9","14","21","26","rex13","Working, Studying","Inner voice","66","24","male","right","40","42","10","6","5","","","",""
"38669.10000000149","","","survey-text","1","48757","0.0-1.0","6k3sjq","Fri Sep 09 2022 14:21:26 GMT+0200 (Centraleuropæisk sommertid)","2022","9","9","14","21","26","rex13","Working, Studying","Inner voice","66","24","male","right","40","42","10","6","5","{""Q0"":""rex13""}","","",""
"8112.60000000149","","","survey-multi-choice","2","56894","0.0-2.0","6k3sjq","Fri Sep 09 2022 14:21:26 GMT+0200 (Centraleuropæisk sommertid)","2022","9","9","14","21","26","rex13","Working, Studying","Inner voice","66","24","male","right","40","42","10","6","5","{""Activity"":""Working, Studying""}","[0]","",""
"4164.19999999553","","","survey-multi-choice","3","61070","0.0-3.0","6k3sjq","Fri Sep 09 2022 14:21:26 GMT+0200 (Centraleuropæisk sommertid)","2022","9","9","14","21","26","rex13","Working, Studying","Inner voice","66","24","male","right","40","42","10","6","5","{""MentalActivity"":""Inner voice""}","[0]","",""
"80259.90000000596","","","survey-multi-choice","4","141353","0.0-4.0","6k3sjq","Fri Sep 09 2022 14:21:26 GMT+0200 (Centraleuropæisk sommertid)","2022","9","9","14","21","26","rex13","Working, Studying","Inner voice","66","24","male","right","40","42","10","6","5","{""HeartRate"":""66""}","[0]","",""
"3699.4000000059605","","","survey-text","5","145076","0.0-5.0","6k3sjq","Fri Sep 09 2022 14:21:26 GMT+0200 (Centraleuropæisk sommertid)","2022","9","9","14","21","26","rex13","Working, Studying","Inner voice","66","24","male","right","40","42","10","6","5","{""Q0"":""24""}","","",""
"2377.89999999851","","","survey-multi-choice","6","147471","0.0-6.0","6k3sjq","Fri Sep 09 2022 14:21:26 GMT+0200 (Centraleuropæisk sommertid)","2022","9","9","14","21","26","rex13","Working, Studying","Inner voice","66","24","male","right","40","42","10","6","5","{""Gender"":""male"",""Hand"":""right""}","[0,1]","",""
"3317","<p>How Sad/Angry or Happy are you right now?</p>","","html-slider-response","7","150803","0.0-7.0","6k3sjq","Fri Sep 09 2022 14:21:26 GMT+0200 (Centraleuropæisk sommertid)","2022","9","9","14","21","26","rex13","Working, Studying","Inner voice","66","24","male","right","40","42","10","6","5","","","50","40"
"2978.2999999970198","<p>How Tired/Sleepy/Distracted or Fresh/Awake/Alert are you right now?</p>","","html-slider-response","8","153788","0.0-8.0","6k3sjq","Fri Sep 09 2022 14:21:26 GMT+0200 (Centraleuropæisk sommertid)","2022","9","9","14","21","26","rex13","Working, Studying","Inner voice","66","24","male","right","40","42","10","6","5","","","50","42"
"2821","<p>How Hungry or Satiated are you right now?</p>","","html-slider-response","9","156618","0.0-9.0","6k3sjq","Fri Sep 09 2022 14:21:26 GMT+0200 (Centraleuropæisk sommertid)","2022","9","9","14","21","26","rex13","Working, Studying","Inner voice","66","24","male","right","40","42","10","6","5","","","50","10"
"25276.39999999851","","","survey-multi-choice","10","181908","0.0-10.0","6k3sjq","Fri Sep 09 2022 14:21:26 GMT+0200 (Centraleuropæisk sommertid)","2022","9","9","14","21","26","rex13","Working, Studying","Inner voice","66","24","male","right","40","42","10","6","5","{""Sleep"":""6"",""Eat"":""5""}","[0,1]","",""
