"rt","stimulus","key_press","trial_type","trial_index","time_elapsed","internal_node_id","exp_id","Time","year","month","date","hour","minute","seconds","id","Activity","MentalActivity","HeartRate","age","Gender","Handedness","mood","fresh","hunger","H_since_Sleep","H_since_Eat","responses","question_order","slider_start","response"
"null","<p>Welcome to this 1 min. survey on daily rhythms, body and mood.</p><p>You will be asked to report your heart-rate</p><p>and given some questions about yourself.</p><p>Take the test when prompted and/or at different times of the day/night.</p><p>Please make a personal ID (three letters+ two numbers, e.g. ept23).</p><p>Write it down and use this ID whenever taking the test.</p>","null","html-keyboard-response","0","10006","0.0-0.0","mhfy0x","Mon Sep 12 2022 20:19:15 GMT+0200 (CEST)","2022","9","12","20","19","15","pid10","Going out into nature","Inner voice","105","23","female","right","62","87","50","13","1","","","",""
"8350","","","survey-text","1","18379","0.0-1.0","mhfy0x","Mon Sep 12 2022 20:19:15 GMT+0200 (CEST)","2022","9","12","20","19","15","pid10","Going out into nature","Inner voice","105","23","female","right","62","87","50","13","1","{""Q0"":""pid10""}","","",""
"35249","","","survey-multi-choice","2","53632","0.0-2.0","mhfy0x","Mon Sep 12 2022 20:19:15 GMT+0200 (CEST)","2022","9","12","20","19","15","pid10","Going out into nature","Inner voice","105","23","female","right","62","87","50","13","1","{""Activity"":""Going out into nature""}","[0]","",""
"14511","","","survey-multi-choice","3","68145","0.0-3.0","mhfy0x","Mon Sep 12 2022 20:19:15 GMT+0200 (CEST)","2022","9","12","20","19","15","pid10","Going out into nature","Inner voice","105","23","female","right","62","87","50","13","1","{""MentalActivity"":""Inner voice""}","[0]","",""
"7704","","","survey-multi-choice","4","75856","0.0-4.0","mhfy0x","Mon Sep 12 2022 20:19:15 GMT+0200 (CEST)","2022","9","12","20","19","15","pid10","Going out into nature","Inner voice","105","23","female","right","62","87","50","13","1","{""HeartRate"":""105""}","[0]","",""
"3278","","","survey-text","5","79143","0.0-5.0","mhfy0x","Mon Sep 12 2022 20:19:15 GMT+0200 (CEST)","2022","9","12","20","19","15","pid10","Going out into nature","Inner voice","105","23","female","right","62","87","50","13","1","{""Q0"":""23""}","","",""
"3988","","","survey-multi-choice","6","83133","0.0-6.0","mhfy0x","Mon Sep 12 2022 20:19:15 GMT+0200 (CEST)","2022","9","12","20","19","15","pid10","Going out into nature","Inner voice","105","23","female","right","62","87","50","13","1","{""Gender"":""female"",""Hand"":""right""}","[0,1]","",""
"3931","<p>How Sad/Angry or Happy are you right now?</p>","","html-slider-response","7","87071","0.0-7.0","mhfy0x","Mon Sep 12 2022 20:19:15 GMT+0200 (CEST)","2022","9","12","20","19","15","pid10","Going out into nature","Inner voice","105","23","female","right","62","87","50","13","1","","","50","62"
"5769","<p>How Tired/Sleepy/Distracted or Fresh/Awake/Alert are you right now?</p>","","html-slider-response","8","92844","0.0-8.0","mhfy0x","Mon Sep 12 2022 20:19:15 GMT+0200 (CEST)","2022","9","12","20","19","15","pid10","Going out into nature","Inner voice","105","23","female","right","62","87","50","13","1","","","50","87"
"6974.000000000015","<p>How Hungry or Satiated are you right now?</p>","","html-slider-response","9","99825","0.0-9.0","mhfy0x","Mon Sep 12 2022 20:19:15 GMT+0200 (CEST)","2022","9","12","20","19","15","pid10","Going out into nature","Inner voice","105","23","female","right","62","87","50","13","1","","","50","50"
"31553","","","survey-multi-choice","10","131382","0.0-10.0","mhfy0x","Mon Sep 12 2022 20:19:15 GMT+0200 (CEST)","2022","9","12","20","19","15","pid10","Going out into nature","Inner voice","105","23","female","right","62","87","50","13","1","{""Sleep"":""13"",""Eat"":""1""}","[0,1]","",""
