"rt","stimulus","key_press","trial_type","trial_index","time_elapsed","internal_node_id","exp_id","Time","year","month","date","hour","minute","seconds","id","Activity","MentalActivity","HeartRate","age","Gender","Handedness","mood","fresh","hunger","H_since_Sleep","H_since_Eat","responses","question_order","slider_start","response"
"null","<p>Welcome to this 1 min. survey on daily rhythms, body and mood.</p><p>You will be asked to report your heart-rate</p><p>and given some questions about yourself.</p><p>Take the test when prompted and/or at different times of the day/night.</p><p>Please make a personal ID (three letters+ two numbers, e.g. ept23).</p><p>Write it down and use this ID whenever taking the test.</p>","null","html-keyboard-response","0","10005","0.0-0.0","zqqq7b","Tue Sep 13 2022 14:19:54 GMT+0200 (Central European Summer Time)","2022","9","13","14","19","54","ESG44","Eating","Inner seeing","79","25","female","right","62","39","31","7","0","","","",""
"10416.699999999255","","","survey-text","1","20440","0.0-1.0","zqqq7b","Tue Sep 13 2022 14:19:54 GMT+0200 (Central European Summer Time)","2022","9","13","14","19","54","ESG44","Eating","Inner seeing","79","25","female","right","62","39","31","7","0","{""Q0"":""ESG44""}","","",""
"11872.599999997765","","","survey-multi-choice","2","32323","0.0-2.0","zqqq7b","Tue Sep 13 2022 14:19:54 GMT+0200 (Central European Summer Time)","2022","9","13","14","19","54","ESG44","Eating","Inner seeing","79","25","female","right","62","39","31","7","0","{""Activity"":""Eating""}","[0]","",""
"10197.60000000149","","","survey-multi-choice","3","42528","0.0-3.0","zqqq7b","Tue Sep 13 2022 14:19:54 GMT+0200 (Central European Summer Time)","2022","9","13","14","19","54","ESG44","Eating","Inner seeing","79","25","female","right","62","39","31","7","0","{""MentalActivity"":""Inner seeing""}","[0]","",""
"4417.900000002235","","","survey-multi-choice","4","46964","0.0-4.0","zqqq7b","Tue Sep 13 2022 14:19:54 GMT+0200 (Central European Summer Time)","2022","9","13","14","19","54","ESG44","Eating","Inner seeing","79","25","female","right","62","39","31","7","0","{""HeartRate"":""79""}","[0]","",""
"2845.099999997765","","","survey-text","5","49827","0.0-5.0","zqqq7b","Tue Sep 13 2022 14:19:54 GMT+0200 (Central European Summer Time)","2022","9","13","14","19","54","ESG44","Eating","Inner seeing","79","25","female","right","62","39","31","7","0","{""Q0"":""25""}","","",""
"3990","","","survey-multi-choice","6","53833","0.0-6.0","zqqq7b","Tue Sep 13 2022 14:19:54 GMT+0200 (Central European Summer Time)","2022","9","13","14","19","54","ESG44","Eating","Inner seeing","79","25","female","right","62","39","31","7","0","{""Gender"":""female"",""Hand"":""right""}","[0,1]","",""
"6878.300000000745","<p>How Sad/Angry or Happy are you right now?</p>","","html-slider-response","7","60721","0.0-7.0","zqqq7b","Tue Sep 13 2022 14:19:54 GMT+0200 (Central European Summer Time)","2022","9","13","14","19","54","ESG44","Eating","Inner seeing","79","25","female","right","62","39","31","7","0","","","50","62"
"4999.5","<p>How Tired/Sleepy/Distracted or Fresh/Awake/Alert are you right now?</p>","","html-slider-response","8","65726","0.0-8.0","zqqq7b","Tue Sep 13 2022 14:19:54 GMT+0200 (Central European Summer Time)","2022","9","13","14","19","54","ESG44","Eating","Inner seeing","79","25","female","right","62","39","31","7","0","","","50","39"
"4585.900000002235","<p>How Hungry or Satiated are you right now?</p>","","html-slider-response","9","70318","0.0-9.0","zqqq7b","Tue Sep 13 2022 14:19:54 GMT+0200 (Central European Summer Time)","2022","9","13","14","19","54","ESG44","Eating","Inner seeing","79","25","female","right","62","39","31","7","0","","","50","31"
"21774.5","","","survey-multi-choice","10","92106","0.0-10.0","zqqq7b","Tue Sep 13 2022 14:19:54 GMT+0200 (Central European Summer Time)","2022","9","13","14","19","54","ESG44","Eating","Inner seeing","79","25","female","right","62","39","31","7","0","{""Sleep"":""7"",""Eat"":""0""}","[0,1]","",""
