"rt","stimulus","key_press","trial_type","trial_index","time_elapsed","internal_node_id","exp_id","Time","year","month","date","hour","minute","seconds","id","Activity","MentalActivity","HeartRate","age","Gender","Handedness","mood","fresh","hunger","H_since_Sleep","H_since_Eat","responses","question_order","slider_start","response"
"null","<p>Welcome to this 1 min. survey on daily rhythms, body and mood.</p><p>You will be asked to report your heart-rate</p><p>and given some questions about yourself.</p><p>Take the test when prompted and/or at different times of the day/night.</p><p>Please make a personal ID (three letters+ two numbers, e.g. ept23).</p><p>Write it down and use this ID whenever taking the test.</p>","null","html-keyboard-response","0","10007","0.0-0.0","t5oo8u","Sun Nov 13 2022 23:12:51 GMT+0100 (Centraleuropæisk normaltid)","2022","11","13","23","12","51","qwe12","Sleeping, Resting","Inner voice","69","49","male","right","68","26","47","15","5","","","",""
"7488.999999999998","","","survey-text","1","17512","0.0-1.0","t5oo8u","Sun Nov 13 2022 23:12:51 GMT+0100 (Centraleuropæisk normaltid)","2022","11","13","23","12","51","qwe12","Sleeping, Resting","Inner voice","69","49","male","right","68","26","47","15","5","{""Q0"":""qwe12""}","","",""
"12561.999999999996","","","survey-multi-choice","2","30078","0.0-2.0","t5oo8u","Sun Nov 13 2022 23:12:51 GMT+0100 (Centraleuropæisk normaltid)","2022","11","13","23","12","51","qwe12","Sleeping, Resting","Inner voice","69","49","male","right","68","26","47","15","5","{""Activity"":""Sleeping, Resting""}","[0]","",""
"3801.9999999999964","","","survey-multi-choice","3","33881","0.0-3.0","t5oo8u","Sun Nov 13 2022 23:12:51 GMT+0100 (Centraleuropæisk normaltid)","2022","11","13","23","12","51","qwe12","Sleeping, Resting","Inner voice","69","49","male","right","68","26","47","15","5","{""MentalActivity"":""Inner voice""}","[0]","",""
"27257","","","survey-multi-choice","4","61144","0.0-4.0","t5oo8u","Sun Nov 13 2022 23:12:51 GMT+0100 (Centraleuropæisk normaltid)","2022","11","13","23","12","51","qwe12","Sleeping, Resting","Inner voice","69","49","male","right","68","26","47","15","5","{""HeartRate"":""69""}","[0]","",""
"4999","","","survey-text","5","66153","0.0-5.0","t5oo8u","Sun Nov 13 2022 23:12:51 GMT+0100 (Centraleuropæisk normaltid)","2022","11","13","23","12","51","qwe12","Sleeping, Resting","Inner voice","69","49","male","right","68","26","47","15","5","{""Q0"":""49""}","","",""
"3936.9999999999854","","","survey-multi-choice","6","70101","0.0-6.0","t5oo8u","Sun Nov 13 2022 23:12:51 GMT+0100 (Centraleuropæisk normaltid)","2022","11","13","23","12","51","qwe12","Sleeping, Resting","Inner voice","69","49","male","right","68","26","47","15","5","{""Gender"":""male"",""Hand"":""right""}","[0,1]","",""
"4653","<p>How Sad/Angry or Happy are you right now?</p>","","html-slider-response","7","74760","0.0-7.0","t5oo8u","Sun Nov 13 2022 23:12:51 GMT+0100 (Centraleuropæisk normaltid)","2022","11","13","23","12","51","qwe12","Sleeping, Resting","Inner voice","69","49","male","right","68","26","47","15","5","","","50","68"
"7786.000000000015","<p>How Tired/Sleepy/Distracted or Fresh/Awake/Alert are you right now?</p>","","html-slider-response","8","82547","0.0-8.0","t5oo8u","Sun Nov 13 2022 23:12:51 GMT+0100 (Centraleuropæisk normaltid)","2022","11","13","23","12","51","qwe12","Sleeping, Resting","Inner voice","69","49","male","right","68","26","47","15","5","","","50","26"
"6050","<p>How Hungry or Satiated are you right now?</p>","","html-slider-response","9","88599","0.0-9.0","t5oo8u","Sun Nov 13 2022 23:12:51 GMT+0100 (Centraleuropæisk normaltid)","2022","11","13","23","12","51","qwe12","Sleeping, Resting","Inner voice","69","49","male","right","68","26","47","15","5","","","50","47"
"55792","","","survey-multi-choice","10","144394","0.0-10.0","t5oo8u","Sun Nov 13 2022 23:12:51 GMT+0100 (Centraleuropæisk normaltid)","2022","11","13","23","12","51","qwe12","Sleeping, Resting","Inner voice","69","49","male","right","68","26","47","15","5","{""Sleep"":""15"",""Eat"":""5""}","[0,1]","",""
