"rt","stimulus","key_press","trial_type","trial_index","time_elapsed","internal_node_id","exp_id","Time","year","month","date","hour","minute","seconds","id","Activity","MentalActivity","HeartRate","age","Gender","Handedness","mood","fresh","hunger","H_since_Sleep","H_since_Eat","responses","question_order","slider_start","response"
"null","<p>Welcome to this 1 min. survey on daily rhythms, body and mood.</p><p>You will be asked to report your heart-rate</p><p>and given some questions about yourself.</p><p>Take the test when prompted and/or at different times of the day/night.</p><p>Please make a personal ID (three letters+ two numbers, e.g. ept23).</p><p>Write it down and use this ID whenever taking the test.</p>","null","html-keyboard-response","0","10007","0.0-0.0","h6jvhs","Sat Sep 24 2022 10:03:37 GMT+0200 (CEST)","2022","9","24","10","3","37","hej12","Listening to music","Unsymbolized thinking","84","25","female","right","70","71","19","1","14","","","",""
"11381","","","survey-text","1","21403","0.0-1.0","h6jvhs","Sat Sep 24 2022 10:03:37 GMT+0200 (CEST)","2022","9","24","10","3","37","hej12","Listening to music","Unsymbolized thinking","84","25","female","right","70","71","19","1","14","{""Q0"":""hej12""}","","",""
"10684","","","survey-multi-choice","2","32093","0.0-2.0","h6jvhs","Sat Sep 24 2022 10:03:37 GMT+0200 (CEST)","2022","9","24","10","3","37","hej12","Listening to music","Unsymbolized thinking","84","25","female","right","70","71","19","1","14","{""Activity"":""Listening to music""}","[0]","",""
"7552","","","survey-multi-choice","3","39647","0.0-3.0","h6jvhs","Sat Sep 24 2022 10:03:37 GMT+0200 (CEST)","2022","9","24","10","3","37","hej12","Listening to music","Unsymbolized thinking","84","25","female","right","70","71","19","1","14","{""MentalActivity"":""Unsymbolized thinking""}","[0]","",""
"4542","","","survey-multi-choice","4","44198","0.0-4.0","h6jvhs","Sat Sep 24 2022 10:03:37 GMT+0200 (CEST)","2022","9","24","10","3","37","hej12","Listening to music","Unsymbolized thinking","84","25","female","right","70","71","19","1","14","{""HeartRate"":""84""}","[0]","",""
"5280.000000000007","","","survey-text","5","49488","0.0-5.0","h6jvhs","Sat Sep 24 2022 10:03:37 GMT+0200 (CEST)","2022","9","24","10","3","37","hej12","Listening to music","Unsymbolized thinking","84","25","female","right","70","71","19","1","14","{""Q0"":""25""}","","",""
"5198","","","survey-multi-choice","6","54689","0.0-6.0","h6jvhs","Sat Sep 24 2022 10:03:37 GMT+0200 (CEST)","2022","9","24","10","3","37","hej12","Listening to music","Unsymbolized thinking","84","25","female","right","70","71","19","1","14","{""Gender"":""female"",""Hand"":""right""}","[0,1]","",""
"3839","<p>How Sad/Angry or Happy are you right now?</p>","","html-slider-response","7","58532","0.0-7.0","h6jvhs","Sat Sep 24 2022 10:03:37 GMT+0200 (CEST)","2022","9","24","10","3","37","hej12","Listening to music","Unsymbolized thinking","84","25","female","right","70","71","19","1","14","","","50","70"
"7128","<p>How Tired/Sleepy/Distracted or Fresh/Awake/Alert are you right now?</p>","","html-slider-response","8","65664","0.0-8.0","h6jvhs","Sat Sep 24 2022 10:03:37 GMT+0200 (CEST)","2022","9","24","10","3","37","hej12","Listening to music","Unsymbolized thinking","84","25","female","right","70","71","19","1","14","","","50","71"
"5282","<p>How Hungry or Satiated are you right now?</p>","","html-slider-response","9","70949","0.0-9.0","h6jvhs","Sat Sep 24 2022 10:03:37 GMT+0200 (CEST)","2022","9","24","10","3","37","hej12","Listening to music","Unsymbolized thinking","84","25","female","right","70","71","19","1","14","","","50","19"
"19758","","","survey-multi-choice","10","90713","0.0-10.0","h6jvhs","Sat Sep 24 2022 10:03:37 GMT+0200 (CEST)","2022","9","24","10","3","37","hej12","Listening to music","Unsymbolized thinking","84","25","female","right","70","71","19","1","14","{""Sleep"":""1"",""Eat"":""14""}","[0,1]","",""
