"rt","stimulus","key_press","trial_type","trial_index","time_elapsed","internal_node_id","exp_id","Time","year","month","date","hour","minute","seconds","id","Activity","MentalActivity","HeartRate","age","Gender","Handedness","mood","fresh","hunger","H_since_Sleep","H_since_Eat","responses","question_order","slider_start","response"
"null","<p>Welcome to this 1 min. survey on daily rhythms, body and mood.</p><p>You will be asked to report your heart-rate</p><p>and given some questions about yourself.</p><p>Take the test when prompted and/or at different times of the day/night.</p><p>Please make a personal ID (three letters+ two numbers, e.g. ept23).</p><p>Write it down and use this ID whenever taking the test.</p>","null","html-keyboard-response","0","10020","0.0-0.0","kf9ytx","Fri Oct 21 2022 11:40:01 GMT+0200 (CEST)","2022","10","21","11","40","1","yfg54","Watching TV","Inner voice","66","23","female","right","83","75","36","5","1","","","",""
"9855","","","survey-text","1","19995","0.0-1.0","kf9ytx","Fri Oct 21 2022 11:40:01 GMT+0200 (CEST)","2022","10","21","11","40","1","yfg54","Watching TV","Inner voice","66","23","female","right","83","75","36","5","1","{""Q0"":""yfg54""}","","",""
"4511","","","survey-multi-choice","2","24514","0.0-2.0","kf9ytx","Fri Oct 21 2022 11:40:01 GMT+0200 (CEST)","2022","10","21","11","40","1","yfg54","Watching TV","Inner voice","66","23","female","right","83","75","36","5","1","{""Activity"":""Watching TV""}","[0]","",""
"3813","","","survey-multi-choice","3","28332","0.0-3.0","kf9ytx","Fri Oct 21 2022 11:40:01 GMT+0200 (CEST)","2022","10","21","11","40","1","yfg54","Watching TV","Inner voice","66","23","female","right","83","75","36","5","1","{""MentalActivity"":""Inner voice""}","[0]","",""
"74434","","","survey-multi-choice","4","102778","0.0-4.0","kf9ytx","Fri Oct 21 2022 11:40:01 GMT+0200 (CEST)","2022","10","21","11","40","1","yfg54","Watching TV","Inner voice","66","23","female","right","83","75","36","5","1","{""HeartRate"":""66""}","[0]","",""
"3129","","","survey-text","5","105923","0.0-5.0","kf9ytx","Fri Oct 21 2022 11:40:01 GMT+0200 (CEST)","2022","10","21","11","40","1","yfg54","Watching TV","Inner voice","66","23","female","right","83","75","36","5","1","{""Q0"":""23""}","","",""
"3380","","","survey-multi-choice","6","109308","0.0-6.0","kf9ytx","Fri Oct 21 2022 11:40:01 GMT+0200 (CEST)","2022","10","21","11","40","1","yfg54","Watching TV","Inner voice","66","23","female","right","83","75","36","5","1","{""Gender"":""female"",""Hand"":""right""}","[0,1]","",""
"4084","<p>How Sad/Angry or Happy are you right now?</p>","","html-slider-response","7","113404","0.0-7.0","kf9ytx","Fri Oct 21 2022 11:40:01 GMT+0200 (CEST)","2022","10","21","11","40","1","yfg54","Watching TV","Inner voice","66","23","female","right","83","75","36","5","1","","","50","83"
"4757","<p>How Tired/Sleepy/Distracted or Fresh/Awake/Alert are you right now?</p>","","html-slider-response","8","118164","0.0-8.0","kf9ytx","Fri Oct 21 2022 11:40:01 GMT+0200 (CEST)","2022","10","21","11","40","1","yfg54","Watching TV","Inner voice","66","23","female","right","83","75","36","5","1","","","50","75"
"3999","<p>How Hungry or Satiated are you right now?</p>","","html-slider-response","9","122167","0.0-9.0","kf9ytx","Fri Oct 21 2022 11:40:01 GMT+0200 (CEST)","2022","10","21","11","40","1","yfg54","Watching TV","Inner voice","66","23","female","right","83","75","36","5","1","","","50","36"
"45590","","","survey-multi-choice","10","167766","0.0-10.0","kf9ytx","Fri Oct 21 2022 11:40:01 GMT+0200 (CEST)","2022","10","21","11","40","1","yfg54","Watching TV","Inner voice","66","23","female","right","83","75","36","5","1","{""Sleep"":""5"",""Eat"":""1""}","[0,1]","",""
