"rt","stimulus","key_press","trial_type","trial_index","time_elapsed","internal_node_id","exp_id","Time","year","month","date","hour","minute","seconds","id","Activity","MentalActivity","HeartRate","age","Gender","Handedness","mood","fresh","hunger","H_since_Sleep","H_since_Eat","responses","question_order","slider_start","response"
"null","<p>Welcome to this 1 min. survey on daily rhythms, body and mood.</p><p>You will be asked to report your heart-rate</p><p>and given some questions about yourself.</p><p>Take the test when prompted and/or at different times of the day/night.</p><p>Please make a personal ID (three letters+ two numbers, e.g. ept23).</p><p>Write it down and use this ID whenever taking the test.</p>","null","html-keyboard-response","0","10025","0.0-0.0","8eogce","Fri Oct 14 2022 21:47:36 GMT+0200 (Centraleuropæisk sommertid)","2022","10","14","21","47","36","Cic22","Eating","Inner voice","70","22","female","right","88","41","95","12","0","","","",""
"18953.30000001192","","","survey-text","1","29025","0.0-1.0","8eogce","Fri Oct 14 2022 21:47:36 GMT+0200 (Centraleuropæisk sommertid)","2022","10","14","21","47","36","Cic22","Eating","Inner voice","70","22","female","right","88","41","95","12","0","{""Q0"":""Cic22""}","","",""
"10143.40000000596","","","survey-multi-choice","2","39181","0.0-2.0","8eogce","Fri Oct 14 2022 21:47:36 GMT+0200 (Centraleuropæisk sommertid)","2022","10","14","21","47","36","Cic22","Eating","Inner voice","70","22","female","right","88","41","95","12","0","{""Activity"":""Eating""}","[0]","",""
"2528.5999999940395","","","survey-multi-choice","3","41716","0.0-3.0","8eogce","Fri Oct 14 2022 21:47:36 GMT+0200 (Centraleuropæisk sommertid)","2022","10","14","21","47","36","Cic22","Eating","Inner voice","70","22","female","right","88","41","95","12","0","{""MentalActivity"":""Inner voice""}","[0]","",""
"14430","","","survey-multi-choice","4","56177","0.0-4.0","8eogce","Fri Oct 14 2022 21:47:36 GMT+0200 (Centraleuropæisk sommertid)","2022","10","14","21","47","36","Cic22","Eating","Inner voice","70","22","female","right","88","41","95","12","0","{""HeartRate"":""70""}","[0]","",""
"3078.300000011921","","","survey-text","5","59271","0.0-5.0","8eogce","Fri Oct 14 2022 21:47:36 GMT+0200 (Centraleuropæisk sommertid)","2022","10","14","21","47","36","Cic22","Eating","Inner voice","70","22","female","right","88","41","95","12","0","{""Q0"":""22""}","","",""
"6175.799999982119","","","survey-multi-choice","6","65456","0.0-6.0","8eogce","Fri Oct 14 2022 21:47:36 GMT+0200 (Centraleuropæisk sommertid)","2022","10","14","21","47","36","Cic22","Eating","Inner voice","70","22","female","right","88","41","95","12","0","{""Gender"":""female"",""Hand"":""right""}","[0,1]","",""
"3543.699999988079","<p>How Sad/Angry or Happy are you right now?</p>","","html-slider-response","7","69016","0.0-7.0","8eogce","Fri Oct 14 2022 21:47:36 GMT+0200 (Centraleuropæisk sommertid)","2022","10","14","21","47","36","Cic22","Eating","Inner voice","70","22","female","right","88","41","95","12","0","","","50","88"
"4455.800000011921","<p>How Tired/Sleepy/Distracted or Fresh/Awake/Alert are you right now?</p>","","html-slider-response","8","73479","0.0-8.0","8eogce","Fri Oct 14 2022 21:47:36 GMT+0200 (Centraleuropæisk sommertid)","2022","10","14","21","47","36","Cic22","Eating","Inner voice","70","22","female","right","88","41","95","12","0","","","50","41"
"4837.9000000059605","<p>How Hungry or Satiated are you right now?</p>","","html-slider-response","9","78325","0.0-9.0","8eogce","Fri Oct 14 2022 21:47:36 GMT+0200 (Centraleuropæisk sommertid)","2022","10","14","21","47","36","Cic22","Eating","Inner voice","70","22","female","right","88","41","95","12","0","","","50","95"
"15870.899999976158","","","survey-multi-choice","10","94217","0.0-10.0","8eogce","Fri Oct 14 2022 21:47:36 GMT+0200 (Centraleuropæisk sommertid)","2022","10","14","21","47","36","Cic22","Eating","Inner voice","70","22","female","right","88","41","95","12","0","{""Sleep"":""12"",""Eat"":""0""}","[0,1]","",""
