"rt","stimulus","key_press","trial_type","trial_index","time_elapsed","internal_node_id","exp_id","Time","year","month","date","hour","minute","seconds","id","Activity","MentalActivity","HeartRate","age","Gender","Handedness","mood","fresh","hunger","H_since_Sleep","H_since_Eat","responses","question_order","slider_start","response"
"null","<p>Welcome to this 1 min. survey on daily rhythms, body and mood.</p><p>You will be asked to report your heart-rate</p><p>and given some questions about yourself.</p><p>Take the test when prompted and/or at different times of the day/night.</p><p>Please make a personal ID (three letters+ two numbers, e.g. ept23).</p><p>Write it down and use this ID whenever taking the test.</p>","null","html-keyboard-response","0","10008","0.0-0.0","t4uduk","Fri Oct 14 2022 22:12:56 GMT+0200 (CEST)","2022","10","14","22","12","56","pid10","Watching TV","Unsymbolized thinking","69","23","female","right","56","10","44","15","3","","","",""
"6760","","","survey-text","1","16790","0.0-1.0","t4uduk","Fri Oct 14 2022 22:12:56 GMT+0200 (CEST)","2022","10","14","22","12","56","pid10","Watching TV","Unsymbolized thinking","69","23","female","right","56","10","44","15","3","{""Q0"":""pid10""}","","",""
"9589","","","survey-multi-choice","2","26383","0.0-2.0","t4uduk","Fri Oct 14 2022 22:12:56 GMT+0200 (CEST)","2022","10","14","22","12","56","pid10","Watching TV","Unsymbolized thinking","69","23","female","right","56","10","44","15","3","{""Activity"":""Watching TV""}","[0]","",""
"11013","","","survey-multi-choice","3","37398","0.0-3.0","t4uduk","Fri Oct 14 2022 22:12:56 GMT+0200 (CEST)","2022","10","14","22","12","56","pid10","Watching TV","Unsymbolized thinking","69","23","female","right","56","10","44","15","3","{""MentalActivity"":""Unsymbolized thinking""}","[0]","",""
"9798","","","survey-multi-choice","4","47203","0.0-4.0","t4uduk","Fri Oct 14 2022 22:12:56 GMT+0200 (CEST)","2022","10","14","22","12","56","pid10","Watching TV","Unsymbolized thinking","69","23","female","right","56","10","44","15","3","{""HeartRate"":""69""}","[0]","",""
"3227.0000000000073","","","survey-text","5","50438","0.0-5.0","t4uduk","Fri Oct 14 2022 22:12:56 GMT+0200 (CEST)","2022","10","14","22","12","56","pid10","Watching TV","Unsymbolized thinking","69","23","female","right","56","10","44","15","3","{""Q0"":""23""}","","",""
"3838.9999999999927","","","survey-multi-choice","6","54280","0.0-6.0","t4uduk","Fri Oct 14 2022 22:12:56 GMT+0200 (CEST)","2022","10","14","22","12","56","pid10","Watching TV","Unsymbolized thinking","69","23","female","right","56","10","44","15","3","{""Gender"":""female"",""Hand"":""right""}","[0,1]","",""
"5468","<p>How Sad/Angry or Happy are you right now?</p>","","html-slider-response","7","59754","0.0-7.0","t4uduk","Fri Oct 14 2022 22:12:56 GMT+0200 (CEST)","2022","10","14","22","12","56","pid10","Watching TV","Unsymbolized thinking","69","23","female","right","56","10","44","15","3","","","50","56"
"5415","<p>How Tired/Sleepy/Distracted or Fresh/Awake/Alert are you right now?</p>","","html-slider-response","8","65173","0.0-8.0","t4uduk","Fri Oct 14 2022 22:12:56 GMT+0200 (CEST)","2022","10","14","22","12","56","pid10","Watching TV","Unsymbolized thinking","69","23","female","right","56","10","44","15","3","","","50","10"
"4833","<p>How Hungry or Satiated are you right now?</p>","","html-slider-response","9","70009","0.0-9.0","t4uduk","Fri Oct 14 2022 22:12:56 GMT+0200 (CEST)","2022","10","14","22","12","56","pid10","Watching TV","Unsymbolized thinking","69","23","female","right","56","10","44","15","3","","","50","44"
"18483","","","survey-multi-choice","10","88498","0.0-10.0","t4uduk","Fri Oct 14 2022 22:12:56 GMT+0200 (CEST)","2022","10","14","22","12","56","pid10","Watching TV","Unsymbolized thinking","69","23","female","right","56","10","44","15","3","{""Sleep"":""15"",""Eat"":""3""}","[0,1]","",""
